id,visto_utc,publicado_utc,fuente,idioma,alcance,titulo,resumen,url,equipos,tipo_hecho
c433e8f5b8d03d17,2026-09-02T03:29:27.416447+00:00,2026-09-02T01:08:15+00:00,ole_ar,es,argentina,Racing avanzó por un delantero para reemplazar a Solari,"Acordada el préstamo del extremo a Newell's, la Academia aceleró negociaciones para reforzarse con un atacante que juega de la Primera Nacional. Los detalles.",https://www.ole.com.ar/racing/racing-solari-leandro-cordoba_0_r3fScxcoyg.html,Racing Club,
cae73352d7632cf3,2026-09-02T03:29:27.416447+00:00,2026-09-02T00:58:27+00:00,ole_ar,es,argentina,"Con la partida de Freitas, ¿cuántos millones recaudó River por la venta de jugadores en los últimos cinco años?",El detalle de cómo River sumó ingresos por 245 millones de euros en 32 transferencias desde julio de 2021 hasta este mercado de pases.,https://www.ole.com.ar/river-plate/river-freitas-millones-venta-jugadores-anos_0_YqAJatE7Mm.html,Como;River Plate,
065f89c6c3017037,2026-09-02T03:29:27.416447+00:00,2026-09-02T00:43:24+00:00,ole_ar,es,argentina,"La insólita salida de Gorosito, la crisis sin fín y los entrenadores que son candidatos","En apenas dos meses y ocho partidos oficiales, la CD de San Lorenzo finalizó el ciclo de Pipo. El fútbol en el debe y varios nombres como opciones para el banco.",https://www.ole.com.ar/san-lorenzo/san-lorenzo-gorosito-fin-ciclo-expulsado_0_7g9N2jvhXR.html,Como;San Lorenzo,
b34a2a962c01cd7e,2026-09-02T03:29:27.416447+00:00,2026-09-02T00:14:06+00:00,ole_ar,es,argentina,Se enfría la búsqueda de River por un central: de qué depende,"Si bien la intención de la dirigencia era incorporar a un defensor en el cierre del mercado, la alternativa no correrá a menos que salga alguno. La posibilidad de conseguir un cupo extra por 10 días más.",https://www.ole.com.ar/river-plate/river-mercado-pases-defensor-central-incorporar-lautaro-rivero-venta-francisco-alvarez_0_IYWGdeFTBB.html,Central Córdoba;River Plate,
1547d992f2e137b9,2026-09-02T03:29:27.416447+00:00,2026-09-01T23:21:49+00:00,ole_ar,es,argentina,"Riquelme: ""La María tiene claro que tiene un hijo que no es chorro ni corrupto""","El presidente xeneize habló en la previa del partido de Copa Argentina y pasó por todos los temas. ""¿Qué tiene que ver el partido de Vélez contra Riestra con nosotros?"".",https://www.ole.com.ar/boca-juniors/boca-riquelme_0_pCql6FcDxK.html,Deportivo Riestra;Velez Sarsfield BA,
bfdae3eab51cf2e6,2026-09-02T03:29:27.416447+00:00,2026-09-01T23:12:23+00:00,ole_ar,es,argentina,"Dario Franco, el conductor de Gimnasia de Mendoza: la influencia de Bielsa, su paso por la Selección y el sueño de la Libertadores","De la lesión que lo dejó afuera de Estados Unidos 94 a hacer debutar a Paulo Dybala en Instituto, el cordobés atravesó una carrera marcada por grandes historias y desafíos tanto como jugador como DT. Ahora, busca escribir un nuevo capítulo en el Lobo.",https://www.ole.com.ar/gimnasia-de-mendoza/gimnasia-bielsa-franco-newells_0_mtVOHcVL0X.html,Como;Gimnasia La Plata;Instituto de Córdoba,lesion
3a11d765e8892fea,2026-09-02T03:29:27.416447+00:00,2026-09-01T22:43:42+00:00,ole_ar,es,argentina,"Freitas y una emotiva carta despedida de River: ""No pensé estar escribiendo esto...""","El delantero, ya presentado en el Flamengo, dejó el club menos de un año después de su debut en Primera. ""Me voy tranquilo"", escribió.",https://www.ole.com.ar/river-plate/river-joaquin-freitas-carta-despedida-flamengo-hinchas-transferencia-venta_0_FSEvtBJEEw.html,River Plate,
e9b9d6a9dd620062,2026-09-02T03:29:27.416447+00:00,2026-09-01T21:55:32+00:00,ole_ar,es,argentina,Sangría roja: Independiente vendió a Lomónaco,"El Rojo llegó a un acuerdo con el Elche de España, a cambio de 5.5 millones de dólares netos, en los que incluye la condonación de la deuda por Marcone. Se suma a la salida de Gutiérrez.",https://www.ole.com.ar/independiente/independiente-kevinlomonaco-elche_0_2NZ2Id1p14.html,Elche CF;Independiente,
c97a16a1e570c501,2026-09-02T03:29:27.416447+00:00,2026-09-01T21:51:16+00:00,ole_ar,es,argentina,Árbitros de la octava: algunas designaciones polémicas,Sigue Dóvalo pese a no expulsar a Leonel Flores. Nicolás Ramírez con River y Darío Herrera con Boca.,https://www.ole.com.ar/futbol-primera/afa-darioherrera-nicolasramirez-river-facundotello_0_KyixcGSeCP.html,River Plate,
01b21e1b06467d3f,2026-09-02T03:29:27.416447+00:00,2026-09-01T21:37:14+00:00,ole_ar,es,argentina,Un nuevo golpe para Huracán: se fracturó Pussetto,"Luego de los estudios correspondientes, se confirmó que el delantero sufrió una dura lesión en su mano y será baja por dos meses. Los detalles",https://www.ole.com.ar/huracan/ignacio-pussetto-huracan-fractura-mano_0_Jp1TDQt5ty.html,Atlético Huracán,baja|lesion
d49f597cfd3312b8,2026-09-02T03:29:27.416447+00:00,2026-09-02T07:11:48+00:00,globo_br,pt,brasil,Vice-presidente do Cruzeiro faz cobrança após eliminação na Copa do Brasil,"Atlético-MG 2 x 1 Cruzeiro | Melhores momentos | Quartas de final | Copa do Brasil 2026
Após a eliminação do Cruzeiro na Copa do Brasil, Pedro Junio, vice-presidente do clube, fez um pronunciamento breve assumindo a responsabilidade pela derrota para o Atlético-MG e fazendo uma cobrança. 
+ 🔍 Adicione o ge nas suas fontes favoritas do Google
- Estamos aqui para assumir toda a responsabilidade, tan",https://ge.globo.com/futebol/times/cruzeiro/noticia/2026/09/02/vice-presidente-do-cruzeiro-faz-cobranca-apos-eliminacao-na-copa-do-brasil.ghtml,,
dd1c9c034ae94865,2026-09-02T03:29:27.416447+00:00,2026-09-02T07:00:42+00:00,globo_br,pt,brasil,"Resumão da janela na Europa 2026: ""Big Six"" gasta quase R$ 12 bilhões em reforços; Real e Barça reagem","As cinco principais ligas da Europa investiram na janela de transferências de verão deste ano mais de 7,3 bilhões de euros — R$ 43,9 bilhões. E o período ficou marcado pela agressividade dos maiores clubes da Inglaterra no mercado. O chamado ""Big Six"" da Premier League, composto por Arsenal, Chelsea, Liverpool, Manchester City, Manchester United e Tottenham, gastou sozinho quase 2 bilhões de euros",https://ge.globo.com/futebol/futebol-internacional/noticia/2026/09/02/resumao-da-janela-na-europa-2026-big-six-gasta-quase-r-12-bilhoes-em-reforcos-real-e-barca-reagem.ghtml,Arsenal;Chelsea;Liverpool;Manchester City;Manchester United;Tottenham Hotspur,
a2638f646f7c61c7,2026-09-02T03:29:27.416447+00:00,2026-09-02T06:59:17+00:00,globo_br,pt,brasil,"Em áudio vazado, Massis cobra votação de contrato no Conselho do São Paulo: ""Não vai ter dinheiro""","Voz do Setorista: São Paulo define data para pagar atrasados com o elenco
Em um áudio vazado nesta terça-feira à noite, Harry Massis, presidente do São Paulo, reforçou a necessidade de o clube aprovar o contrato com a Ticketmaster, empresa escolhida para ser gestora da venda de ingressos do Morumbis. 
O contrato já foi aprovado pelo Conselho de Administração do São Paulo, mas ainda precisa passar ",https://ge.globo.com/futebol/times/sao-paulo/noticia/2026/09/01/em-audio-vazado-massis-cobra-votacao-de-contrato-no-conselho-do-sao-paulo-nao-vai-ter-dinheiro.ghtml,,
a1f03e11f4364165,2026-09-02T03:29:27.416447+00:00,2026-09-02T06:54:04+00:00,globo_br,pt,brasil,"Fred comanda virada do Atlético-MG e se declara: ""Nem nos meus melhores sonhos""","""Nem nos meus melhores eu imaginaria isso"", Fred após a classificação do Galo
A noite desta terça-feira foi triplamente especial para Fred. O volante marcou o primeiro gol pelo Atlético-MG, deu assistência para o de Victor Hugo - o primeiro da virada - e ajudou o time a garantir a classificação. Após a partida, o capitão se declarou ao clube do coração e dedicou a vitória ao grupo.
+ 🔍 Adicione o ",https://ge.globo.com/futebol/times/atletico-mg/noticia/2026/09/01/fred-marca-primeiro-gol-pelo-atletico-mg-e-se-declara-nem-nos-meus-melhores-sonhos.ghtml,,
23236e2c1812c753,2026-09-02T03:29:27.416447+00:00,2026-09-02T06:42:43+00:00,globo_br,pt,brasil,"Pivô de polêmica em Atlético-MG x Cruzeiro, Ruan posta mensagem e provoca com vídeo; veja","Atlético-MG provoca o Cruzeiro após classificação na Copa do Brasil
O zagueiro Ruan Tressoldi também se pronunciou nas redes sociais diante da classificação do Atlético-MG sobre o rival Cruzeiro. Pivô da principal polêmica no confronto, junto do atacante Kaio Jorge, o defensor postou uma mensagem nas redes sociais e provocou ao repostar um post do Galo. 
Atlético-MG x Cruzeiro - Melhores Momentos
",https://ge.globo.com/futebol/times/atletico-mg/noticia/2026/09/01/pivo-de-polemica-em-atletico-mg-x-cruzeiro-ruan-posta-mensagem-e-provoca-com-video-veja.ghtml,,
14a1b09a6098db72,2026-09-02T03:29:27.416447+00:00,2026-09-02T06:16:36+00:00,globo_br,pt,brasil,"Atuações do Cruzeiro: Villalba é expulso, e Artur Jorge tem peso em eliminação; dê suas notas","Aos 15 min do 2º tempo - cartão vermelho de Villalba do Cruzeiro contra o Atlético-MG
O Cruzeiro foi eliminado da Copa do Brasil após ser derrotado por 2 a 1 para o Atlético-MG. O time fazia jogo seguro, quando Villalba foi expulso. Depois, Artur Jorge tirou os três principais jogadores do time - Gerosn, Kaio Jorge e Matheus Pereira, deixando a equipe exposta e sem referência. Não suportou a press",https://ge.globo.com/futebol/times/cruzeiro/noticia/2026/09/01/atuacoes-do-cruzeiro-villalba-e-expulso-e-artur-jorge-tem-peso-em-eliminacao-de-suas-notas.ghtml,,
2e48502f4c52b368,2026-09-02T03:29:27.416447+00:00,2026-09-02T06:16:12+00:00,globo_br,pt,brasil,"Atlético-MG provoca o Cruzeiro: ""Esperei você nascer para ter com quem brincar""; veja reações","Atlético-MG provoca o Cruzeiro: ""Respeita teu pai""
O Atlético-MG virou sobre o Cruzeiro e eliminou o rival nas quartas de final da Copa do Brasil. Quase que imediatamente após o 2 a 1, na Arena MRV, o Galo iniciou as provocações. 
+ 🔍 Adicione o ge nas suas fontes favoritas do Google
Começou no telão do estádio. Nele, foi mostrado o mascote do clube acariciando um outro animal peludo no calo. No f",https://ge.globo.com/futebol/times/atletico-mg/noticia/2026/09/01/atletico-mg-provoca-o-cruzeiro-respeita-teu-pai-veja-outras-reacoes.ghtml,,
69f2ba64d0ddb47a,2026-09-02T03:29:27.416447+00:00,2026-09-02T06:10:22+00:00,globo_br,pt,brasil,Atuações do Atlético-MG: Fred assume protagonismo e resolve clássico; dê sua nota,"Aos 43 min do 2º tempo - gol de fora da área de Fred do Atlético-MG contra o Cruzeiro
O Atlético-MG buscou até o último minuto e bateu o Cruzeiro, de virada, por 2 a 1, na Arena MRV, e avançou à semifinal da Copa do Brasil. Fred assumiu o protagonismo e colocou o time na próxima fase. 
+ 🔍 Adicione o ge nas suas fontes favoritas do Google
Mais notícias do Atlético
Ruan deixa clássico depois de nov",https://ge.globo.com/futebol/times/atletico-mg/noticia/2026/09/01/atuacoes-do-atletico-mg-fred-assume-protagonismo-e-resolve-classico-de-sua-nota.ghtml,,
ab4519cfd661647d,2026-09-02T03:29:27.416447+00:00,2026-09-02T06:09:47+00:00,globo_br,pt,brasil,Atlético-MG garante premiação milionária ao eliminar Cruzeiro na Copa do Brasil,"Aos 43 min do 2º tempo - gol de fora da área de Fred do Atlético-MG contra o Cruzeiro
Deu Galo! O Atlético-MG eliminou o Cruzeiro e se classificou à semifinal da Copa do Brasil nesta terça-feira. Na Arena MRV, o Alvinegro venceu por 2 a 1, de virada. O jogo de ida havia terminado empatado por 1 a 1. A vaga rendeu mais R$ 9 milhões aos cofres do clube.
+ 🔍 Adicione o ge nas suas fontes favoritas do",https://ge.globo.com/futebol/times/atletico-mg/noticia/2026/09/01/atletico-mg-garante-premiacao-milionaria-ao-eliminar-cruzeiro-na-copa-do-brasil.ghtml,,
d4e0d2b33b716321,2026-09-02T03:29:27.416447+00:00,2026-09-02T06:06:28+00:00,globo_br,pt,brasil,Atlético-MG x Cruzeiro bate recorde de público na Arena MRV em 2026; veja números,"Aos 43 min do 2º tempo - gol de fora da área de Fred do Atlético-MG contra o Cruzeiro
O duelo entre Atlético-MG e Cruzeiro, pelas quartas de final da Copa do Brasil, bateu recorde de público no estádio em 2026. O jogo de volta da competição recebeu 42.992 torcedores no bairro Califórnia, com maioria atleticana - apenas 2.500 cruzeirenses puderam comparecer. A renda foi de R$ 4.450.632,12.
+ 🔍 Adic",https://ge.globo.com/futebol/times/atletico-mg/noticia/2026/09/01/atletico-mg-x-cruzeiro-bate-recorde-de-publico-na-arena-mrv-em-2026-veja-numeros.ghtml,,
7e3c32944d60ea4a,2026-09-02T03:29:27.416447+00:00,2026-09-02T05:34:54+00:00,globo_br,pt,brasil,"Escalação do Flamengo: reforços treinam, mas não são regularizados a tempo de estrearem contra Mirassol","Flamengo x Mirassol: informações e palpite para o jogo
A agitada terça-feira do Flamengo ainda teve os reforços em campo: os atacantes Anthony Valencia e Joaquín Freitas fizeram o seu primeiro treino com os novos companheiros e estavam na expectativa de já serem relacionados para o jogo contra o Mirassol nesta quarta, às 19h30 (de Brasília) no Maracanã, em partida atrasada da quarta rodada do Camp",https://ge.globo.com/futebol/times/flamengo/noticia/2026/09/01/escalacao-do-flamengo-reforcos-treinam-mas-nao-sao-regularizados-a-tempo-de-estrearem-contra-mirassol.ghtml,Valencia,
3c0e02934f914418,2026-09-02T03:29:27.416447+00:00,2026-09-02T05:20:11+00:00,globo_br,pt,brasil,"Fred, do Atlético-MG, critica pênalti marcado para o Cruzeiro: ""O Kaio Jorge cai muito""","""Não acho que foi pênalti, o Kaio Jorge cai muito"" Fred sobre o pênalti marcado contra
O meio-campista Fred, do Atlético-MG, não concordou com a marcação do pênalti de Vitão em Kaio Jorge - na sequência, o atacante cruzeirense cobrou com perfeição e abriu o placar do clássico mineiro pela Copa do Brasil. Fred disse que Kaio Jorge se joga muito.
+ Veja a tabela da Copa do Brasil
 ""Sempre ruim perde",https://ge.globo.com/futebol/times/atletico-mg/noticia/2026/09/01/fred-do-atletico-mg-critica-penalti-marcado-para-o-cruzeiro-o-kaio-jorge-cai-muito.ghtml,,
ac1a6ef45d65c83c,2026-09-02T03:29:27.416447+00:00,2026-09-02T04:42:09+00:00,globo_br,pt,brasil,"Kaio Jorge marca pelo Cruzeiro, gera revolta no Atlético-MG e provoca: ""Papai tá aqui""; vídeo","Kaio Jorge comemora o gol na Arena MRV: ""Papai tá aqui"" 🗣️
Kaio Jorge voltou a ser protagonista do Cruzeiro no clássico com o Atlético-MG. Após a polêmica com Ruan Tressoldi e de ganhar apenas uma advertência no STJD, o atacante balançou as redes de pênalti na Arena MRV, provocou na comemoração e causou ira da torcida. Na etapa final, ele acabou substituído e viu o adversário buscar a virada e a c",https://ge.globo.com/futebol/times/cruzeiro/noticia/2026/09/01/kaio-jorge-marca-pelo-cruzeiro-gera-revolta-no-atletico-mg-e-provoca-papai-ta-aqui-video.ghtml,,
d65bbc47c40600bf,2026-09-02T03:29:27.416447+00:00,2026-09-02T04:29:05+00:00,globo_br,pt,brasil,Ruan deixa Atlético-MG x Cruzeiro depois de nova dividida com Kaio Jorge; assista,"Mais uma vez, em dividia com Kaio Jorge, Ruan se lesiona e deixa o jogo por lesão
Que zika! O zagueiro Ruan Tressoldi saiu precocemente da partida entre Atlético-MG e Cruzeiro, nesta terça-feira, na Arena MRV, em jogo de volta das quartas de final da Copa do Brasil. Logo no início do jogo, de novo em lance com Kaio Jorge, o defensor do Galo sentiu dores e deixou o campo de maca.
+ 🔍 Adicione o ge ",https://ge.globo.com/futebol/times/atletico-mg/noticia/2026/09/01/atletico-mg-x-cruzeiro-ruan-deixa-o-jogo-apos-dividida-com-kaio-jorge-video.ghtml,,
c622655df253036f,2026-09-02T03:29:27.416447+00:00,2026-09-02T04:11:20+00:00,globo_br,pt,brasil,Atlético-MG x Cruzeiro: Ruan deixa  Kaio Jorge no vácuo depois de polêmica; assista,"Ruan e Kaio Jorge não se cumprimentam antes da partida na Arena MRV
O zagueiro Ruan Tressoldi não cumprimentou o atacante Kaio Jorge antes do apito inicial da vitória do Atlético-MG sobre o Cruzeiro pelas quartas de final da Copa do Brasil. O defensor do Galo passou direto pelo adversário na hora dos cumprimentos protocolares. 
Ruan, do Atlético-MG, não cumprimenta Kaio Jorge, do Cruzeiro, antes d",https://ge.globo.com/futebol/times/atletico-mg/noticia/2026/09/01/atletico-mg-x-cruzeiro-ruan-nao-cumprimenta-kaio-jorge-depois-de-polemica-assista.ghtml,,
0afb9a39b95df6f9,2026-09-02T03:29:27.416447+00:00,2026-09-02T04:03:15+00:00,globo_br,pt,brasil,"Flamengo vai buscar reparação pelo caso Plata: ""Amadorismo e irresponsabilidade do Dínamo""","Thiago Lima explica que Plata será reintegrado: ""Flamengo considera ele ok, sem lesão""
O Flamengo se manifestou oficialmente na noite desta terça-feira e prometeu buscar ""as reparações cabíveis"" pela desvalorização de Plata, que teve sua venda cancelada pelo Dínamo Moscou sob a alegação de reprovação nos exames médicos. Em nota, a diretoria rubro-negra negou qualquer problema clínico do atacante e",https://ge.globo.com/futebol/times/flamengo/noticia/2026/09/01/flamengo-promete-entrar-na-justica-por-caso-plata.ghtml,,
8e720e6de50b0e6b,2026-09-02T03:29:27.416447+00:00,2026-09-02T03:49:39+00:00,globo_br,pt,brasil,Escalação do Palmeiras: Abel tem desfalques e dúvidas para clássico com Santos na Copa do Brasil,"Voz do Setorista: renovação de contrato, novo jogador e Abel denunciado pelo STJD
Abel Ferreira comandou nesta terça-feira a última atividade de preparação do Palmeiras antes de enfrentar o Santos, pela volta das quartas de final da Copa do Brasil, às 21h30 (de Brasília) da quarta-feira, na Vila Belmiro. O técnico tem desfalques e dúvidas para a partida. 
+ Siga o ge Palmeiras no WhatsApp
O zaguei",https://ge.globo.com/futebol/times/palmeiras/noticia/2026/09/01/escalacao-do-palmeiras-abel-tem-desfalques-e-duvidas-para-classico-com-santos-na-copa-do-brasil.ghtml,,
a1038d61cbddda61,2026-09-02T03:29:27.416447+00:00,2026-09-02T03:45:01+00:00,globo_br,pt,brasil,Jogador do Lyon acerta com Sunderland após dar balão em dois times no último dia da janela,"Imagine ter dois jatinhos esperando você decidir para onde quer ir. Assim foi o última dia de janela de transferências para o meia belga Malick Fofana, que trocou o Lyon pelo Sunderland depois de deixar outros dois times ingleses, Arsenal e Crystal Palace, pelo caminho.
A transferência vai custar 30,8 milhões de libras ao Sunderland, o equivalente hoje a R$ 216,3 milhões.
A rocambolesca contrataçã",https://ge.globo.com/futebol/futebol-internacional/futebol-ingles/noticia/2026/09/01/jogador-do-lyon-acerta-com-sunderland-apos-dar-balao-em-dois-times-no-ultimo-dia-da-janela.ghtml,Arsenal;Crystal Palace;Lyon;Sunderland,
b45c082bec1277cb,2026-09-02T03:29:27.416447+00:00,2026-09-02T03:32:05+00:00,globo_br,pt,brasil,"Arrascaeta comemora volta de Plata ao Flamengo: ""Que jogador ganhamos 😍""","Renata Mendonça analisa volta de Plata: ""Boa notícia para o torcedor do Flamengo""
Plata está viajando de volta da Rússia para o Rio de Janeiro após ter sua venda cancelada para o Dínamo Moscou. E o elenco do Flamengo já está na expectativa para receber o atacante equatoriano de volta. Um dos líderes do grupo, Arrascaeta comemorou no X (antigo Twitter):
+ Entenda como a venda cancelada de Plata afe",https://ge.globo.com/futebol/times/flamengo/noticia/2026/09/01/arrascaeta-comemora-volta-de-plata-ao-flamengo-que-jogador-ganhamos.ghtml,Como,
2610be37bb442c54,2026-09-02T03:29:27.416447+00:00,2026-09-02T03:20:15+00:00,globo_br,pt,brasil,Palpites e dicas para Flamengo x Mirassol pelo Brasileirão,"Flamengo x Mirassol: informações e palpite para o jogo
Em jogo adiado da 4ª rodada do Campeonato Brasileiro, Flamengo e Mirassol se enfrentam em partida que terá toda a atenção do Palmeiras, líder com quatro pontos de vantagem na classificação do Brasileirão, marca que diminui para apenas um ponto em caso de vitória rubro-negra, no Maracanã. O jogo começa às 19h30 desta quarta-feira, e o Mirassol ",https://ge.globo.com/gato-mestre/dicas/noticia/2026/09/01/palpites-e-dicas-para-flamengo-x-mirassol-pelo-brasileirao.ghtml,,
cb33a42c8991018b,2026-09-02T03:29:27.416447+00:00,2026-09-02T03:19:31+00:00,globo_br,pt,brasil,"Corinthians se frustra em negociações com gregos e ingleses, mas ainda espera vender André","Veja lances do volante André, do Corinthians
O Corinthians se frustrou com as duas negociações que teve nesta janela de transferência pelo volante André, de 20 anos. 
O clube estima faturar cerca de R$ 150 milhões com transferências em 2026 e vê o jovem meio-campista como um de seus principais ativos. Porém, até o momento, nem André nem nenhum outro jogador foi negociado.
Nas últimas semanas, o Co",https://ge.globo.com/futebol/times/corinthians/noticia/2026/09/01/corinthians-se-frustra-em-negociacoes-com-gregos-e-ingleses-mas-ainda-espera-vender-andre.ghtml,Como,
ba03a442b96e618f,2026-09-02T03:29:27.416447+00:00,2026-09-02T03:17:02+00:00,globo_br,pt,brasil,Botafogo acerta venda de Santi Rodríguez e busca abater dívida com MLS,"Voz do Setorista: Botafogo acerta a contratação do zagueiro Arthur Chaves
O Botafogo acertou a venda do meia Santi Rodríguez para o Columbus Crew, dos Estados Unidos. A negociação estava travada pela dívida do clube carioca com a MLS, a liga de futebol dos EUA, mas avançou nos últimos dias até ser concluída nesta terça-feira.
+ Matheus Martins é reprovado em exames no Dínamo Moscou; Botafogo disco",https://ge.globo.com/futebol/times/botafogo/noticia/2026/09/01/botafogo-acerta-venda-de-santi-rodriguez-e-busca-abater-divida-com-mls.ghtml,,
38736a98d862ec20,2026-09-02T03:29:27.416447+00:00,2026-09-02T03:04:06+00:00,globo_br,pt,brasil,"Com Everson, Atlético-MG tem mudança de última hora para encarar o Cruzeiro; veja escalação","Veja a chegada do Atlético-MG à Arena MRV para enfrentar o Cruzeiro na Copa do Brasil
O Atlético-MG está confirmado para o clássico decisivo com o Cruzeiro, nesta terça-feira, pelas quartas de final da Copa do Brasil. O goleiro Everson, que era dúvida para a partida, está confirmado entre os titulares. 
+ 🔍 Adicione o ge nas suas fontes favoritas do Google
De última hora, minutos antes do início d",https://ge.globo.com/futebol/times/atletico-mg/noticia/2026/09/01/com-everson-atletico-mg-esta-confirmado-para-encarar-o-cruzeiro-veja-escalacao.ghtml,,
c11642bcd99e1921,2026-09-02T03:29:27.416447+00:00,2026-09-02T03:01:38+00:00,globo_br,pt,brasil,Escalação do Cruzeiro: Artur Jorge desfaz mistério sobre time; veja quem joga,"Artur Jorge explica ausência de Matheus Henrique entre titulares: ""Não mexer na estrutura""
O Cruzeiro está confirmado para o clássico decisivo com o Atlético-MG pelas quartas de final da Copa do Brasil. Na partida da Arena MRV, nesta noite, Artur Jorge desfez os mistérios na equipe e confirmou que não fará mudanças táticas. Siga todas as emoções da partida.  
+ 🔍 Adicione o ge nas suas fontes favo",https://ge.globo.com/futebol/times/cruzeiro/noticia/2026/09/01/escalacao-do-cruzeiro-artur-jorge-desfaz-misterio-sobre-time-veja-quem-joga.ghtml,,baja
524bf5cc2d1f961c,2026-09-02T03:29:27.416447+00:00,2026-09-02T02:51:47+00:00,globo_br,pt,brasil,Abel é multado por chutar microfone em jogo do Palmeiras na Libertadores; veja valores,"Gómez marca, Palmeiras vence o Cerro e está nas quartas da Libertadores
Abel Ferreira recebeu nesta terça-feira uma punição com multa por ter chutado um microfone na vitória do Palmeiras por 1 a 0 sobre o Cerro Porteño, no Paraguai, pela volta das oitavas de final da Libertadores. Está liberado, portanto, para comandar a equipe diante da LDU, na quarta-feira da próxima semana.
O treinador, assim c",https://ge.globo.com/futebol/times/palmeiras/noticia/2026/09/01/abel-e-punido-com-multa-por-chutar-microfone-em-jogo-do-palmeiras-na-libertadores-veja-valores.ghtml,,
7cb0ad880cdd807a,2026-09-02T03:29:27.416447+00:00,2026-09-02T02:50:23+00:00,globo_br,pt,brasil,Entenda como a venda cancelada de Plata afeta as finanças do Flamengo,"Thiago Lima explica que Plata será reintegrado: ""Flamengo considera ele ok, sem lesão""
O cancelamento da venda de Plata pelo Dínamo Moscou pegou o Flamengo de surpresa. A decisão dos russos não afeta os movimentos rubro-negros no mercado de transferências, mas tem influência direta no fluxo de caixa do clube no segundo semestre.
+ Dínamo Moscou desiste de contratar Plata, que retorna ao Flamengo
O",https://ge.globo.com/futebol/times/flamengo/noticia/2026/09/01/entenda-como-a-venda-cancelada-de-plata-afeta-as-financas-do-flamengo.ghtml,Como,
9cd5e1983f0c2ddc,2026-09-02T03:29:27.416447+00:00,2026-09-02T02:32:51+00:00,globo_br,pt,brasil,"Manchester City contrata Enzo Fernández, agora ex-Chelsea, por R$ 870 milhões","Enzo Fernández se despede de companheiros e torcida do Chelsea
O meio-campista Enzo Fernández trocou de gigante na Inglaterra no último dia da janela de transferências do verão europeu. O Manchester City pagou 125 milhões de libras esterlinas (R$ 870,3 milhões) ao Chelsea e pôs fim à janela que se arrastava desde o início da temporada 2026/27. O jogador assinou contrato de cinco anos com o novo cl",https://ge.globo.com/futebol/futebol-internacional/futebol-ingles/noticia/2026/09/01/manchester-city-contrata-enzo-fernandez-agora-ex-chelsea-por-r-870-milhoes.ghtml,Chelsea;Manchester City,
6000ce3b9b173985,2026-09-02T03:29:27.416447+00:00,2026-09-02T02:12:05+00:00,globo_br,pt,brasil,“Acha que estou de sacanagem?”: veja vídeo de conversa entre torcedores do Botafogo e Alex Telles,"Alex Telles é cobrado por torcedores do Botafogo: ""Acha que estou de sacanagem?”
Alex Telles foi um dos jogadores que conversou com torcedores do Botafogo em protesto realizado nesta terça-feira. O lateral-esquerdo foi na entrada do Espaço Lonier e falou com representantes de organizadas.
+ Torcedores protestam no CT do Botafogo; presidente e jogadores conversam com manifestantes
Alex Telles conve",https://ge.globo.com/futebol/times/botafogo/noticia/2026/09/01/acha-que-estou-de-sacanagem-veja-video-de-conversa-entre-torcedores-do-botafogo-e-alex-telles.ghtml,,
8c60b22731770e37,2026-09-02T03:29:27.416447+00:00,2026-09-02T02:09:16+00:00,globo_br,pt,brasil,"Opinião: precisamos falar (muito) da SAF da Lusa, mas sem esquecer a associação","Ao passar pela transformação em SAF, o futebol da Portuguesa se apartou e virou uma nova empresa. Os investidores passaram a deter 80% dessa nova empresa e a geri-la, enquanto a Lusa ficou com 20% e voto qualificado em questões fundamentais.
Desde então, convencionou-se chamar um lado de SAF e o outro de associação. Trocando em miúdos, a associação seria tudo que restou além do futebol, enquanto a",https://ge.globo.com/futebol/times/portuguesa/post/2026/09/01/opiniao-precisamos-falar-muito-da-saf-da-lusa-mas-sem-esquecer-a-associacao.ghtml,,
c25bf502f403eabe,2026-09-02T03:29:27.416447+00:00,2026-09-02T01:55:46+00:00,globo_br,pt,brasil,Atlético de Madrid anuncia atacante que fez hat-trick pelo Canadá na Copa do Mundo,"Julián Álvarez fica Atlético de Madrid ?
O Atlético de Madrid anunciou a contratação de Jonathan David, atacante canadense que defendia a Juventus. O clube italiano emprestou David ao clube espanhol por uma temporada.
Jonathan David é do Atlético de Madrid
Divulgação/Atlético de Madrid
+ Manchester City anuncia Allan, ex-Palmeiras
Jonathan David, de 26 anos, foi titular em todos os jogos do Canadá",https://ge.globo.com/futebol/futebol-internacional/futebol-espanhol/noticia/2026/09/01/atletico-de-madrid-anuncia-atacante-que-fez-hat-trick-pelo-canada-na-copa-do-mundo.ghtml,Atlético Madrid;Juventus;Manchester City,alineacion
aef21da1b553d18e,2026-09-02T03:29:27.416447+00:00,2026-09-02T01:52:50+00:00,globo_br,pt,brasil,Operário-PR faz proposta de recompra dos direitos de investidor da FFU e pode deixar liga; entenda,"Operário busca empate contra o Fortaleza fora de casa
O Operário-PR protocolou junto ao Conselho Administrativo de Defesa Econônima (Cade) uma proposta de recompra dos direitos econômicos à Sports Media Entertainment (SME), investidora da Futebol Forte União (FFU), no valor de R$ 2.213.747,00.
🗞️ Leia mais notícias do Operário-PR
✅ Clique aqui e siga o canal do ge PR no WhatsApp
🔍 Adicione o ge na",https://ge.globo.com/pr/futebol/times/operario-pr/noticia/2026/09/01/operario-pr-faz-proposta-de-recompra-dos-direitos-de-investidor-da-ffu-e-pode-deixar-liga-entenda.ghtml,,
5be7da186b9fcfe3,2026-09-02T03:29:27.416447+00:00,2026-09-02T01:43:17+00:00,globo_br,pt,brasil,Ranking Digital: Flamengo supera marca de 68 milhões de seguidores nas redes sociais,"Flamengo anuncia os reforços Anthony Valencia e Joaquín Freitas
Santos, Corinthians, Flamengo, Palmeiras e Paysandu foram os cinco clubes que mais cresceram nas redes sociais em agosto, de acordo com o novo Ranking Digital dos Clubes Brasileiros do Ibope Repucom, divulgado nesta terça-feira. Juntos, eles somaram 934 mil novos seguidores - o equivalente a 64% dos 1,5 milhão de novas inscrições entr",https://ge.globo.com/rn/blogs/augustox/post/2026/09/01/ranking-digital-flamengo-supera-marca-de-68-milhoes-de-seguidores-nas-redes-sociais.ghtml,Valencia,
05d3cd661da7d8d1,2026-09-02T03:29:27.416447+00:00,2026-09-02T01:39:27+00:00,globo_br,pt,brasil,Matheus Martins é reprovado em exames no Dínamo Moscou; Botafogo discorda de diagnóstico,"Matheus Martins é reprovado em exames no Dínamo Moscou; Botafogo discorda de diagnóstico
Matheus Martins foi reprovado nos exames médicos do Dínamo Moscou.  O Botafogo e o clube russo haviam se acertado para uma transferência de 7 milhões de euros (R$ 42,4 milhões na cotação atual). Com a desistência do Dínamo, Matheus volta ao elenco alvinegro.
+ Botafogo procura Cebolinha, do Flamengo, e busca o",https://ge.globo.com/futebol/times/botafogo/noticia/2026/09/01/matheus-martins-nao-e-aprovado-em-exames-medicos-no-dinamo-moscou-botafogo-discorda-de-diagnostico.ghtml,,
b95ca4e9701defed,2026-09-02T03:29:27.416447+00:00,2026-09-02T01:36:07+00:00,globo_br,pt,brasil,Calleri treina e reforça o São Paulo contra o Atlético-MG; Bobadilla é dúvida,"Voz do Setorista: São Paulo define data para pagar atrasados com o elenco
Calleri estará à disposição do técnico Dorival Júnior para o jogo do São Paulo contra o Atlético-MG, no sábado, às 18h30 (de Brasília), no Morumbis, pela 26ª rodada do Campeonato Brasileiro. 
+ Siga o canal ge São Paulo no WhatsApp
O centroavante está recuperado de uma entorse no tornozelo esquerdo e treinou nesta terça-feir",https://ge.globo.com/futebol/times/sao-paulo/noticia/2026/09/01/calleri-treina-e-reforca-o-sao-paulo-contra-o-atletico-mg-bobadilla-e-duvida.ghtml,,
32b4af8e7bc3132e,2026-09-02T03:29:27.416447+00:00,2026-09-02T01:26:07+00:00,globo_br,pt,brasil,Vasco chega a Salvador para enfrentar o Vitória; veja provável escalação,"Vasco chega a Salvador para enfrentar o Vitória
O Vasco chegou a Salvador por volta das 17h desta terça-feira para o confronto com o Vitória, nesta quarta, às 21h30, no Barradão. A equipe de Pedro Emanuel enfrenta o time baiano pela volta das quartas de final da Copa do Brasil, e o treinador fez mistério para escalar a equipe no jogo decisivo.
Elenco do Vasco embarca para jogo de volta na Copa do ",https://ge.globo.com/futebol/times/vasco/noticia/2026/09/01/vasco-chega-a-salvador-para-enfrentar-o-vitoria-veja-provavel-escalacao.ghtml,,
ab781a158be8f942,2026-09-02T03:29:27.416447+00:00,2026-09-02T01:17:18+00:00,globo_br,pt,brasil,"Ídolo do São Paulo, ex-jogador Hernanes acompanha treinos comandados por Dorival Júnior","Voz do Setorista: São Paulo define data para pagar atrasados com o elenco
O ex-jogador Hernanes vai acompanhar as atividades comandadas por Dorival Júnior no decorrer desta semana. O jogador já esteve no treinamento do São Paulo nesta terça-feira.
🔍 adicione o ge nas suas fontes favoritas do Google
+ Siga o canal ge São Paulo no WhatsApp
Ídolo do clube, Hernanes pediu para observar mais de perto o",https://ge.globo.com/futebol/times/sao-paulo/noticia/2026/09/01/idolo-do-sao-paulo-ex-jogador-hernanes-acompanha-treinos-comandados-por-dorival-junior.ghtml,,
504f6eb678ba7f05,2026-09-02T03:29:27.416447+00:00,2026-09-02T01:05:16+00:00,globo_br,pt,brasil,Rival do Fluminense na Libertadores deve perder principal reforço no jogo de ida,"Conheça o Platense: o rival do Fluminense na Libertadores
O Platense, adversário do Fluminense nas quartas de final da Conmebol Libertadores, pode ter um desfalque importante para o confronto de ida, no Maracanã. O atacante Luciano Giménez, titular da equipe, sofreu um traumatismo no ombro direito e é dúvida para a partida.
+ Fluminense entra em reta final de janela de transferências com lacunas p",https://ge.globo.com/futebol/times/fluminense/noticia/2026/09/01/rival-do-fluminense-na-libertadores-deve-perder-principal-reforco-no-jogo-de-ida.ghtml,Platense,alineacion
110e7b2b534185d2,2026-09-02T03:29:27.416447+00:00,2026-09-02T00:36:06+00:00,globo_br,pt,brasil,"No Espírito Santo, tetracampeão Branco conhece tricolor com nome em sua homenagem","Veja gol de falta de Branco contra a Holanda na Copa do Mundo de 1994
Eternizado na história do futebol brasileiro, o tetracampeão Branco foi surpreendido neste domingo, no Espírito Santo, com uma homenagem feita quatro décadas atrás. Durante participação em evento exclusivo para torcedores do Fluminense, clube do qual Branco é ídolo, o ex-jogador conheceu o policial Cláudio Ibrahim, que recebeu e",https://ge.globo.com/es/futebol/noticia/2026/09/01/no-espirito-santo-tetracampeao-branco-conhece-tricolor-com-nome-em-sua-homenagem.ghtml,,
63273f50d132816d,2026-09-02T03:29:27.416447+00:00,2026-09-02T00:33:29+00:00,globo_br,pt,brasil,"Dínamo Moscou desiste de contratar Plata, que retorna ao Flamengo","Thiago Lima explica reintegração de Plata: ""Flamengo considera que ele está ok, sem lesão""
Gonzalo Plata vai voltar ao Flamengo. Vendido na semana passada ao Dínamo de Moscou por cerca de 10 milhões de euros (R$ 60,1 milhões), o atacante equatoriano viajou para a Rússia no sábado e chegou a ser anunciado pelo clube russo, mas não foi aprovado nos exames médicos. Com isso, ele retorna para o Rio de",https://ge.globo.com/futebol/times/flamengo/noticia/2026/09/01/plata-nao-e-aprovado-nos-exames-medicos-no-dinamo-de-moscou.ghtml,,
7e99b97ffa1439b0,2026-09-02T03:29:27.416447+00:00,2026-09-02T00:26:35+00:00,globo_br,pt,brasil,Manchester City anuncia atacante que jogou a Copa por Senegal; veja valores,"Allan, ex-Palmeiras, é anunciado pelo Manchester City como novo reforço
O ponta senegalês Ndiaye é oficialmente jogador do Manchester City. O clube anunciou a contratação nesta terça-feira, último dia da janela de transferências do verão europeu.
+ Manchester City anuncia Allan, ex-Palmeiras
Ndiaye é reforço do Manchester City
Divulgação/Manchester City
-  Trabalhei a vida inteira por uma oportuni",https://ge.globo.com/futebol/futebol-internacional/noticia/2026/09/01/manchester-city-anuncia-atacante-que-jogou-a-copa-por-senegal-veja-valores.ghtml,Como;Manchester City,
e38323ec50b654a7,2026-09-02T03:29:27.416447+00:00,2026-09-02T00:13:25+00:00,globo_br,pt,brasil,De Mucurici para o Al Ain: capixaba Teco retorna à Arábia Saudita para novo desafio na carreira,"Primeiro gol do capixaba Teco, pelo Al Orooba
Natural do município localizado no Espírito Santo, o atacante Teco, de 31 anos, foi anunciado no último sábado (29) como reforço do Al Ain, após deixar o Al Orooba, dos Emirados Árabes. A nova equipe disputa a Second Division League, competição do cenário saudita.
Veja mais notícias no ge.globo/es
+ 📱​ Siga o Globo Esporte Espírito Santo no Instagram
T",https://ge.globo.com/es/futebol/noticia/2026/09/01/de-mucurici-para-o-al-ain-capixaba-teco-retorna-a-arabia-saudita-para-novo-desafio-na-carreira.ghtml,Como,
4207aa9dcb190a09,2026-09-02T03:29:27.416447+00:00,2026-09-02T00:07:37+00:00,globo_br,pt,brasil,Los Angeles FC negocia a contratação de joia do Avaí,"Thayllon se consolida no time profissional do Avaí
Alvo da Lazio há um mês, Thayllon, artilheiro do Avaí na temporada, pode estar de saída para os Estados Unidos. O Los Angeles FC está negociando com clube catarinense a contratação do atacante.
De acordo com apuração do ge, as partes ainda alinham se será um empréstimo, com opção ou obrigatoriedade de compra, ou contratação definitiva.
A janela de",https://ge.globo.com/sc/futebol/noticia/2026/09/01/los-angeles-fc-negocia-a-contratacao-de-joia-do-avai.ghtml,Lazio,
3f80b8a2ff2f2f90,2026-09-02T03:29:27.416447+00:00,2026-09-02T00:05:22+00:00,globo_br,pt,brasil,Atlético-MG x Cruzeiro reúne legião de repatriados que custou R$ 430 milhões aos clubes; veja,"Seleção analisa as escalações de Atlético-MG x Cruzeiro e vota no Favoritômetro
De Fred e Bernard a Gerson e Matheus Pereira. Atlético-MG e Cruzeiro disputam uma vaga na semifinal da Copa do Brasil conduzidos por elencos recheados de jogadores ""repatriados"" e que custaram mais de R$ 400 milhões aos rivais mineiros. O duelo será na Arena MRV, às 21h desta terça-feira. 
No passado recente, os dois c",https://ge.globo.com/mg/futebol/copa-do-brasil/noticia/2026/09/01/atletico-mg-x-cruzeiro-reune-legiao-de-repatriados-que-custou-r-430-milhoes-aos-clubes-veja.ghtml,,
4b91b3a4401ce3c5,2026-09-02T03:29:27.416447+00:00,2026-09-02T00:04:39+00:00,globo_br,pt,brasil,"Treino do Corinthians: Memphis é desfalque por dor no tornozelo, e outros cinco jogadores ficam fora","Memphis Depay sentiu muitas dores nesse lance de azar
Memphis Depay não participou da atividade desta terça-feira, no CT Joaquim Grava, por dores na região do tornozelo esquerdo. 
+ Siga o canal ge Corinthians no WhatsApp
O problema ocorreu durante o clássico contra o Santos, no último domingo, quando o camisa 10 tentou dominar a bola, pisou em falso e caiu no chão.
Memphis ainda sente um pouco de",https://ge.globo.com/futebol/times/corinthians/noticia/2026/09/01/treino-do-corinthians-memphis-e-desfalque-por-dor-no-tornozelo-e-outros-cinco-jogadores-ficam-fora.ghtml,,
646acef06377cca4,2026-09-02T03:29:27.416447+00:00,2026-09-01T23:58:04+00:00,globo_br,pt,brasil,"Corinthians não paga CNRD no prazo prometido, e Cuiabá pede bloqueio de receitas","Diniz cobra do Corinthians desempenho igual no Brasileiro e na Libertadores
O Corinthians não conseguiu cumprir o prazo previsto para o pagamento da parcela atrasada da CNRD (Câmara Nacional de Resolução de Disputas), conforme prometido pelo próprio clube em manifestação protocolada no dia 16 de junho junto à CBF. 
+ Siga o canal ge Corinthians no WhatsApp
Diante do cenário, o Cuiabá, principal cr",https://ge.globo.com/futebol/times/corinthians/noticia/2026/09/01/corinthians-nao-paga-cnrd-no-prazo-prometido-e-cuiaba-pede-bloqueio-de-receitas.ghtml,,
895c357c09b2ba4a,2026-09-02T03:29:27.416447+00:00,2026-09-01T23:50:41+00:00,globo_br,pt,brasil,Bahia planeja acionar CNRD para cobrar dívida de quase R$ 600 mil do Atlético-MG,"Aos 18 min do 1º tempo - gol de cabeça de Vitor Hugo do Atlético-MG contra o Grêmio
O Bahia prepara ação na Câmara Nacional de Resolução de Disputas (CNRD) para cobrar uma dívida do Atlético-MG. O Galo não repassou 100 mil euros (aproximadamente R$ 597 mil) em relação a uma meta atingida pelo zagueiro Vitor Hugo, negociado pelo Tricolor no início deste ano. 
Siga o ge Bahia nos Canais do WhatsApp
",https://ge.globo.com/ba/futebol/noticia/2026/09/01/bahia-planeja-acionar-cnrd-para-cobrar-divida-de-quase-r-600-mil-do-atletico-mg.ghtml,,
1eb685d4d546fc24,2026-09-02T03:29:27.416447+00:00,2026-09-01T23:49:24+00:00,globo_br,pt,brasil,Remo inicia venda de ingressos para o jogo contra o Flamengo no Mangueirão; veja preços,"Em jogo com duas viradas, Remo perde para o Coritiba e segue no Z-4 da Série A
O Remo iniciou a venda de ingressos para o clássico contra o Flamengo, que acontece neste domingo, dia 6, às 16h, no Estádio Mangueirão. O confronto é válido pela 26ª rodada do Campeonato Brasileiro.
Para a torcida azulina, os ingressos de arquibancada estão sendo vendidos a R$ 100, enquanto as entradas para o setor de ",https://ge.globo.com/pa/futebol/times/remo/noticia/2026/09/01/remo-inicia-venda-de-ingressos-para-o-jogo-contra-o-flamengo-no-mangueirao-veja-precos.ghtml,,
6a5ca72f5c672436,2026-09-02T03:29:27.416447+00:00,2026-09-01T23:32:20+00:00,globo_br,pt,brasil,Veja quanto o Palmeiras tem direito a receber por transferência de Gabriel Jesus ao Barcelona,"Barcelona anuncia a contratação de Gabriel Jesus
Apesar de ter deixado o Palmeiras há uma década, Gabriel Jesus ainda rende dinheiro ao clube: com a transferência do Arsenal ao Barcelona, anunciada nesta terça-feira, o Alviverde calcula ter direito a um percentual entre 2% a 2,5% da operação via mecanismo de solidariedade da Fifa.
Isso porque o atacante fez parte de sua formação no clube, passando",https://ge.globo.com/futebol/times/palmeiras/noticia/2026/09/01/veja-quanto-o-palmeiras-tem-direito-a-receber-por-transferencia-de-gabriel-jesus-ao-barcelona.ghtml,Arsenal;Barcelona,
8be99fd4098092cc,2026-09-02T03:29:27.416447+00:00,2026-09-01T23:27:14+00:00,globo_br,pt,brasil,"Botafogo procura Cebolinha, do Flamengo, e busca outras opções para o ataque","Podcast debate: ""O Botafogo precisa de técnico e de uma gestão profissional""
O Botafogo tem interesse na contratação de Cebolinha, atacante do Flamengo. O clube procurou a diretoria rubro-negra para se informar sobre os planos para o jogador, que terá o contrato encerrado em dezembro. 
+Torcedores protestam no CT do Botafogo; presidente e jogadores conversam com manifestantes
O rival respondeu à d",https://ge.globo.com/futebol/times/botafogo/noticia/2026/09/01/botafogo-procura-cebolinha-do-flamengo-e-busca-outras-opcoes-para-o-ataque.ghtml,,
21178587f0effe73,2026-09-02T03:29:27.416447+00:00,2026-09-01T23:23:05+00:00,globo_br,pt,brasil,Corinthians é multado pelo STJD por marketing indevido em jogo do Brasileirão Feminino,"Cruzeiro 0 x 1 Corinthians | Gol | Quartas de final | Brasileirão Feminino 2026
O Corinthians foi multado na segunda-feira em R$ 10 mil pelo STJD (Superior Tribunal de Justiça Desportiva) por uma ação de marketing indevida durante jogo contra o Santos pelo Campeonato Brasileiro Feminino, no dia 9 de agosto.
+ Siga o canal ge Corinthians no WhatsApp
Durante a execução do Hino Nacional, a zagueira T",https://ge.globo.com/futebol/times/corinthians/noticia/2026/09/01/corinthians-e-multado-pelo-stjd-por-marketing-indevido-em-jogo-do-brasileirao-feminino.ghtml,,
737e91f168ff888a,2026-09-02T03:29:27.416447+00:00,2026-09-01T23:17:58+00:00,globo_br,pt,brasil,Cinco joias do São Paulo para ficar de olho no Mundial de Clubes Sub-17 na Espanha,"Aos 22 min do 1º tempo - Gol de Zabarelli, do São Paulo, de pênalti
O time sub-17 do São Paulo está na Espanha disputando o Mundial de Clubes Juvenil. Apesar de não ter a chancela da Fifa, a competição é tradicional no calendário de base e reúne clubes de todo o mundo. 
+ Siga o canal ge São Paulo no WhatsApp
Na estreia, a equipe empatou por 2 a 2 com o Dínamo Zagreb, da Croácia, com gols de Brenn",https://ge.globo.com/futebol/times/sao-paulo/noticia/2026/09/01/cinco-joias-do-sao-paulo-para-ficar-de-olho-no-mundial-de-clubes-sub-17-na-espanha.ghtml,,
814d0d3e3c1c41d1,2026-09-02T03:29:27.416447+00:00,2026-09-01T22:58:18+00:00,globo_br,pt,brasil,"Bastidores: reforços do Flamengo têm volta às origens, aposta de Boto e divergência de valores por Freitas","Marcello Neves traz bastidores das contratações de Valencia e Freitas no Flamengo
Com as chegadas de Anthony Valencia e Joaquín Freitas, o Flamengo retomou uma estratégia antes abandonada de fazer mais contratações ""de scout"". Ou seja, buscar jogadores sem nome, mas com potencial suficiente para se destacar. Essa foi a promessa com a chegada do diretor José Boto, escanteada pela escolha de fazer i",https://ge.globo.com/futebol/times/flamengo/noticia/2026/09/01/bastidores-reforcos-do-flamengo-tem-volta-as-origens-aposta-de-boto-e-divergencia-de-valores-por-freitas.ghtml,Valencia,
84900366eab56dce,2026-09-02T03:29:27.416447+00:00,2026-09-01T22:56:08+00:00,globo_br,pt,brasil,"Scott McTominay vai operar o coração para corrigir arritmia, informa o Napoli","O meia escocês Scott McTominay, do Napoli, passará por uma cirurgia cardíaca nos próximos dias para corrigir uma arritmia  diagnosticada recentemente, informou o clube italiano.
Em um comunicado curto publicado em seu site oficial, o Napoli informou que se trata de uma arritmia benigna leve, e que a previsão é de que o jogador de 29 anos retorne às atividades após a próxima Data Fifa, que terminar",https://ge.globo.com/futebol/futebol-internacional/futebol-italiano/noticia/2026/09/01/scott-mctominay-vai-operar-o-coracao-para-corrigir-arritmia-informa-o-napoli.ghtml,Napoli,
b5aaccfc19373635,2026-09-02T03:29:27.416447+00:00,2026-09-01T22:46:55+00:00,globo_br,pt,brasil,Conselho do São Paulo monta comissão para analisar contrato de gestora de ingressos,"Voz do Setorista: São Paulo define data para pagar atrasados com o elenco
O presidente do Conselho Deliberativo do São Paulo, Olten Ayres, determinou nesta terça-feira a criação de uma comissão para analisar o contrato do clube com a Ticketmaster, empresa escolhida para ser a nova gestora de ingressos do Morumbis. 
+ Siga o canal ge São Paulo no WhatsApp
A comissão será formada pelos conselheiros ",https://ge.globo.com/futebol/times/sao-paulo/noticia/2026/09/01/presidente-do-conselho-do-sao-paulo-monta-comissao-para-analisar-contrato-de-gestora-de-ingressos.ghtml,,
95f8d76a3053a32b,2026-09-02T03:29:27.416447+00:00,2026-09-01T22:13:50+00:00,globo_br,pt,brasil,"Ledio critica postura de BAP, do Flamengo, e afirma: ""Todo ano tentam destruir o Vasco""","Ledio critica postura de Bap na relação com o Vasco: ""Quer tudo para ele""
A atuação de BAP, presidente do Flamengo, na discussão envolvendo a venda da SAF do Vasco foi criticada pelo comentarista Ledio Carmona nesta terça-feira, no programa Seleção sportv. Para Ledio, o clube rubro-negro se coloca em questões que dizem respeito somente ao rival.
— Isso mostra um pouco da grandeza do Vasco, mostra ",https://ge.globo.com/futebol/times/vasco/noticia/2026/09/01/ledio-critica-postura-de-bap-do-flamengo-e-afirma-todo-ano-tentam-destruir-o-vasco.ghtml,,
3bde2a06f505115a,2026-09-02T03:29:27.416447+00:00,2026-09-01T22:08:03+00:00,globo_br,pt,brasil,Relembre a virada da Chapecoense sobre o Cuiabá e classificação às oitavas da Sula,"Baú do Esporte: há 10 anos, Chape vencia o Cuiabá na Sula
Há dez anos, a Chapecoense conquistava a primeira classificação da histórica campanha na Copa Sul-Americana de 2016. No dia 31 de agosto daquele ano, o Verdão do Oeste venceu o Cuiabá por 3 a 1, de virada, na Arena Condá, diante de 3.725 torcedores, e garantiu vaga nas oitavas de final da competição continental.
Confira as escalações:
Chape",https://ge.globo.com/sc/futebol/times/chapecoense/noticia/2026/09/01/relembre-a-virada-da-chapecoense-sobre-o-cuiaba-e-classificacao-as-oitavas-da-sula.ghtml,,
c528a94c4afee9fe,2026-09-02T03:29:27.416447+00:00,2026-09-01T22:06:53+00:00,globo_br,pt,brasil,Seleção da Argentina presta homenagem a Messi após aposentadoria; veja vídeo,"AFA presta homenagem a Messi após aposentadoria
A seleção da Argentina publicou nesta terça-feira um vídeo em homenagem a Lionel Messi após o craque anunciar sua aposentadoria da Albiceleste. Na mensagem, como se fosse o escudo argentino conversando com o craque, a publicação relembrou os momentos do craque.
— Leo, aqui quem fala é o escudo da seleção e queria te dizer que vou estranhar muito. Que",https://ge.globo.com/futebol/futebol-internacional/noticia/2026/09/01/selecao-da-argentina-presta-homenagem-a-messi-apos-aposentadoria-legado-infinito.ghtml,Como,
1969d12dfc29a12e,2026-09-02T03:29:27.416447+00:00,2026-09-01T22:01:53+00:00,globo_br,pt,brasil,"Matheuzinho, do Corinthians, presenteia Neymar com perfumes de sua coleção","Diniz cobra do Corinthians desempenho igual no Brasileiro e na Libertadores
O lateral Matheuzinho, do Corinthians, presenteou o atacante Neymar, do Santos, com uma caixa de seu perfume ""MVP"" no dia seguinte à vitória do Peixe no clássico alvinegro disputado na Neo Química Arena, pela 25ª rodada do Campeonato Brasileiro. 
+ Siga o canal ge Corinthians no WhatsApp
O recebimento da encomenda foi regi",https://ge.globo.com/futebol/times/corinthians/noticia/2026/09/01/matheuzinho-do-corinthians-presenteia-neymar-com-perfumes-de-sua-colecao.ghtml,,
0f87c18e44b33171,2026-09-02T03:29:27.416447+00:00,2026-09-01T22:00:19+00:00,globo_br,pt,brasil,"Cerca de 25% de jogadores da NFL sofrem doença cerebral, diz estudo","O tabuleiro da NFC Leste: como tabelas podem afetar Cowboys, Eagles e Giants
Um estudo publicado pela revista científica Brittish Medical Journal (BMJ) na semana passada indica uma taxa de pelo menos 24,5% de presença de encefalopatia traumática crônica (ETC) nos cérebros de ex-jogadores da NFL que morreram entre 2016 e 2021. Esta proporção pode ser ainda maior, já que muitos dos atletas mortos ne",https://ge.globo.com/futebol-americano/nfl/noticia/2026/09/01/cerca-de-25percent-de-jogadores-da-nfl-sofrem-doenca-cerebral-diz-estudo.ghtml,Como,
4c0356aa5df4bbfb,2026-09-02T03:29:27.416447+00:00,2026-09-01T22:00:17+00:00,globo_br,pt,brasil,"Túlio pede desculpas pelo ano do Figueirense: ""O torcedor não merece isso""","Figueirense informa a saída de Rafael Franzoni do cargo de diretor executivo do clube
O gerente de futebol do Figueirense, Túlio Guerreiro, concedeu entrevista coletiva na manhã desta terça-feira, no CFT do Cambirela, e fez um balanço da temporada após a eliminação na primeira fase da Série C do Campeonato Brasileiro. O dirigente pediu desculpas ao torcedor, reconheceu erros no planejamento e deta",https://ge.globo.com/sc/futebol/times/figueirense/noticia/2026/09/01/tulio-pede-desculpas-pelo-ano-do-figueirense-o-torcedor-nao-merece-isso.ghtml,,rueda_prensa
04fb8e2fb0de4d08,2026-09-02T03:29:27.416447+00:00,2026-09-01T21:57:07+00:00,globo_br,pt,brasil,Dono do Cruzeiro cumpre promessa e chega ao clássico em igualdade com o Atlético-MG,"Dono da SAF do Cruzeiro vê Atlético-MG à frente: ""Equilibrar isso em dois anos
Em maio de 2024, o dono do Cruzeiro, Pedro Lourenço, admitiu que o Atlético-MG estava muito à frente em desempenho nos últimos anos. Ele prometeu equilibrar os números em dois anos. Esse período se passou, e os times se enfrentam em grau de igualdade nesta terça-feira, às 21h, na Arena MRV, pelo jogo de volta das quarta",https://ge.globo.com/futebol/times/cruzeiro/noticia/2026/09/01/dono-do-cruzeiro-cumpre-promessa-e-chega-ao-classico-em-igualdade-com-o-atletico-mg.ghtml,,
29d72a5360d4ed47,2026-09-02T03:29:27.416447+00:00,2026-09-01T21:50:25+00:00,globo_br,pt,brasil,Goiatuba x São José-RS: metade da carga de ingressos vendida para jogo que vale o acesso,"O Goiatuba está a um jogo de confirmar o acesso à Série C do Campeonato Brasileiro. Após o empate por 0 a 0 no jogo de ida, o Azulão precisa apenas de uma nova igualdade para garantir a classificação, por ter feito campanha superior à do São José-RS ao longo da competição.
Na primeira partida, disputada em Porto Alegre, as equipes empataram sem gols em um confronto de poucas oportunidades. O resul",https://ge.globo.com/go/futebol/times/goiatuba/noticia/2026/09/01/metade-da-carga-de-ingressos-ja-foram-vendidos-para-duelo-que-pode-garantir-o-acesso-do-goiatuba.ghtml,,
57e4a438e64eb269,2026-09-02T03:29:27.416447+00:00,2026-09-01T21:34:13+00:00,globo_br,pt,brasil,"David viaja, e Cuiabano desfalca o Vasco contra o Vitória; veja relacionados","O Vasco viajou nesta terça-feira para Salvador com David entre os relacionados para enfrentar o Vitória. O atacante, alvo de buscas nesta segunda-feira em uma investigação sobre tráfico interestadual de drogas e armas, viajou normalmente e será mantido nos planos da equipe para a partida desta quarta, às 21h30, no Barradão.
Cuiabano é o principal desfalque. O lateral-esquerdo segue fora por causa ",https://ge.globo.com/futebol/times/vasco/noticia/2026/09/01/david-viaja-e-cuiabano-desfalca-o-vasco-contra-o-vitoria-veja-relacionados.ghtml,,
2e851e6bf4c99b43,2026-09-02T03:29:27.416447+00:00,2026-09-01T21:11:13+00:00,globo_br,pt,brasil,"Palmeiras parabeniza Corinthians pelo aniversário e exalta o clássico: ""Maior Dérbi do mundo""","Voz do Setorista: Arias, Barboza e Piquerez mais perto de voltar ao Palmeiras
O Palmeiras parabenizou o Corinthians no aniversário de 116 anos do rival. A interação foi feita na rede social X, em uma postagem do clube rival comemorando a data de fundação.
—  Que nunca faltem capítulos marcantes para o maior Derby do mundo. Parabéns pelos 116 anos, Corinthians.
+ Siga o ge Palmeiras no WhatsApp
Pal",https://ge.globo.com/futebol/times/palmeiras/noticia/2026/09/01/palmeiras-parabeniza-corinthians-pelo-aniversario-e-exalta-o-classico-maior-derbi-do-mundo.ghtml,,
5d4a3d55e0d54f74,2026-09-02T03:29:27.416447+00:00,2026-09-01T21:05:43+00:00,globo_br,pt,brasil,Botafogo acerta contratação de zagueiro Arthur Chaves,"Podcast debate: ""O Botafogo precisa de técnico e de uma gestão profissional""
O Botafogo acertou a contratação do zagueiro brasileiro Arthur Chaves, de 25 anos, que pertence ao Hoffenheim. Ele chegará ao clube carioca por um contrato de empréstimo de um ano.
Torcedores protestam no CT do Botafogo; presidente e jogadores conversam com manifestantes
O Botafogo pagará 1 milhão de euros (cerca de R$ 5,",https://ge.globo.com/futebol/times/botafogo/noticia/2026/09/01/botafogo-acerta-contratacao-de-zagueiro-arthur-chaves.ghtml,TSG Hoffenheim,
88498c43c2318c15,2026-09-02T03:29:27.416447+00:00,2026-09-01T20:51:01+00:00,globo_br,pt,brasil,Torcedores protestam no CT do Botafogo; presidente e jogadores conversam com manifestantes,"Portella analisa derrota para o Flamengo: ""O Botafogo parece ter alergia a gol""
A manhã de terça-feira foi de protesto no Espaço Lonier, centro de treinamento do Botafogo. Membros de torcidas organizadas se mobilizaram e foram reclamar sobre o momento do clube.
+Pumas dificulta saída de Nathan Silva, e Botafogo avalia plano B para a zaga
Alex Telles conversa com torcedores do Botafogo em protesto
",https://ge.globo.com/futebol/times/botafogo/noticia/2026/09/01/torcidas-organizadas-protestam-no-ct-do-botafogo-presidente-joao-paulo-e-jogadores-conversam-com-manifestantes.ghtml,,
07c53ce1383361f6,2026-09-02T03:29:27.416447+00:00,2026-09-01T20:38:34+00:00,globo_br,pt,brasil,Abel Ferreira é denunciado no STJD por chutar microfone em Mirassol x Palmeiras,"""Felipe Melo critica fala de Abel Ferreira: ""Não pode falar isso""""
Abel Ferreira foi denunciado pela Procuradoria do Superior Tribunal de Justiça Desportiva (STJD), nesta segunda-feira, por chutar o microfone na beira do campo no empate entre Palmeiras e Mirassol, disputado no último domingo, no interior paulista. 
Também foram denunciados o árbitro João Vitor Gobi, o quarto árbitro Roger Goulart ",https://ge.globo.com/futebol/times/palmeiras/noticia/2026/09/01/abel-e-denunciado-no-stjd-por-chutar-microfone-em-mirassol-x-palmeiras.ghtml,,
0178d78aa888facb,2026-09-02T03:29:27.416447+00:00,2026-09-01T20:31:59+00:00,globo_br,pt,brasil,Bruno Bertinato cita semelhanças com Carlos Miguel e contrato curto como motivação no Palmeiras,"Filho do Bruno Bertinato rouba a cena na apresentação do goleiro, reforço do Palmeiras
Sob os olhares do filho ainda bebê, que tentou participar da entrevista e o distraiu por alguns segundos em sua apresentação, o goleiro Bruno Bertinato chegou ao Palmeiras com ar de tranquilidade. Aos 28 anos e com contrato assinado até o fim do ano, citou enxergar semelhanças com Carlos Miguel e avalia o contra",https://ge.globo.com/futebol/times/palmeiras/noticia/2026/09/01/bruno-bertinato-cita-semelhancas-com-carlos-miguel-e-contrato-curto-como-motivacao-no-palmeiras.ghtml,Como,
b6854e41663ebc38,2026-09-02T03:29:27.416447+00:00,2026-09-01T20:22:14+00:00,globo_br,pt,brasil,Pedrinho pede que Justiça inicie o leilão da SAF do Vasco e libere o empréstimo de R$ 150 milhões,"Voz do Setorista: Detalhes da investigação da Polícia Civil sobre David, do Vasco
O presidente do Vasco, Pedrinho, pediu nesta terça-feira que a Justiça libere o início do leilão da SAF do clube. Antes do embarque para Salvador, onde o Vasco enfrenta o Vitória pela volta das quartas de final da Copa do Brasil, o dirigente voltou a defender o avanço do processo de venda e afirmou que a atual gestão",https://ge.globo.com/futebol/times/vasco/noticia/2026/09/01/pedrinho-pede-que-justica-inicie-o-leilao-da-saf-do-vasco.ghtml,,
5ef1688460e66ae3,2026-09-02T03:29:27.416447+00:00,2026-09-01T20:07:51+00:00,globo_br,pt,brasil,Fluminense acerta contratação de zagueiro paraguaio de 19 anos,"Seleção Sportv: Fluminense e Athletico empatam em jogo com seis gols no Brasileirão
O Fluminense acertou a contratação do zagueiro paraguaio Carlos Areco, de 19 anos, junto ao Sportivo Trinidense. O defensor foi adquirido em definitivo e o clube paraguaio mantém 40% dos direitos econômicos dele. 
Fluminense entra em reta final de janela de transferências com lacunas preenchidas
Areco chega para re",https://ge.globo.com/futebol/times/fluminense/noticia/2026/09/01/fluminense-acerta-contratacao-de-zagueiro-paraguaio-de-19-anos.ghtml,,
aa5e186c1861b08d,2026-09-02T03:29:27.416447+00:00,2026-09-01T20:00:15+00:00,globo_br,pt,brasil,"Samuel Lino supera pressão, cumpre missão do Flamengo e se consolida como protagonista de Jardim","André Rizek elogia momento de Samuel Lino
Pressionado por contratações, o Flamengo viu o maior reforço para a atual temporada ser caseiro. Depois de um primeiro ano de altos e baixos, Samuel Lino superou o período de questionamentos e se adaptou ao clube. Principal nome da Era Leonardo Jardim, o atacante atingiu os dois dígitos em gols e assistências em 2026 e continua em crescente, reforçando o p",https://ge.globo.com/futebol/times/flamengo/noticia/2026/09/01/samuel-lino-supera-pressao-cumpre-missao-do-flamengo-e-se-consolida-como-protagonista-de-jardim.ghtml,Como,
d9743f59e65dbb7c,2026-09-02T03:29:27.416447+00:00,2026-09-01T19:51:50+00:00,globo_br,pt,brasil,"Corinthians faz 116 anos e recebe homenagens de jogadores, ex-atletas e clubes","Corinthians comemora 116 anos de sua fundação
O Corinthians completa 116 anos nesta terça-feira e recebe muitas homenagens nas redes sociais, de jogadores e ex-jogadores do time, personalidades do esporte e outros clubes.
+ Siga o canal ge Corinthians no WhatsApp
O Corinthian-Casuals, da Inglaterra, que inspirou o nome do clube brasileiro, fundado em 1910, se manifestou nas redes sociais.
— Feliz ",https://ge.globo.com/futebol/times/corinthians/noticia/2026/09/01/corinthians-faz-116-anos-e-recebe-homenagens-de-jogadores-ex-atletas-e-clubes.ghtml,,
da4da711cf590a51,2026-09-02T03:29:27.416447+00:00,2026-09-01T19:33:18+00:00,globo_br,pt,brasil,"Al-Fayha, de Hugo Moura e Carille, negocia com Walace Falcão, do Vasco","Vasco fica no 1 a 1 com o Boavista e chega a terceiro empate seguido
O Al-Fayha, da Arábia Saudita, negocia a contratação de Walace Falcão, do Vasco. O jogador de 21 anos atua como zagueiro e lateral e despertou o interesse do clube saudita, que é treinado por Fábio Carille e tem Hugo Moura no elenco.
O Al-Fayha pode contratar dois atletas sub-21 e mira o futebol brasileiro para preencher essas du",https://ge.globo.com/futebol/times/vasco/noticia/2026/09/01/al-fayha-de-hugo-moura-e-carille-negocia-com-walace-falcao-do-vasco.ghtml,Como,
a6d3c4401ee7f90b,2026-09-02T03:29:27.416447+00:00,2026-09-01T19:31:19+00:00,globo_br,pt,brasil,"Rudiger anuncia aposentadoria da seleção da Alemanha: ""Dar lugar à nova geração""","Rudiger ou Endrick? Veja a declaração de Ancelotti sobre escolha para o pênalti decisivo
Antonio Rudiger anunciou nesta terça-feira sua aposentadoria da seleção da Alemanha. Aos 33 anos, o zagueiro do Real Marid comunicou a decisão através das redes sociais e afirmou que chegou a hora de ""dar lugar à nova geração"".
Antonio Rudiger durante treino da Alemanha na Copa de 2026
Reuters/Chuck Burton
+ C",https://ge.globo.com/futebol/futebol-internacional/noticia/2026/09/01/rudiger-anuncia-aposentadoria-da-selecao-da-alemanha-dar-lugar-a-nova-geracao.ghtml,,
ef1b80f29fdb80f3,2026-09-02T03:29:27.416447+00:00,2026-09-01T19:16:31+00:00,globo_br,pt,brasil,"Gols decisivos, provocações e confusão: Kaio Jorge tem histórico marcante em Cruzeiro x Atlético-MG","ge Cruzeiro analisa momento de Kaio Jorge na temporada
Cruzeiro e Atlético-MG prontos para mais um capítulo na rivalidade. Os times se enfrenta, mais uma vez, nas quartas de final da Copa do Brasil. Kaio Jorge é um dos principais personagens desse confronto nos últimos anos. O atacante celeste coleciona polêmicas, gols decisivos e briga. O ge relembra os momentos marcantes. 
+ 🔍 Adicione o ge nas ",https://ge.globo.com/futebol/times/cruzeiro/noticia/2026/09/01/gols-decisivos-provocacoes-e-confusao-kaio-jorge-tem-historico-marcante-em-cruzeiro-x-atletico-mg.ghtml,,
f138417a7764443b,2026-09-02T03:29:27.416447+00:00,2026-09-01T19:10:50+00:00,globo_br,pt,brasil,Cartola Feminino: saiba quando fecha o mercado para a rodada de volta das quartas do Brasileiro,"Cruzeiro 0 x 1 Corinthians | Gol | Quartas de final | Brasileirão Feminino 2026
O mercado está aberto para a rodada #19 do Cartola Feminino! A jornada traz os jogos de volta das quartas de final e define os quatro times semifinalistas da competição. Em busca da taça do Campeonato Brasileiro Feminino, São Paulo, Corinthians, Palmeiras, Ferroviária, Flamengo, Bahia, Cruzeiro e Grêmio seguem vivos na",https://ge.globo.com/cartola/noticia/2026/09/01/cartola-feminino-saiba-quando-fecha-o-mercado-para-a-rodada-de-volta-das-quartas-do-brasileiro.ghtml,,
a7d91d2b655d1836,2026-09-02T03:29:27.416447+00:00,2026-09-01T19:07:01+00:00,globo_br,pt,brasil,Lucas Dias e Hyuri deixam o Figueirense antes da Copa Santa Catarina,"Figueirense informa a saída de Rafael Franzoni do cargo de diretor executivo do clube
O Figueirense terá duas baixas no elenco para a disputa da Copa Santa Catarina. O zagueiro e capitão Lucas Dias, de 31 anos, e o atacante Hyuri, de 34, estão de saída do clube. A informação foi confirmada pelo gerente de futebol Túlio Guerreiro durante entrevista coletiva nesta terça-feira, no CFT do Cambirela.
L",https://ge.globo.com/sc/futebol/times/figueirense/noticia/2026/09/01/lucas-dias-e-hyuri-deixam-o-figueirense-antes-da-copa-santa-catarina.ghtml,,rueda_prensa
bdb90ee5021d6da1,2026-09-02T03:29:27.416447+00:00,2026-09-01T19:01:16+00:00,globo_br,pt,brasil,Palpite ge 2026: Tropa ge vence na 25ª rodada do Brasileiro; veja erros e acertos,"Athletico-PR 3 x 3 Fluminense | Gols | 25ª rodada | Brasileirão 2026
Com sete acertos, a Tropa ge foi a maior pontuadora da 25ª rodada do Campeonato Brasileiro. Na briga do topo geral da tabela, a Tropa também manteve a liderança com 112 pontos, seguida pelo Gato Mestre, que tem 109 pontos.
+ Com Allan no Manchester City, Palmeiras tem 4 das 12 maiores vendas do futebol brasileiro
+ Chances do Bra",https://ge.globo.com/gato-mestre/noticia/2026/09/01/palpite-ge-2026-tropa-ge-vence-na-25a-rodada-do-brasileiro-veja-erros-e-acertos.ghtml,Manchester City,
1025c6cc291bf1bf,2026-09-02T03:29:27.416447+00:00,2026-09-01T18:58:21+00:00,globo_br,pt,brasil,Flamengo anuncia modelo vencedor do Manto da Nação; veja imagens,"""Flamengo construiu para golear o Botafogo"", analisa o podcast
O Flamengo anunciou, nesta terça-feira, o modelo vencedor da campanha Manto da Nação. O Urubu de Lima, feito por Marcelo Gluz, foi o modelo escolhido em uma votação popular ao lado de outras nove camisas. Há também a opção na versão rubro-negra. Ambas custam R$ 299,99.
+ Flamengo anuncia a contratação de Anthony Valencia, que usará núm",https://ge.globo.com/futebol/times/flamengo/noticia/2026/09/01/flamengo-anuncia-modelo-vencedor-do-manto-da-nacao-veja-imagens.ghtml,Valencia,
6b5190f4af86b76c,2026-09-02T03:29:27.416447+00:00,2026-09-01T18:33:55+00:00,globo_br,pt,brasil,"Corinthians fecha primeiro semestre de 2026 com déficit de R$ 246 milhões, 78% acima do previsto","Corinthians e Palmeiras fecham as quartas do Brasileirão Feminino
O Corinthians fechou o primeiro semestre de 2026 com déficit de R$ 246,039 milhões. O número é 78,2% maior do que os R$ 138,028 milhões de prejuízo previstos no orçamento para o período de janeiro a junho. O endividamento total do clube está na casa dos R$ 2,8 bilhões.
+ Siga o canal ge Corinthians no WhatsApp
O Corinthians teve uma",https://ge.globo.com/futebol/times/corinthians/noticia/2026/09/01/corinthians-fecha-primeiro-semestre-de-2026-com-deficit-de-r-246-milhoes-78percent-acima-do-previsto.ghtml,,
242733b3ba8b6977,2026-09-02T03:29:27.416447+00:00,2026-09-01T18:00:47+00:00,globo_br,pt,brasil,"Flamengo anuncia a contratação de Joaquín Freitas, ex-River Plate","Joaquín Freitas chega ao Rio para assinar com o Flamengo
O atacante Joaquín Freitas foi anunciado como reforço do Flamengo. O contrato assinado entre as partes é válido até 2031. Ele vai usar a camisa 30. O clube deu a notícia aos torcedores via redes sociais.
+ Flamengo também anuncia a contratação de Anthony Valencia
— O Flamengo é um clube muito grande, com uma torcida que apoia e sempre acompa",https://ge.globo.com/futebol/times/flamengo/noticia/2026/09/01/flamengo-anuncia-a-contratacao-de-joaquin-freitas-ex-river-plate.ghtml,Como;River Plate;Valencia,
df89599175f20861,2026-09-02T03:29:27.416447+00:00,2026-09-01T18:00:15+00:00,globo_br,pt,brasil,Inter é o único time sem vencer no Brasileirão desde a volta da Copa do Mundo; Cruzeiro lidera,"Antes do Gre-Nal, Grêmio vence e Inter entra no Z-4 do Brasileirão
Em crise, o Inter acumula mais uma marca negativa no Brasileirão. Na zona de rebaixamento, o time gaúcho é o único que ainda não venceu desde a retomada do campeonato depois da Copa do Mundo. Está na lanterna neste período, com apenas quatro pontos. 
+ Veja a tabela completa do Brasileirão
O líder é o Cruzeiro. Mesmo após a derrota",https://ge.globo.com/rs/futebol/brasileirao-serie-a/noticia/2026/09/01/inter-e-o-unico-time-sem-vencer-no-brasileirao-desde-a-volta-da-copa-do-mundo-cruzeiro-lidera.ghtml,Inter Milan,
fdd0c65844486f4e,2026-09-02T03:29:27.416447+00:00,2026-09-01T17:58:19+00:00,globo_br,pt,brasil,"Cartola 2026: com gols e desarmes, Samuel Lino, do Flamengo, é o Craque da Rodada #25","Samuel Lino marca duas vezes, faz 22.20 pts e é o maior pontuador de domingo da rodada #25
Samuel Lino foi o grande destaque da rodada 25 do Cartola 2026. O atacante do Flamengo foi o jogador que mais pontuou, somando 22.20 pontos na vitória rubro-negra por 3 a 0 sobre o Botafogo, no Maracanã.
+ Veja lances que podem parecer mas não configuram desarme no game
Samuel Lino balançou as redes duas vez",https://ge.globo.com/cartola/craque-da-rodada/noticia/2026/09/01/cartola-2026-com-gols-e-desarmes-samuel-lino-do-flamengo-e-o-craque-da-rodada-25.ghtml,,
c65798474b04660f,2026-09-02T03:29:27.416447+00:00,2026-09-01T17:58:15+00:00,globo_br,pt,brasil,Conmebol multa Rosario Central em R$ 500 mil por atos racistas em jogo contra o Corinthians,"Corinthians 1 x 0 Rosario Central | Gol | 8ª de final | Libertadores 2026
A Conmebol multou o Rosario Central em US$ 100 mil (cerca de R$ 517 mil, na cotação atual) pelas ofensas racistas de torcedores do time argentino no jogo de ida das oitavas de final da Libertadores contra o Corinthians, na Argentina, no começo de agosto.
+ Siga o canal ge Corinthians no WhatsApp
O Comitê Disciplinar da Conme",https://ge.globo.com/futebol/times/corinthians/noticia/2026/09/01/conmebol-multa-rosario-central-em-r-500-mil-por-atos-racistas-em-jogo-contra-o-corinthians.ghtml,Central Córdoba;Rosario Central,
9e313ddbb8b19dd1,2026-09-02T03:29:27.416447+00:00,2026-09-01T17:53:25+00:00,globo_br,pt,brasil,"Ex-Palmeiras, Richard Ríos é emprestado pelo Benfica ao Al-Ittihad","Confira a primeira entrevista de Richard Ríos como jogador do Benfica
O Benfica acertou o empréstimo de Richard Ríos ao Al-Ittihad, da Arábia Saudita. O clube saudita pagará 3 milhões de euros (aproximadamente 18 milhões de reais) pelo negócio e ficará responsável pelo salário integral do meio-campista colombiano. As informações são do jornal A Bola.
O acordo não inclui opção de compra. Com a saíd",https://ge.globo.com/futebol/futebol-internacional/noticia/2026/09/01/ex-palmeiras-richard-rios-e-emprestado-pelo-benfica-ao-al-ittihad.ghtml,Como,
50b01a77faef7e4a,2026-09-02T03:29:27.416447+00:00,2026-09-01T17:42:37+00:00,globo_br,pt,brasil,Atlético-MG x Cruzeiro: veja quem são os melhores batedores de pênalti,"Atlético-MG e Cruzeiro se enfrentam por vaga na semifinal da Copa do Brasil
Atlético-MG e Cruzeiro decidem a vaga para as semifinais da Copa do Brasil nesta terça-feira. Com o confronto empatado em 1 a 1, a classificação pode ser definida nos pênaltis, em caso de novo empate. Por isso, o ge levantou o aproveitamento dos jogadores em cobranças de pênaltis por Galo e Raposa. 
O Atlético tem mais jog",https://ge.globo.com/mg/futebol/noticia/2026/09/01/atletico-mg-x-cruzeiro-veja-quem-sao-os-melhores-batedores-de-penalti.ghtml,,
945291f5b3626c42,2026-09-02T03:29:27.416447+00:00,2026-09-01T17:27:59+00:00,globo_br,pt,brasil,"Classificação do returno: Atlético lidera, São Paulo e Vasco deixam o Z-4, Botafogo e Corinthians entram","São Paulo 2 x 1 Bragantino | Melhores momentos | 25ª rodada | Brasileirão 2026
Ao derrotar em casa o Vitória por 2 a 1 na abertura da 25ª rodada, o Atlético-MG se isolou na liderança da classificação do returno do Brasileirão com aproveitamento de 73% dos pontos disputados. Acabou beneficiado pela derrota fora de casa do Cruzeiro por 3 a 1 para o Vasco e pelo empate do Athletico-PR contra o Flumin",https://ge.globo.com/gato-mestre/noticia/2026/09/01/classificacao-do-returno-atletico-lidera-sao-paulo-e-vasco-deixam-o-z-4-botafogo-e-corinthians-entram.ghtml,,
7028fbb38a949c89,2026-09-02T03:29:27.416447+00:00,2026-09-01T17:21:34+00:00,globo_br,pt,brasil,Palmeiras renova contrato de Flaco López,"Flaco López atinge 21 gols em 44 jogos em 2026
O Palmeiras anunciou na manhã desta terça-feira a renovação de contrato do atacante Flaco López. O novo vínculo do argentino com o Verdão é válido até dezembro de 2030.
+ Siga o ge Palmeiras no WhatsApp
– Estou muito feliz pelo meu momento e, agora, pela renovação. Como falo sempre, eu sou muito grato ao Palmeiras e fico muito feliz por fazer parte de",https://ge.globo.com/futebol/times/palmeiras/noticia/2026/09/01/palmeiras-renova-contrato-de-flaco-lopez.ghtml,Como,
ea562af11b6d1747,2026-09-02T03:29:27.416447+00:00,2026-09-01T17:13:41+00:00,globo_br,pt,brasil,"City atravessa Tottenham e encaminha contratação de Ndiaye por R$ 530 milhões, diz jornal","Allan, ex-Palmeiras, é anunciado pelo Manchester City como novo reforço
O Manchester City encaminhou a contratação de Iliman Ndiaye, do Everton, depois de atravessar o Tottenham na disputa pelo atacante senegalês, segundo a imprensa inglesa. O negócio pode chegar a 65 milhões de libras (cerca de R$ 452,8 milhões), entre valor fixo e bônus.
Segundo a Sky Sports, Manchester City e Everton chegaram a",https://ge.globo.com/futebol/futebol-internacional/noticia/2026/09/01/manchester-city-atravessa-tottenham-e-encaminha-contratacao-de-ndiaye-por-r-530-milhoes-diz-jornal.ghtml,Como;Everton;Manchester City;Tottenham Hotspur,
6f125258dcd7d1f1,2026-09-02T03:29:27.416447+00:00,2026-09-01T16:46:16+00:00,globo_br,pt,brasil,Barcelona anuncia contratação de Gabriel Jesus; brasileiro exalta elenco com palavrão,"Barcelona anuncia a contratação de Gabriel Jesus
O Barcelona anunciou a contratação do atacante Gabriel Jesus. O brasileiro de 29 anos chega para reforçar o ataque após a saída de Ferrán Torres para o PSG. Será o quarto clube da carreira de Gabriel, que antes defendeu Palmeiras, Manchester City e Arsenal.
Durante a apresentação, Gabriel Jesus usou um palavrão com conotação positiva (puta madre) de",https://ge.globo.com/futebol/futebol-internacional/noticia/2026/09/01/gabriel-jesus-vai-ao-camp-nou-para-acompanhar-barcelona-x-rayo.ghtml,Arsenal;Barcelona;Manchester City,
0cd0b76b54b3d5d2,2026-09-02T03:29:27.416447+00:00,2026-09-01T16:40:26+00:00,globo_br,pt,brasil,Julian Álvarez não chega a acordo e fica no Atlético de Madrid,"Julián Álvarez fala sobre seu golaço!
Julián Álvarez tentou, mas não conseguiu deixar o Atlético de Madrid nesta janela de transferências. De acordo com a imprensa argentina e espanhola, nenhuma equipe conseguiu convencer o time de Simeone da venda antes do encerramento do prazo. O atacante permanecerá na equipe, com contrato até junho de 2030. 
+ ✅Clique aqui para seguir o canal ge Futebol Intern",https://ge.globo.com/futebol/futebol-internacional/futebol-espanhol/noticia/2026/09/01/julian-alvarez-nao-consegue-acordo-e-fica-no-atletico-de-madrid.ghtml,Atlético Madrid,
6e5e783e94d54e58,2026-09-02T03:29:27.416447+00:00,2026-09-01T16:18:56+00:00,globo_br,pt,brasil,"Nottingham Forest empresta zagueiro Morato, ex-São Paulo, ao West Ham","Morato lembra saída precoce do São Paulo para o Benfica
O West Ham anunciou na noite desta terça-feira a contratação do zagueiro brasileiro Morato, emprestado pelo Nottingham Forest. O jogador de 25 anos realizou exames médicos e assinou contrato por uma temporada. A negociação foi divulgada inicialmente pelo jornal inglês The Guardian e confirmada pelo ge.
Morato
Michael Regan/Getty Images
Na últ",https://ge.globo.com/futebol/futebol-internacional/noticia/2026/09/01/nottingham-forest-encaminha-emprestimo-de-morato-ex-sao-paulo-ao-west-ham.ghtml,Nottingham Forest,
348730e5c1959a36,2026-09-02T03:29:27.416447+00:00,2026-09-01T16:14:34+00:00,globo_br,pt,brasil,"Pumas dificulta saída de Nathan Silva, e Botafogo avalia plano B para a zaga","Podcast debate: ""O Botafogo precisa de técnico e de uma gestão profissional""
A negociação do Botafogo pela contratação de Nathan Silva perdeu força nos últimos dias. O clube tinha avançado nas conversas com o zagueiro, mas encontrou um obstáculo com o Pumas (México), que condicionou a liberação a encontrar uma reposição.
+ Bellão tem desafio contra o Palmeiras para se manter no comando do Botafogo",https://ge.globo.com/futebol/times/botafogo/noticia/2026/09/01/negociacao-por-nathan-silva-trava-e-botafogo-passa-a-avaliar-plano-b-para-a-zaga.ghtml,,
a5045c8a3d1611f3,2026-09-02T03:29:27.416447+00:00,2026-09-01T16:04:23+00:00,globo_br,pt,brasil,"Flamengo anuncia a contratação de Anthony Valencia, que usará número que era de Arrascaeta","Anthony Valencia: Conheça o novo reforço do Flamengo
O atacante Anthony Valencia foi anunciado como reforço do Flamengo. Nesta terça-feira, o clube rubro-negro utilizou as suas redes sociais para confirmar a contratação do atacante equatoriano de 23 anos. Ele estava no Royal Antwerp, da Bélgica, e assina o vínculo até 2031.
+ Flamengo também anuncia contratação de Joaquín Freitas
Valencia chegou a",https://ge.globo.com/futebol/times/flamengo/noticia/2026/09/01/flamengo-anuncia-a-contratacao-de-anthony-valencia.ghtml,Como;Valencia,
2b911015ad3fc903,2026-09-02T03:29:27.416447+00:00,2026-09-01T16:00:17+00:00,globo_br,pt,brasil,Torcida do Monaco esgota ingressos em quatro minutos para o confronto com o PSG,"O bom início de temporada, com 100% de aproveitamento nos primeiros quatro jogos, deixou a torcida do Monaco confiante para o primeiro grande confronto pelo Campeonato Francês. Líder isolado da competição, o time de Filipe Luís vai visitar o atual campeão Paris Saint-Germain na próxima sexta-feira, pela terceira rodada, com presença maciça dos seus torcedores.
Segundo o jornal ""L'Équipe"", os mil i",https://ge.globo.com/futebol/futebol-internacional/futebol-frances/noticia/2026/09/01/torcida-do-monaco-esgota-ingressos-em-quatro-minutos-para-o-confronto-com-o-psg.ghtml,AS Monaco;Paris FC,
41c4d08bb29fb4c4,2026-09-02T03:29:27.416447+00:00,2026-09-01T15:00:34+00:00,globo_br,pt,brasil,Aston Villa anuncia promessa de 18 anos do PSG por R$ 343 milhões,"Aos 49 min do 2º tempo - gol de dentro da área de Ibrahim Mbaye do Senegal contra a França
O Aston Villa anunciou nesta terça-feira a contratação do atacante Ibrahim Mbaye, de 18 anos, que estava no Paris Saint-Germain. Segundo a Sky Sports, o clube inglês vai pagar 47 milhões de libras (cerca de R$ 343 milhões na cotação atual) pelo jovem ponta-direita.
+ Nottingham Forest encaminha empréstimo de",https://ge.globo.com/futebol/futebol-internacional/noticia/2026/09/01/aston-villa-anuncia-promessa-de-18-anos-do-psg-por-r-343-milhoes.ghtml,Aston Villa;Nottingham Forest;Paris FC,
1cda626df68fa9f1,2026-09-02T03:29:27.416447+00:00,2026-09-01T15:00:19+00:00,globo_br,pt,brasil,Palmeiras x Vasco: final do sub-20 tem mais de 15 mil ingressos resgatados e pode quebrar recorde,"Vasco 0 x 1 Palmeiras | Melhores momentos | Final | Brasileirão Sub-20
A três dias de decidir o título do Brasileirão Sub-20, o confronto entre Palmeiras e Vasco tem 15,5 mil ingressos resgatados pelas torcidas, em que não há cobrança de valores, e tenta quebrar o recorde de público em jogos da base no Nubank Parque. 
O maior público registrado no estádio pelas categorias de base foi há três anos,",https://ge.globo.com/futebol/times/palmeiras/noticia/2026/09/01/palmeiras-x-vasco-final-do-sub-20-tem-mais-de-15-mil-ingressos-resgatados-e-pode-quebrar-recorde.ghtml,,
780c95de794765d8,2026-09-02T03:29:27.416447+00:00,2026-09-01T14:55:39+00:00,globo_br,pt,brasil,Fluminense tem problemas para corrigir antes de clássico e mata-mata da Libertadores,"Podcast ge Fluminense projeta duelo contra o Vasco pelo Brasileirão
Depois de contar com semana livre para se preparar para o jogo contra o Athletico-PR, pelo Brasileirão, no último domingo, o Fluminense aproveita outro período de espaço entre os jogos para tentar solucionar alguns tópicos da defesa e aprimorar o setor ofensivo. 
+ John Kennedy, do Fluminense, recebe alta após internação preventiv",https://ge.globo.com/futebol/times/fluminense/noticia/2026/09/01/fluminense-tem-problemas-para-corrigir-antes-de-classico-e-mata-mata-da-libertadores.ghtml,,
2dc12dccfd80671e,2026-09-02T03:29:27.416447+00:00,2026-09-01T14:46:45+00:00,globo_br,pt,brasil,Irmão de Mbappé ganha espaço com filho de Ancelotti e vira destaque na imprensa europeia,"Veja as 10 ligas de futebol mais fortes do mundo
O irmão mais novo de Kylian Mbappé começa a buscar seu próprio espaço no futebol francês. Ethan Mbappé, de 19 anos, vem ganhando destaque na imprensa europeia depois de conquistar a condição de titular do Lille com a chegada de Davide Ancelotti e ser um dos destaques da equipe no empate por 2 a 2 com o PSG, na última sexta-feira. Nesta terça-feira, ",https://ge.globo.com/futebol/futebol-internacional/noticia/2026/09/01/irmao-de-mbappe-ganha-espaco-com-filho-de-ancelotti-e-vira-destaque-na-imprensa-europeia.ghtml,Lille,alineacion
2e28c0ff63fafdd9,2026-09-02T03:29:27.416447+00:00,2026-09-01T14:45:04+00:00,globo_br,pt,brasil,Manchester City corre para tentar contratar Enzo Fernandez no último dia da janela,"Treinadores de Liverpool, Chelsea e Arsenal jogaram juntos no mesmo clube na infância
O Manchester City chegou a um acordo com o Chelsea pela contratação de Enzo Fernández, segundo a Sky Sports. O meia argentino, de 25 anos, é esperado em Manchester para cumprir os procedimentos finais antes da conclusão. 
O Manchester City abriu conversas diretas com o Chelsea pelo jogador depois de manter o inte",https://ge.globo.com/futebol/futebol-internacional/noticia/2026/09/01/manchester-city-corre-para-tentar-contratar-enzo-fernandez-no-ultimo-dia-da-janela.ghtml,Arsenal;Chelsea;Liverpool;Manchester City,
9da9e97ac801a833,2026-09-02T03:29:27.416447+00:00,2026-09-02T00:15:57+00:00,marca_liga,es,espana,"Morientes: ""Tal y como está el fútbol, el Morientes de 2002 ó 2003 valdría mucho""",El exmadridista analizó el mercado de fichajes de LaLiga&nbsp;  Leer,https://www.marca.com/futbol/real-madrid/2026/09/02/morientes-futbol-morientes-2002-2003-valdria.html,Como,
b31da67560d20da9,2026-09-02T03:29:27.416447+00:00,2026-09-01T23:24:05+00:00,marca_liga,es,espana,Adama se marcha cedido al West Ham,El lateral sale al club londinense hasta el final de temporada con una opción de compra&nbsp;  Leer,https://www.marca.com/futbol/athletic/2026/09/02/adama-marcha-cedido-west-ham.html,,fichaje
a14b0e6e9a78923c,2026-09-02T03:29:27.416447+00:00,2026-09-01T23:10:58+00:00,marca_liga,es,espana,Affengruber deja el Elche y pone rumbo al Fulham por 12 millones,El central austríaco abandona el club tras dos temporadas&nbsp;  Leer,https://www.marca.com/futbol/elche/2026/09/02/affengruber-deja-elche-pone-rumbo-fulham-12-millones.html,Central Córdoba;Elche CF;Fulham,
c8ef4adcccdea835,2026-09-02T03:29:27.416447+00:00,2026-09-01T23:03:04+00:00,marca_liga,es,espana,Sergio Akieme no llega a tiempo y se queda sin fichar por el Levante,El lateral español no podrá recalar en el conjunto granota después de que la documentación necesaria para su inscripción no llegara dentro del plazo establecido por LaLiga.&nbsp;  Leer,https://www.marca.com/futbol/levante/2026/09/02/sergio-akieme-llega-queda-fichar-levante.html,Levante,
16dfd8c62f89184d,2026-09-02T03:29:27.416447+00:00,2026-09-01T23:01:08+00:00,marca_liga,es,espana,El cierre del mercado de Primera: Doble bombazo del Dépor y caza mayor de Elche y Racing,"Giménez y Casadó llegaron cedidos a A Coruña, mientras que ilicitanos y cántabros ficharon a cuatro jugadores cada uno&nbsp;  Leer",https://www.marca.com/futbol/primera-division/2026/09/02/cierre-mercado-primera-doble-bombazo-depor-caza-mayor-elche-racing.html,Deportivo La Coruña;Elche CF;Racing Club,
9ee3d5cee23688dd,2026-09-02T03:29:27.416447+00:00,2026-09-01T22:11:37+00:00,marca_liga,es,espana,Giménez será el jefe de la zaga del Deportivo,Calidad y experiencia para una defensa que debuta en Primera&nbsp;  Leer,https://www.marca.com/futbol/deportivo/2026/09/02/gimenez-sera-jefe-zaga-deportivo.html,Defensa y Justicia,
43d825b407d5e0b9,2026-09-02T03:29:27.416447+00:00,2026-09-01T22:10:58+00:00,marca_liga,es,espana,Oficial: Unai Vencedor rescinde su contrato con el Athletic,El centrocampista se convierte en agente libre y puede firmar fuera del plazo de mercado&nbsp;  Leer,https://www.marca.com/futbol/athletic/2026/09/02/oficial-unai-vencedor-rescinde-contrato-athletic.html,Athletic Bilbao,
2e60fb453df0575d,2026-09-02T03:29:27.416447+00:00,2026-09-01T22:10:49+00:00,marca_liga,es,espana,El Sevilla anuncia sobre la bocina el fichaje de Youssouf Fofana,El centrocampista jugará en Nervión este curso cedido por el Milan sin opción a compra&nbsp;  Leer,https://www.marca.com/futbol/sevilla/2026/09/02/sevilla-anuncia-sobre-bocina-fichaje-youssouf-fofana.html,AC Milan;Sevilla,fichaje
6a711a032ae844b0,2026-09-02T03:29:27.416447+00:00,2026-09-01T21:48:20+00:00,marca_liga,es,espana,Carlos Álvarez se marcha al América de México,El jugador andaluz se va traspasado por 6+1 millones de los que el 30% se irá para el Sevilla&nbsp;  Leer,https://www.marca.com/futbol/levante/2026/09/01/carlos-alvarez-marcha-america-mexico.html,Sevilla,
40bcd00c2a778f5c,2026-09-02T03:29:27.416447+00:00,2026-09-01T21:28:41+00:00,marca_liga,es,espana,"El delantero Petar Ratkov, undécimo fichaje del Levante",El serbio llega al cuadro granota en forma de cesión procedente de la Lazio con una opción de compra condicionada&nbsp;  Leer,https://www.marca.com/futbol/levante/2026/09/01/delantero-petar-ratkov-undecimo-fichaje-levante.html,Lazio;Levante,fichaje
04cacc37d7a34bc1,2026-09-02T03:29:27.416447+00:00,2026-09-01T20:40:38+00:00,marca_liga,es,espana,El Málaga cierra su mercado con la incorporación de Jens Cajuste,Llega cedido con una opción de compra de ocho millones&nbsp;  Leer,https://www.marca.com/futbol/malaga/2026/09/01/malaga-cierra-mercado-incorporacion-jens-cajuste.html,Málaga,fichaje
3643308951512b9a,2026-09-02T03:29:27.416447+00:00,2026-09-01T20:25:08+00:00,marca_liga,es,espana,Sebastián Cáceres firma por el Celta hasta 2030,Es el central que reclamaba Claudio Giráldez&nbsp;  Leer,https://www.marca.com/futbol/celta/2026/09/01/sebastian-caceres-firma-celta-2030.html,Celta Vigo;Central Córdoba,
216c785b24a44672,2026-09-02T03:29:27.416447+00:00,2026-09-01T20:14:40+00:00,marca_liga,es,espana,Jon Martín hereda el 6 de Aritz Elustondo,El joven central de la Real deja el 31 y a partir de ahora jugará con el número de uno de los mejores defensas del conjunto txuriurdin de los últimos años&nbsp;  Leer,https://www.marca.com/futbol/real-sociedad/2026/09/01/jon-martin-hereda-6-aritz-elustondo.html,Central Córdoba,
692b58049661138b,2026-09-02T03:29:27.416447+00:00,2026-09-01T19:18:18+00:00,marca_liga,es,espana,El Elche ficha a Roy Revivo hasta 2030,El lateral izquierdo israelí llega procedente del Maccabi Tel Aviv para reforzar la banda zurda del conjunto franjiverde&nbsp;  Leer,https://www.marca.com/futbol/elche/2026/09/01/elche-ficha-roy-revivo-2030.html,Elche CF,
17c51415fa4c5c17,2026-09-02T03:29:27.416447+00:00,2026-09-01T19:04:14+00:00,marca_liga,es,espana,Oficial: Lucas Stassin refuerza el ataque del Sevilla,El belga llega a Nervión cedido con opción de compra por el&amp;nbsp;Saint-Éttiene&nbsp;  Leer,https://www.marca.com/futbol/sevilla/2026/09/01/oficial-lucas-stassin-refuerza-ataque-sevilla.html,Sevilla,fichaje
f5bc75c30c7594d5,2026-09-02T03:29:27.416447+00:00,2026-09-01T18:50:00+00:00,marca_liga,es,espana,"LaLiga defiende su modelo: ""En el año 2012 no se pagaba ni al electricista""","Javier Gómez, director general corporativo de LaLiga, habla del mercado y de la comparación con la Premier&nbsp;  Leer",https://www.marca.com/futbol/primera-division/2026/09/01/laliga-defiende-modelo-ano-2012-pagaba-electricista.html,,
25861a642760b74d,2026-09-02T03:29:27.416447+00:00,2026-09-01T18:33:30+00:00,marca_liga,es,espana,"Oficial: Gorosabel, al Espanyol",El lateral es el primero de los transferibles del Athletic que encuentra destino&nbsp;  Leer,https://www.marca.com/futbol/athletic/2026/09/01/oficial-gorosabel-espanyol.html,Athletic Bilbao;Espanyol,
1ace49f67326aab4,2026-09-02T03:29:27.416447+00:00,2026-09-01T18:10:42+00:00,marca_liga,es,espana,Oficial: El Elche adquiere los servicios de Rubén Sánchez,El lateral diestro llega procedente del Espanyol por medio millón de euros&nbsp;  Leer,https://www.marca.com/futbol/elche/2026/09/01/oficial-elche-adquiere-servicios-ruben-sanchez.html,Elche CF;Espanyol,
26529668d1fd0238,2026-09-02T03:29:27.416447+00:00,2026-09-01T18:10:32+00:00,marca_liga,es,espana,Dani Ceballos vuelve al Betis nueve años después,"Los verdiblancos cierran el fichaje del utrerano, que firmará por tres temporadas, hasta 2029&nbsp;  Leer",https://www.marca.com/futbol/betis/2026/09/01/dani-ceballos-vuelve-betis-nueve-anos-despues.html,Real Betis,fichaje
e636476cb32e1d42,2026-09-02T03:29:27.416447+00:00,2026-09-01T18:01:10+00:00,marca_liga,es,espana,El Getafe oficializa el aterrizaje de Iván Azón,El atacante llega al Colisuem cedido por parte del Como&nbsp;  Leer,https://www.marca.com/futbol/getafe/2026/09/01/getafe-oficializa-aterrizaje-ivan-azon.html,Como;Getafe,fichaje
a9f29505567a889b,2026-09-02T03:29:27.416447+00:00,2026-09-01T17:47:50+00:00,marca_liga,es,espana,El Sevilla anuncia el acuerdo con el Lille para la cesión de Félix Correia,El portugués llega a Nervión para reforzar el extremo izquierdo&nbsp;  Leer,https://www.marca.com/futbol/sevilla/2026/09/01/sevilla-anuncia-acuerdo-lille-cesion-felix-correia.html,Lille;Sevilla,
023fda2b43e003d5,2026-09-02T03:29:27.416447+00:00,2026-09-01T17:25:50+00:00,marca_liga,es,espana,El Betis descarta el fichaje de un pivote y se centra en Ceballos,Trabaja a contrarreloj para dar alguna salida en la plantilla y hacerle sitio al utrerano&nbsp;  Leer,https://www.marca.com/futbol/betis/2026/09/01/betis-descarta-fichaje-pivote-centra-ceballos.html,Real Betis,fichaje
09aff0af64f4ea2c,2026-09-02T03:29:27.416447+00:00,2026-09-01T17:24:54+00:00,marca_liga,es,espana,"Belocian, refuerzo para la defensa racinguista",El ex del Bayern Leverkusen permanecerá en el conjunto cántabro por una temporada&nbsp;  Leer,https://www.marca.com/futbol/racing-santander/2026/09/01/belocian-refuerzo-defensa-racinguista.html,Bayern Munich;Defensa y Justicia,fichaje
8ffa26358371c69e,2026-09-02T03:29:27.416447+00:00,2026-09-01T16:39:20+00:00,marca_liga,es,espana,El Málaga libera una ficha y cede a Arriaza al Estepona,El canterano renueva antes hasta 2028&nbsp;  Leer,https://www.marca.com/futbol/malaga/2026/09/01/malaga-libera-ficha-cede-arriaza-estepona.html,Málaga,
97db14fd2196b976,2026-09-02T03:29:27.416447+00:00,2026-09-01T16:25:25+00:00,marca_liga,es,espana,Una lesión moderada en el músculo sóleo obliga a parar a Peio Canales,El vizcaíno causará baja ante el Atlético y corre el riesgo de perderse otros tres partidos&nbsp;  Leer,https://www.marca.com/futbol/athletic/2026/09/01/lesion-moderada-musculo-soleo-obliga-parar-peio-canales.html,,baja|lesion
eaa7a8d646a86783,2026-09-02T03:29:27.416447+00:00,2026-09-01T16:05:42+00:00,marca_liga,es,espana,El Valencia hace oficial la cesión de Harvey Elliott hasta final de temporada,No se incluye opción de compra en el acuerdo con el Liverpool por el mediapunta zurdo&nbsp;  Leer,https://www.marca.com/futbol/valencia/2026/09/01/valencia-oficial-cesion-harvey-elliott-final-temporada.html,Liverpool;Valencia,
b491938054567064,2026-09-02T03:29:27.416447+00:00,2026-09-01T15:31:22+00:00,marca_liga,es,espana,Sadiq estará más de dos meses de baja por su lesión en el isquiotibial: “Con la dificultad llega la facilidad”,El futbolista publica una imagen con unos versos del Corán tras conocer el diagnóstico de su dolencia&nbsp;  Leer,https://www.marca.com/futbol/valencia/2026/09/01/sadiq-estara-dos-meses-baja-lesion-isquiotibial-dificultad-llega-facilidad.html,,baja|lesion
63cebebbcd229dbb,2026-09-02T03:29:27.416447+00:00,2026-09-01T15:07:13+00:00,marca_liga,es,espana,El Valencia libera la ficha de Diego López y gana margen para intentar reforzarse en el cierre del mercado,El jugador asturiano sufre una lesión de larga duración y aceptó quedarse dejar libre su dorsal&nbsp;  Leer,https://www.marca.com/futbol/valencia/2026/09/01/valencia-libera-ficha-diego-lopez-gana-margen-intentar-reforzarse-cierre-mercado.html,Valencia,lesion
7e3978ffa1354de3,2026-09-02T03:29:27.416447+00:00,2026-09-01T14:54:55+00:00,marca_liga,es,espana,Toni Martínez estará varias semanas de baja,El delantero sufre una microrrotura en el sóleo de la pierna derecha&nbsp;  Leer,https://www.marca.com/futbol/alaves/2026/09/01/toni-martinez-estara-semanas-baja.html,,baja
6bf7c0f066ae77ae,2026-09-02T03:29:27.416447+00:00,2026-09-01T14:46:46+00:00,marca_liga,es,espana,El Rayo acusa a la Comunidad de Madrid de ocultar siete meses el informe que le echó de Vallecas,El club denuncia en un extenso comunicado que la auditoría de seguridad en la que se ampara la Consejería es un documento de diciembre de 2025&nbsp;  Leer,https://www.marca.com/futbol/rayo/2026/09/01/rayo-acusa-comunidad-madrid-ocultar-siete-meses-informe-le-echo-vallecas.html,Atlético Madrid,
7a94063ec477d7f2,2026-09-02T03:29:27.416447+00:00,2026-09-01T12:59:29+00:00,marca_liga,es,espana,Juan Berrocal firma con el Málaga por una temporada,El zaguero rompe su contrato con el Getafe y llega a La Rosaleda&nbsp;  Leer,https://www.marca.com/futbol/malaga/2026/09/01/juan-berrocal-firma-malaga-temporada.html,Getafe;Málaga,
0802e7cf847e9cc0,2026-09-02T03:29:27.416447+00:00,2026-09-01T12:54:30+00:00,marca_liga,es,espana,El regalo inolvidable de Carlos Maciá,El club anuncia que lucirá dorsal del primer equipo el día que cumple 18 años&nbsp;  Leer,https://www.marca.com/futbol/villarreal/2026/09/01/regalo-inolvidable-carlos-macia.html,,
e3561c27bcf211f2,2026-09-02T03:29:27.416447+00:00,2026-09-01T12:44:35+00:00,marca_liga,es,espana,La Comunidad insiste en que el estadio de Vallecas no reabrirá hasta que sea seguro,De Paco Serrano avanzó que el próximo partido del Rayo no podrá disputarse en el estadio de Vallecas&nbsp;  Leer,https://www.marca.com/futbol/rayo/2026/09/01/comunidad-insiste-estadio-vallecas-reabrira-sea-seguro.html,,
7afadcb0a59b620e,2026-09-02T03:29:27.416447+00:00,2026-09-01T11:15:04+00:00,marca_liga,es,espana,Deossa no contempla su salida y apunta a cerrar una vía para el Betis,"El colombiano quiere seguir en el club, que busca otras fórmulas para hacer hueco a Ceballos&nbsp;  Leer",https://www.marca.com/futbol/betis/2026/09/01/deossa-contempla-salida-apunta-cerrar-via-betis.html,Real Betis,
dcce7da38887a48d,2026-09-02T03:29:27.416447+00:00,2026-09-01T11:03:13+00:00,marca_liga,es,espana,Félix Correia y Lucas Stassin llegan para cerrar sus cesiones al Sevilla,El delantero belga y el extremo portugués aterrizan a préstamo con opción de compra&nbsp;  Leer,https://www.marca.com/futbol/sevilla/2026/09/01/felix-correia-lucas-stassin-llegan-cerrar-cesiones-sevilla.html,Sevilla,
9846b1dbcf39d0d3,2026-09-02T03:29:27.416447+00:00,2026-09-01T10:58:29+00:00,marca_liga,es,espana,"Carlos Álvarez, dispuesto hacer las ""américas""",El atacante granota será traspasado al Club América por seis millones de euros&nbsp;  Leer,https://www.marca.com/futbol/levante/2026/09/01/carlos-alvarez-dispuesto-americas.html,,
aa0d47f3fdcdcd2b,2026-09-02T03:29:27.416447+00:00,2026-09-01T10:39:23+00:00,marca_liga,es,espana,El otro drama del Valencia al margen del mercado: las lesiones musculares en apenas 60 días,"Desde que el equipo arrancó la pretemporada a inicios de julio han caído Luis Rioja, Guido Rodríguez, Maffeo y Sadiq, la segunda en poco más de un mes&nbsp;  Leer",https://www.marca.com/futbol/valencia/2026/09/01/drama-valencia-margen-mercado-lesiones-musculares-apenas-60-dias.html,Valencia,
924cc1f40a028a5e,2026-09-02T03:29:27.416447+00:00,2026-09-01T10:36:47+00:00,marca_liga,es,espana,Arbeloa cierra su triplete madridista: Manuel Ángel ya está en Londres para firmar por el Fulham,El técnico junta en su proyecto inglés a su gran capitán en La Fábrica con Gonzalo y Palacios&nbsp;  Leer,https://www.marca.com/futbol/real-madrid/2026/09/01/arbeloa-cierra-triplete-madridista-manuel-angel-londres-firmar-fulham.html,Fulham,
673358d7ba85d59e,2026-09-02T03:29:27.416447+00:00,2026-09-01T10:26:08+00:00,marca_liga,es,espana,El Getafe piensa en Iván Azón para su ataque,El cuadro azulón apurará este último día de mercado en busca de refuerzos para frontar las tres competiciones&nbsp;  Leer,https://www.marca.com/futbol/getafe/2026/09/01/getafe-piensa-ivan-azon-ataque.html,Getafe,
c3cd880f5f8c8576,2026-09-02T03:29:27.416447+00:00,2026-09-01T10:09:29+00:00,marca_liga,es,espana,Rubén Vargas enfría su salida del Sevilla,"El suizo entrena ya con el grupo y apunta a seguir en Nervión; Agoumé, Isaac y Robbie Ure trabajaron en el gimnasio&nbsp;  Leer",https://www.marca.com/futbol/sevilla/2026/09/01/ruben-vargas-enfria-salida-sevilla.html,Sevilla,
74b0bbe9185bf5e3,2026-09-02T03:29:27.416447+00:00,2026-09-01T10:01:50+00:00,marca_liga,es,espana,Óskarsson sigue alargando su 2026 goleador,El islandés ha hecho 13 goles en los últimos 27 partidos que ha disputado con la Real&nbsp;  Leer,https://www.marca.com/futbol/real-sociedad/2026/09/01/oskarsson-sigue-alargando-2026-goleador.html,,
77a68a391230190f,2026-09-02T03:29:27.416447+00:00,2026-09-01T09:32:43+00:00,marca_liga,es,espana,"Gorosabel, a un paso del Espanyol",El club rojiblanco trabaja en este cierre de mercado varias salidas y ninguna entrada&nbsp;  Leer,https://www.marca.com/futbol/athletic/2026/09/01/gorosabel-paso-espanyol.html,Espanyol,
5ac9d72f6bf6d3e0,2026-09-02T03:29:27.416447+00:00,2026-09-01T09:31:15+00:00,marca_liga,es,espana,"Un delantero de altura: Petar Ratkov, a un paso del Levante","El atacante serbio, de 1.93 metros, recalaría en Valencia en forma de cesión con opción de compra procedente de la Lazio&nbsp;  Leer",https://www.marca.com/futbol/levante/2026/09/01/delantero-altura-petar-ratkov-paso-levante.html,Lazio;Levante;Valencia,
54bf97b075f14077,2026-09-02T03:29:27.416447+00:00,2026-09-01T08:59:58+00:00,marca_liga,es,espana,El Valencia y el Racing acuerdan la cesión de André Almeida,El club cántabro pagará cerca de medio millón por el préstamo y la ficha del jugador&nbsp;  Leer,https://www.marca.com/futbol/valencia/2026/09/01/valencia-racing-acuerdan-cesion-andre-almeida.html,Racing Club;Valencia,
cffe98a1d08db2eb,2026-09-02T03:29:27.416447+00:00,2026-09-01T07:57:23+00:00,marca_liga,es,espana,Junior regresa al grupo en una sesión de entrenamiento sin Ortiz,"Iker Losada y Fidalgo, cuyo futuro está en discusión, se ejercitan con sus compañeros&nbsp;  Leer",https://www.marca.com/futbol/betis/2026/09/01/junior-regresa-grupo-sesion-entrenamiento-ortiz.html,,
a0196b12849494fd,2026-09-02T03:29:27.416447+00:00,2026-09-01T07:36:57+00:00,marca_liga,es,espana,"Renovar a Remiro y Oyarzabal, próximos objetivos de Aperribay: “La Real es la casa de Mikel para toda la vida”","El presidente del club txuriurdin tiene negociaciones pendientes con el portero y el campeón del Mundo, cuyos contratos terminan en 2027 y 2028, respectivamente&nbsp;  Leer",https://www.marca.com/futbol/real-sociedad/2026/09/01/renovar-remiro-oyarzabal-proximos-objetivos-aperribay-real-casa-mikel-toda-vida.html,,
1a6aa0a9b6d047d3,2026-09-02T03:29:27.416447+00:00,2026-09-01T07:22:03+00:00,marca_liga,es,espana,El Betis afronta el cierre de mercado pendiente de Ceballos y las salidas,Ayer acordó la cesión de Petit; trabaja en la de Losada y otra venta para hacer sitio al utrerano&nbsp;  Leer,https://www.marca.com/futbol/betis/2026/09/01/betis-afronta-cierre-mercado-pendiente-ceballos-salidas.html,Real Betis,
2a760c4ac82e8dd7,2026-09-02T03:29:27.416447+00:00,2026-09-01T06:56:46+00:00,marca_liga,es,espana,Stassin será el primer fichaje del Sevilla en la traca final del mercado,El club está a punto de cerrar con el Saint-Étienne la cesión con opción de compra por el belga&nbsp;  Leer,https://www.marca.com/futbol/sevilla/2026/09/01/stassin-sera-primer-fichaje-sevilla-traca-final-mercado.html,Sevilla,fichaje
400e276a5a2701b1,2026-09-02T03:29:27.416447+00:00,2026-09-01T06:18:32+00:00,marca_liga,es,espana,García Plaza mira el reloj,El técnico ha pedido refuerzos durante todo el verano y en unas horas cierra el mercado&nbsp;  Leer,https://www.marca.com/futbol/sevilla/2026/09/01/garcia-plaza-mira-reloj.html,,
e3d0cc9bd4d46171,2026-09-02T03:29:27.416447+00:00,2026-09-01T05:02:43+00:00,marca_liga,es,espana,Lo nunca visto en la carrera de Gayà,El capitán del Valencia se queda en el banquillo en dos partidos completos seguidos por primera vez desde su debut con el primer equipo en 2014&nbsp;  Leer,https://www.marca.com/futbol/valencia/2026/09/01/nunca-visto-carrera-gaya.html,Valencia,
b0c1fdbb2cf5b97b,2026-09-02T03:29:27.416447+00:00,2026-09-01T23:16:59+00:00,bbc_football,en,global,"Deadlines, acrimony and a record as Man City back Maresca for Fernandez deal",The summer's longest-running transfer saga ends with Manchester City paying a joint-British record fee to bring in midfielder Enzo Fernandez from Chelsea.,https://www.bbc.co.uk/sport/football/articles/cz0z377mxero?at_medium=RSS&at_campaign=rss,Chelsea;Manchester City,
90399fab0687ee17,2026-09-02T03:29:27.416447+00:00,2026-09-02T00:17:42+00:00,bbc_football,en,global,Premier League breaks transfer record for second straight summer,Premier League clubs break their all-time summer transfer record after spending reaches £3.198bn.,https://www.bbc.co.uk/sport/football/articles/czxzk0znvzeo?at_medium=RSS&at_campaign=rss,,
ac84a0422a3fc739,2026-09-02T03:29:27.416447+00:00,2026-09-01T23:48:37+00:00,bbc_football,en,global,Every done deal on transfer deadline day,"Check out the significant signings and departures in the Premier League, Scottish Premiership, EFL and Women's Super League.",https://www.bbc.co.uk/sport/football/articles/cvgyxyxplkvo?at_medium=RSS&at_campaign=rss,,
1d8aa8448598bfd1,2026-09-02T03:29:27.416447+00:00,2026-09-02T00:15:52+00:00,bbc_football,en,global,Palace sign Chilwell and Timber after deadline,Crystal Palace have signed internationals Ben Chilwell and Quinten Timber on permanent deals,https://www.bbc.co.uk/sport/football/articles/crr4d0x0175o?at_medium=RSS&at_campaign=rss,Crystal Palace,
95969a55ec8df466,2026-09-02T03:29:27.416447+00:00,2026-09-01T22:52:22+00:00,bbc_football,en,global,Fernandez joins Man City for joint-British record £125m,Manchester City pay a joint-British transfer record fee of £125m for Chelsea midfielder Enzo Fernandez.,https://www.bbc.co.uk/sport/football/articles/cr7deg1ze03o?at_medium=RSS&at_campaign=rss,Chelsea;Manchester City,
7dbe8f06abb5767d,2026-09-02T03:29:27.416447+00:00,2026-09-01T23:34:53+00:00,bbc_football,en,global,Camara's £47.1m move from Monaco to Chelsea collapses,Lamine Camara is staying at Monaco after the Senegal midfielder's £47.1m move to Chelsea collapses.,https://www.bbc.co.uk/sport/football/articles/ce8emxm7xmzo?at_medium=RSS&at_campaign=rss,AS Monaco;Chelsea,
fc08a72c732e6d54,2026-09-02T03:29:27.416447+00:00,2026-09-01T20:57:48+00:00,bbc_football,en,global,Ndiaye's journey from non-league football to £65m Man City move,Manchester City sign winger Iliman Ndiaye from Everton in a deal worth up to £65m.,https://www.bbc.co.uk/sport/football/articles/c3wj1qw5x04o?at_medium=RSS&at_campaign=rss,Everton;Manchester City,
e441f0734f9f7b2f,2026-09-02T03:29:27.416447+00:00,2026-09-01T23:41:10+00:00,bbc_football,en,global,Balogun's Everton deal collapses after he walks away,Everton's pursuit of Folarin Balogun from Monaco collapses after Balogun decides against move.,https://www.bbc.co.uk/sport/football/articles/c780e6q84l4o?at_medium=RSS&at_campaign=rss,AS Monaco;Everton,
c70db0b044f7e788,2026-09-02T03:29:27.416447+00:00,2026-09-01T18:01:04+00:00,bbc_football,en,global,Brughmans joins Liverpool in deal worth up to £30m,Liverpool have secured the signing of teenage goalkeeper Lucca Brughmans for the start of the 2027-28 season.,https://www.bbc.co.uk/sport/football/articles/c86xp9epl83o?at_medium=RSS&at_campaign=rss,Liverpool,
8319a8d255776477,2026-09-02T03:29:27.416447+00:00,2026-09-01T22:27:24+00:00,bbc_football,en,global,Tottenham sign Chelsea pair Mudryk and Tosin,Tottenham sign Chelsea winger Mykhailo Mudryk on loan until the end of the season and complete a permanent move for Tosin Adarabioyo.,https://www.bbc.co.uk/sport/football/articles/c70dkdyd5r9o?at_medium=RSS&at_campaign=rss,Chelsea;Tottenham Hotspur,
fba6cfe257abf2fb,2026-09-02T03:29:27.416447+00:00,2026-09-01T23:34:50+00:00,bbc_football,en,global,Fofana seals £30m move to Sunderland,Sunderland have beaten Crystal Palace to the signing of Malick Fofana from Lyon.,https://www.bbc.co.uk/sport/football/articles/c0m31e8v9jgo?at_medium=RSS&at_campaign=rss,Crystal Palace;Lyon;Sunderland,
7d08fd524c6b309f,2026-09-02T03:29:27.416447+00:00,2026-09-01T22:28:54+00:00,bbc_football,en,global,Ipswich sign Burnley forward Flemming for £20m,Ipswich sign Burnley forward Zian Flemming on a four-year deal for a reported £20m.,https://www.bbc.co.uk/sport/football/articles/c8e37d6w6w0o?at_medium=RSS&at_campaign=rss,Ipswich Town,
c3847aed567df72a,2026-09-02T03:29:27.416447+00:00,2026-09-01T19:50:58+00:00,bbc_football,en,global,Sunderland sign Spurs defender Danso on loan,Sunderland have signed Austria defender Kevin Danso from Tottenham on a loan deal until the end of the season.,https://www.bbc.co.uk/sport/football/articles/c7v4z3yglzro?at_medium=RSS&at_campaign=rss,Sunderland;Tottenham Hotspur,
002e10b612881a2c,2026-09-02T03:29:27.416447+00:00,2026-09-01T14:01:47+00:00,bbc_football,en,global,Newcastle sign Fernandez-Pardo from Lille for £51m,Newcastle United sign Belgium forward Matias Fernandez-Pardo from Lille for an initial £51.4m.,https://www.bbc.co.uk/sport/football/articles/c5ylv97mn58o?at_medium=RSS&at_campaign=rss,Lille;Newcastle United,
03c788a5195275eb,2026-09-02T03:29:27.416447+00:00,2026-09-01T23:04:13+00:00,bbc_football,en,global,Hull sign six players including £22m Iroegbunam from Everton,Hull City sign six players on transfer deadline day including midfielder Tim Iroegbunam from Everton and forward Robinio Vaz from Roma.,https://www.bbc.co.uk/sport/football/articles/cje8x575v51o?at_medium=RSS&at_campaign=rss,Everton;Hull City,
d4499b87df16eb14,2026-09-02T03:29:27.416447+00:00,2026-09-01T22:40:28+00:00,bbc_football,en,global,Liverpool tried to sign Gusto - Wednesday's gossip,"Football gossip: Liverpool made a late move for Chelsea defender Malo Gusto and Manchester United defenders on ""trial"" this season",https://www.bbc.co.uk/sport/football/articles/c9qr4vw9eqgo?at_medium=RSS&at_campaign=rss,Chelsea;Liverpool;Manchester City;Manchester United,
448b9001da3c289e,2026-09-02T03:29:27.416447+00:00,2026-09-01T23:19:22+00:00,bbc_football,en,global,Angel becomes Fulham's third Real Madrid signing of summer,Manuel Angel has become the third player to join Fulham from Real Madrid this summer,https://www.bbc.co.uk/sport/football/articles/c4grzg0jzgzo?at_medium=RSS&at_campaign=rss,Atlético Madrid;Fulham;Real Madrid,
98ffae33cd7fc02b,2026-09-02T03:29:27.416447+00:00,2026-09-01T09:22:03+00:00,bbc_football,en,global,"The summer signings already making an impact - Sangare, Rogers, Enciso","BBC Sport takes a look at the summer signings getting off to a flying start in the new Premier League season, featuring Mamadou Sangare, Morgan Rogers, Julio Enciso, Gonzalo Garcia and Victor Munoz.",https://www.bbc.co.uk/sport/football/videos/cm2q1yn6620o?at_medium=RSS&at_campaign=rss,,
0ec9d940b056abcf,2026-09-02T03:29:27.416447+00:00,2026-08-31T21:37:50+00:00,bbc_football,en,global,Saka earns Arsenal hard-fought win at Aston Villa,Bukayo Saka's second-half goal is enough to earn Premier League champions Arsenal victory at Aston Villa.,https://www.bbc.co.uk/sport/football/videos/c0lrz74r8l9o?at_medium=RSS&at_campaign=rss,Arsenal;Aston Villa,
235036e45b21ffa8,2026-09-02T03:29:27.416447+00:00,2026-08-31T22:31:49+00:00,bbc_football,en,global,Lamine Yamal and Raphinha score twice as Barcelona hit five,Lamine Yamal and Raphinha score twice as Barcelona beat Rayo Vallecano 5-2 in La Liga.,https://www.bbc.co.uk/sport/football/videos/c4gl7j81l1do?at_medium=RSS&at_campaign=rss,Barcelona;Rayo Vallecano,
d7dd5905fd5e51de,2026-09-02T03:29:27.416447+00:00,2026-07-07T18:13:01+00:00,bbc_football,en,global,Watch: Messi's last-ever goal for Argentina,Lionel Messi scores a late equaliser for Argentina against Egypt to level the game at 2-2 during their match in Atlanta.,https://www.bbc.co.uk/sport/football/videos/c20yd7wp134o?at_medium=RSS&at_campaign=rss,,
8372efe60c043db7,2026-09-02T03:29:27.416447+00:00,2026-06-22T18:11:50+00:00,bbc_football,en,global,How Messi broke Klose's World Cup goalscoring record,Watch all of Lionel Messi's World Cup goals as he breaks Miroslav Klose's individual scoring record with a 17th goal in Argentina's group stage match against Austria.,https://www.bbc.co.uk/sport/football/videos/czj8m1zgrzvo?at_medium=RSS&at_campaign=rss,,
fef6460516d05d88,2026-09-02T03:29:27.416447+00:00,2026-08-30T22:47:53+00:00,bbc_football,en,global,MOTD pundits debate controversial own goal in Man Utd victory,Match of the Day pundits Ellen White and Shay Given discuss the refereeing controversy at Old Trafford whereby a loophole allowed a Harry Maguire handball to stand as a Jacob Greaves own goal.,https://www.bbc.co.uk/sport/football/videos/cp93xrk5k5xo?at_medium=RSS&at_campaign=rss,,
9fcd2a53b17212a7,2026-09-02T03:29:27.416447+00:00,2026-08-30T22:37:24+00:00,bbc_football,en,global,'He's on it all the time' - White praises 'unbelievable' Fernandes,"Match of the Day pundit Ellen White labels Bruno Fernandes ""unbelievable"", after the midfielder's hat-trick in Manchester United's 5-2 comeback win against Ipswich Town.",https://www.bbc.co.uk/sport/football/videos/cy4zmlrrpxxo?at_medium=RSS&at_campaign=rss,Ipswich Town;Manchester City;Manchester United,
352a5776196be23d,2026-09-02T03:29:27.416447+00:00,2026-08-30T22:59:49+00:00,bbc_football,en,global,Can Chelsea win the league with three at the back? Given's verdict,"Match of the Day pundit Shay Given praises Chelsea's flying wing-backs, backing Xabi Alonso's side to win the Premier League title using a three-at-the-back system.",https://www.bbc.co.uk/sport/football/videos/cwyz17d1vy9o?at_medium=RSS&at_campaign=rss,Chelsea,
54736eb5fa3682c4,2026-09-02T03:29:27.416447+00:00,2026-08-30T23:09:18+00:00,bbc_football,en,global,Given credits Farke's second-half tactical shift in Brentford draw,Match of the Day pundit Shay Given commends Leeds United's second-half tactical shift after Dominic Calvert-Lewin struck late to salvage a 1-1 draw with Brentford.,https://www.bbc.co.uk/sport/football/videos/c770rlyx817o?at_medium=RSS&at_campaign=rss,Brentford;Leeds United,
9979677fd0c3dd68,2026-09-02T03:29:27.416447+00:00,2026-08-30T19:08:36+00:00,bbc_football,en,global,Fernandes hat-trick inspires five-goal Man Utd comeback against Ipswich,Bruno Fernandes scores a hat-trick as Manchester United overcome an early scare to beat Ipswich Town 5-2 at Old Trafford.,https://www.bbc.co.uk/sport/football/videos/cy0z9e5g209o?at_medium=RSS&at_campaign=rss,Ipswich Town;Manchester City;Manchester United,
46ff87345a49136c,2026-09-02T03:29:27.416447+00:00,2026-08-30T19:00:20+00:00,bbc_football,en,global,Chelsea maintain perfect start in seven-goal Brighton thriller,"Chelsea maintained their perfect start to the season under Xabi Alonso, holding off a Brighton fightback to win a seven-goal encounter 4-3 at Stamford Bridge.",https://www.bbc.co.uk/sport/football/videos/c7v4e23z7gvo?at_medium=RSS&at_campaign=rss,Brighton and Hove Albion;Chelsea,
ecd1c7e8dd611067,2026-09-02T03:29:27.416447+00:00,2026-08-30T19:00:28+00:00,bbc_football,en,global,Calvert-Lewin rescues point for Leeds against Brentford,Dominic Calvert-Lewin scores his first goal of the season as Leeds battle back and earn a 1-1 draw against Brentford.,https://www.bbc.co.uk/sport/football/videos/cn0jx60ekk0o?at_medium=RSS&at_campaign=rss,Brentford;Leeds United,
2ba6ac9346504707,2026-09-02T03:29:27.416447+00:00,2026-08-30T19:00:24+00:00,bbc_football,en,global,Isidor strike hands Sunderland first win of season,Substitute Wilson Isidor strikes in the 75th minute to secure a hard-fought 1-0 victory for Sunderland over Fulham at the Stadium of Light.,https://www.bbc.co.uk/sport/football/videos/cy9zq3zx7veo?at_medium=RSS&at_campaign=rss,Fulham;Sunderland,
1fdcf066e4489471,2026-09-02T03:29:27.416447+00:00,2026-08-31T10:08:42+00:00,bbc_football,en,global,Watch round-up of best SPFL action,"Watch the best of the weekend action from the Scottish Championship, Scottish League 1 and Scottish League 2.",https://www.bbc.co.uk/sport/videos/cn0715p7wn7o?at_medium=RSS&at_campaign=rss,,
0fcda5d300ef1e4d,2026-09-02T03:29:27.416447+00:00,2026-09-01T12:24:52+00:00,bbc_football,en,global,Aston Villa sign Mbaye and Harwood-Bellis,Aston Villa complete the signings of Senegal winger Ibrahim Mbaye from Paris St-Germain and English centre-back Taylor Harwood-Bellis from Southampton.,https://www.bbc.co.uk/sport/football/articles/c1kxmjvnl8yo?at_medium=RSS&at_campaign=rss,Aston Villa;Paris FC,
0846e551d79e459e,2026-09-02T03:29:27.416447+00:00,2026-09-01T18:26:12+00:00,bbc_football,en,global,Miedema to miss start of season with knee injury,Vivianne Miedema will miss the start of the Women's Super League season because of a knee injury.,https://www.bbc.co.uk/sport/football/articles/c0rez8re11ko?at_medium=RSS&at_campaign=rss,,
3cdd5938ec299bd7,2026-09-02T03:29:27.416447+00:00,2026-09-01T23:03:28+00:00,bbc_football,en,global,Celtic sign Parma's Sorensen as Hatate and Kenny are sold,Celtic sign Parma midfielder Oliver Sorensen on loan as Reo Hatate is sold to Burnley and Johnny Kenny heads back to Bolton Wanderers.,https://www.bbc.co.uk/sport/football/articles/c62ek3n67e7o?at_medium=RSS&at_campaign=rss,Parma,
45de3095c42b5d99,2026-09-02T03:29:27.416447+00:00,2026-09-01T16:23:52+00:00,bbc_football,en,global,Valencia sign Liverpool's Elliott on loan,Liverpool midfielder Harvey Elliott joins Valencia on a season-long loan,https://www.bbc.co.uk/sport/football/articles/c305m3jqy89o?at_medium=RSS&at_campaign=rss,Liverpool;Valencia,
bbb5db53b4ffe5d8,2026-09-02T03:29:27.416447+00:00,2026-09-01T18:32:20+00:00,bbc_football,en,global,Arsenal's Nwaneri joins Dortmund on loan,German club Borussia Dortmund signs Ethan Nwaneri on a season-long loan from Arsenal.,https://www.bbc.co.uk/sport/football/articles/c70lq9rpzgjo?at_medium=RSS&at_campaign=rss,Arsenal;Borussia Dortmund,
321e141e59434daf,2026-09-02T03:29:27.416447+00:00,2026-09-01T23:13:16+00:00,bbc_football,en,global,Brighton sign midfielder Chema Andres from Stuttgart,Brighton secure deadline day deal to sign former Real Madrid midfielder Chema Andres from Stuttgart for £15.5m,https://www.bbc.co.uk/sport/football/articles/cdx5e590qqeo?at_medium=RSS&at_campaign=rss,Atlético Madrid;Brighton and Hove Albion;Real Madrid;VfB Stuttgart,
158bf977dbf71899,2026-09-02T03:29:27.416447+00:00,2026-09-01T19:19:59+00:00,bbc_football,en,global,'Not bothered I am plan B' - Jesus joins Barcelona,Barcelona have completed the signing of Gabriel Jesus on a permanent deal.,https://www.bbc.co.uk/sport/football/articles/cx2zpx27l91o?at_medium=RSS&at_campaign=rss,Barcelona,
71875499780e370d,2026-09-02T03:29:27.416447+00:00,2026-09-01T12:15:19+00:00,bbc_football,en,global,McTominay to miss Scotland games with minor heart issue,"Scotland midfielder Scott McTominay is to have a minor heart procedure after the discovery of ""a mild benign arrhythmia"", Napoli have announced.",https://www.bbc.co.uk/sport/football/articles/c305dgrdjq6o?at_medium=RSS&at_campaign=rss,Napoli,
ea1533681fb9a64a,2026-09-02T03:29:27.416447+00:00,2026-09-01T12:47:43+00:00,bbc_football,en,global,Ahanor announced by two clubs in one day after Chelsea workaround,Chelsea announce teenage defender Honest Ahanor will join the club in 2027 after the Atalanta player has completed a loan at Crystal Palace.,https://www.bbc.co.uk/sport/football/articles/cdj4ev9nmj4o?at_medium=RSS&at_campaign=rss,Atalanta BC;Chelsea;Crystal Palace,
be8c35f90fd0b6af,2026-09-02T03:29:27.416447+00:00,2026-09-01T17:56:09+00:00,bbc_football,en,global,Juventus sign Woltemade and Sarr on loan,Juventus have announced the arrival of Newcastle forward Nick Woltemade and Tottenham Hotspur midfielder Pape Matar Sarr on season-long loan deals.,https://www.bbc.co.uk/sport/football/articles/c3wj80lw5q2o?at_medium=RSS&at_campaign=rss,Juventus;Newcastle United;Tottenham Hotspur,
f9eadab76438054f,2026-09-02T03:29:27.416447+00:00,2026-09-01T21:04:30+00:00,bbc_football,en,global,Man Utd fail in attempt to sign Ait-Nouri from Man City,Manchester United approached Manchester City in the final hours of the transfer window in an attempt to sign Algeria defender Rayan Ait-Nouri on loan,https://www.bbc.co.uk/sport/football/articles/cwyzn5n015go?at_medium=RSS&at_campaign=rss,Manchester City;Manchester United,
085644af343e0d6f,2026-09-02T03:29:27.416447+00:00,2026-09-01T19:50:05+00:00,bbc_football,en,global,Chelsea goalkeeper Sanchez joins Como on loan,Chelsea goalkeeper Robert Sanchez joins Como on a season-long loan after losing his starting spot to new arrival Emi Martinez.,https://www.bbc.co.uk/sport/football/articles/ce3r0yww04ro?at_medium=RSS&at_campaign=rss,Chelsea;Como,
cac61f38a045f33e,2026-09-02T03:29:27.416447+00:00,2026-09-01T20:23:03+00:00,bbc_football,en,global,Boss Goodwin leaves hospital but still absent from Dundee Utd role,Dundee United manager Jim Goodwin has been released from hospital after a health scare but it remains unclear when he will resume his duties.,https://www.bbc.co.uk/sport/football/articles/c0m31m2191lo?at_medium=RSS&at_campaign=rss,,
08f926f991b59fe8,2026-09-02T03:29:27.416447+00:00,2026-09-01T18:29:04+00:00,bbc_football,en,global,Raskin 'as good as gold' amid Rangers transfer wait - McInnes,"Nicolas Raskin has ""been good as gold"" despite no signs of a transfer from Rangers and the Belgium midfielder's absence from their latest two match-day squads, manager Derek McInnes insists.",https://www.bbc.co.uk/sport/football/articles/ce3r0yzgwp2o?at_medium=RSS&at_campaign=rss,,
23f10cda2128ffcf,2026-09-02T03:29:27.416447+00:00,2026-08-31T23:15:36+00:00,bbc_football,en,global,Arteta joins elite 250 club - but where does he rank?,Arsenal's fans are singing about winning the league again under Mikel Arteta. Monday's 1-0 win at Aston Villa demonstrated the strengths they have developed under their long-serving manager.,https://www.bbc.co.uk/sport/football/articles/cy4z8qjx931o?at_medium=RSS&at_campaign=rss,Arsenal;Aston Villa,
2fa256dfa5f86a90,2026-09-02T03:29:27.416447+00:00,2026-09-01T14:38:09+00:00,bbc_football,en,global,Portsmouth goalkeeper legend Knight dies aged 65,"Goalkeeper Alan Knight, who played 801 Portsmouth games, dies aged 65 after being diagnosed with prostate cancer in 2024.",https://www.bbc.co.uk/sport/football/articles/cx2z5ze24g7o?at_medium=RSS&at_campaign=rss,,
bcda19ddf273c232,2026-09-02T03:29:27.416447+00:00,2026-08-31T23:00:03+00:00,bbc_football,en,global,Who has made Troy's Premier League team of the week?,"After every round of Premier League matches this season, Troy Deeney gives us his team of the week. Do you agree with his choices?",https://www.bbc.co.uk/sport/football/articles/c74em1dx0pjo?at_medium=RSS&at_campaign=rss,,
8dcce8ea2db50c5a,2026-09-02T03:29:27.416447+00:00,2026-09-01T06:09:56+00:00,bbc_football,en,global,Flex your football brain with our daily quizzes,"Test your ball knowledge with today's Who Am I?, Five in Five and Brainteaser.",https://www.bbc.co.uk/sport/football/articles/cpwl500jjgro?at_medium=RSS&at_campaign=rss,,
7f8d047645e1579c,2026-09-02T03:29:27.416447+00:00,2026-09-01T12:01:17+00:00,bbc_football,en,global,Beckham and Mourinho pay tribute to Messi,"Former England captain Sir David Beckham says Lionel Messi has inspired ""millions of children worldwide,"" following the Argentine retiring from international football.",https://www.bbc.co.uk/sport/football/articles/cdx0nw1n9y8o?at_medium=RSS&at_campaign=rss,,
dd59c5068f03c333,2026-09-02T03:29:27.416447+00:00,2026-09-01T09:00:24+00:00,bbc_football,en,global,Wrexham sign Burnley defender Worrall,"Wrexham, who are yet to keep a clean sheet this season, sign centre-back Joe Worrall from Championship rivals Burnley.",https://www.bbc.co.uk/sport/football/articles/c99dydkky1eo?at_medium=RSS&at_campaign=rss,,
17e1f9d544616f61,2026-09-02T03:29:27.416447+00:00,2026-08-31T20:59:29+00:00,bbc_football,en,global,How did match-winner Saka do? Aston Villa v Arsenal ratings,How Aston Villa and Arsenal's players rated following the Gunners' 1-0 win.,https://www.bbc.co.uk/sport/football/articles/cpwlxkynjvno?at_medium=RSS&at_campaign=rss,Arsenal;Aston Villa,
7392de2e691c4299,2026-09-02T03:29:27.416447+00:00,2026-08-31T17:46:23+00:00,bbc_football,en,global,"Goals, records, tears ... Messi's most iconic moments","As Lionel Messi retires from international football following the death of his father, BBC Sport looks back at some of his most iconic moments.",https://www.bbc.co.uk/sport/football/articles/c74x9zd83vlo?at_medium=RSS&at_campaign=rss,,
219313f2b2e837ec,2026-09-02T03:29:27.416447+00:00,2026-08-31T13:14:48+00:00,bbc_football,en,global,Barcola - the 'grasshopper' who has overcome setbacks,"As Liverpool complete a £123m transfer for Bradley Barcola, BBC Sport looks at how he has ridden triumphs and setbacks to reach the top with the help of his family.",https://www.bbc.co.uk/sport/football/articles/ceqewejnpr3o?at_medium=RSS&at_campaign=rss,Liverpool,
b3c9b9b01826e882,2026-09-02T03:29:27.416447+00:00,2026-08-29T21:15:46+00:00,bbc_football,en,global,"£300m spent, bottom of the table... but Spurs boss De Zerbi 'not angry'","Having spent more than £300m in the summer, Tottenham find themselves bottom of the Premier League, without a point or a goal, but boss Roberto de Zerbi remains optimistic.",https://www.bbc.co.uk/sport/football/articles/clyqn158n5jo?at_medium=RSS&at_campaign=rss,Tottenham Hotspur,
452f9a2f4f7dafcb,2026-09-02T03:29:27.416447+00:00,2026-08-30T17:12:39+00:00,bbc_football,en,global,Why Chelsea need more than a new goalkeeper to be title challengers,Chelsea's new goalkeeper Emiliano Martinez made his debut in a thrilling 4-3 win over Brighton - but is unable to solve his new club's defensive problems on his own.,https://www.bbc.co.uk/sport/football/articles/cwyzpez3x3go?at_medium=RSS&at_campaign=rss,Brighton and Hove Albion;Chelsea,
424fbd35799e35b5,2026-09-02T03:29:27.416447+00:00,2026-08-29T15:49:49+00:00,bbc_football,en,global,'That trust isn't there' - how does Iraola get best out of Isak?,Alexander Isak scored his first goal of the season in the 2-2 draw against Nottingham Forest - but how do Liverpool get the best out of him?,https://www.bbc.co.uk/sport/football/articles/cgjq65nvw38o?at_medium=RSS&at_campaign=rss,Liverpool;Nottingham Forest,
9a261af2b3ba5d06,2026-09-02T03:29:27.416447+00:00,2026-08-18T14:04:22+00:00,bbc_football,en,global,Play BBC Sport's new Match of the Day Predictor game,Play BBC Sport's new Match of the Day predictor game to test your football knowledge and build up your streak.,https://www.bbc.co.uk/sport/football/articles/cqlxwvl1vv6o?at_medium=RSS&at_campaign=rss,,
40618159b4ffaa51,2026-09-02T03:29:27.416447+00:00,2026-08-25T11:22:52+00:00,bbc_football,en,global,When is the EFL Cup third-round draw?,"The third-round draw of the EFL Cup takes place on Wednesday, with nine Premier League teams entering the competition at this stage.",https://www.bbc.co.uk/sport/football/articles/clyegmmvr4vo?at_medium=RSS&at_campaign=rss,,
82ca3671fb2a6546,2026-09-02T03:29:27.416447+00:00,2026-08-25T08:54:07+00:00,bbc_football,en,global,How does prize money work in the EFL Cup?,BBC Sport's Ask Me Anything team explains how prize money works in the EFL Cup,https://www.bbc.co.uk/sport/articles/c8xkl258871o?at_medium=RSS&at_campaign=rss,,
dfa3810ef034c17a,2026-09-02T03:29:27.416447+00:00,2026-08-21T13:18:43+00:00,bbc_football,en,global,Why don't Chelsea or Sunderland have a shirt sponsor?,BBC Sport's Ask Me Anything team look at why Chelsea and Sunderland are the only Premier League clubs without a front-of-shirt sponsor.,https://www.bbc.co.uk/sport/articles/cn0r9xk94l9o?at_medium=RSS&at_campaign=rss,Chelsea;Sunderland,
df277e3ee1ccae24,2026-09-02T03:29:27.416447+00:00,2026-08-11T14:54:32+00:00,bbc_football,en,global,Why do teams choose not to disclose transfer fees?,"Our Ask Me Anything team explain why some player transfer fees are undisclosed, plus more of your transfer window questions.",https://www.bbc.co.uk/sport/football/articles/cy0j1284e47o?at_medium=RSS&at_campaign=rss,,
429436eb5118d76d,2026-09-02T03:29:27.416447+00:00,2026-08-07T10:03:52+00:00,bbc_football,en,global,What are the key dates for the women's football season?,BBC Sport's Ask Me Anything team details the key dates are for the 2026-27 women's football season.,https://www.bbc.co.uk/sport/football/articles/czxe311vkw9o?at_medium=RSS&at_campaign=rss,,
8b36875e1c8d9df6,2026-09-02T03:29:27.416447+00:00,2026-07-09T17:04:26+00:00,bbc_football,en,global,What are the key dates for the 2026-27 football season?,BBC Sport's Ask Me Anything explains the full list of key dates for the 2026-27 men's football season,https://www.bbc.co.uk/sport/football/articles/cd0m840p7d1o?at_medium=RSS&at_campaign=rss,,
71875499780e370d,2026-09-02T03:29:27.416447+00:00,2026-09-01T12:15:19+00:00,bbc_football,en,global,McTominay to miss Scotland games with minor heart issue,"Scotland midfielder Scott McTominay is to have a minor heart procedure after the discovery of ""a mild benign arrhythmia"", Napoli have announced.",https://www.bbc.co.uk/sport/football/articles/c305dgrdjq6o?at_medium=RSS&at_campaign=rss,Napoli,
3cdd5938ec299bd7,2026-09-02T03:29:27.416447+00:00,2026-09-01T23:03:28+00:00,bbc_football,en,global,Celtic sign Parma's Sorensen as Hatate and Kenny are sold,Celtic sign Parma midfielder Oliver Sorensen on loan as Reo Hatate is sold to Burnley and Johnny Kenny heads back to Bolton Wanderers.,https://www.bbc.co.uk/sport/football/articles/c62ek3n67e7o?at_medium=RSS&at_campaign=rss,Parma,
08f926f991b59fe8,2026-09-02T03:29:27.416447+00:00,2026-09-01T18:29:04+00:00,bbc_football,en,global,Raskin 'as good as gold' amid Rangers transfer wait - McInnes,"Nicolas Raskin has ""been good as gold"" despite no signs of a transfer from Rangers and the Belgium midfielder's absence from their latest two match-day squads, manager Derek McInnes insists.",https://www.bbc.co.uk/sport/football/articles/ce3r0yzgwp2o?at_medium=RSS&at_campaign=rss,,
07b51b8b612a1543,2026-09-02T03:29:27.416447+00:00,2026-09-02T00:07:18+00:00,bbc_football,en,global,Everton sell Scotland's Patterson to Torino,Everton sell Scotland right-back Nathan Patterson to Torino for an undisclosed fee.,https://www.bbc.co.uk/sport/football/articles/cn4kyyw1v8do?at_medium=RSS&at_campaign=rss,Everton;Torino,
85b6fe87785831b1,2026-09-02T03:29:27.416447+00:00,2026-09-01T12:58:19+00:00,bbc_football,en,global,Why is Scotland's transfer window closing on Thursday?,BBC Scotland answers the question about Scotland's delayed closure of the summer transfer window.,https://www.bbc.co.uk/sport/football/articles/cx2zy363lqyo?at_medium=RSS&at_campaign=rss,,
cac61f38a045f33e,2026-09-02T03:29:27.416447+00:00,2026-09-01T20:23:03+00:00,bbc_football,en,global,Goodwin leaves hospital but still absent from Dundee Utd role,Dundee United manager Jim Goodwin has been released from hospital after a health scare but it remains unclear when he will resume his duties.,https://www.bbc.co.uk/sport/football/articles/c0m31m2191lo?at_medium=RSS&at_campaign=rss,,
0846e551d79e459e,2026-09-02T03:29:27.416447+00:00,2026-09-01T18:26:12+00:00,bbc_football,en,global,Miedema to miss start of season with knee injury,Vivianne Miedema will miss the start of the Women's Super League season because of a knee injury.,https://www.bbc.co.uk/sport/football/articles/c0rez8re11ko?at_medium=RSS&at_campaign=rss,,
73dbff2af5d7df04,2026-09-02T03:29:27.416447+00:00,2026-09-01T09:59:20+00:00,bbc_football,en,global,Arsenal agree terms to sign De Almeida from PSG,Arsenal agree terms to sign versatile France defender Elisa de Almeida from Paris St-Germain.,https://www.bbc.co.uk/sport/football/articles/cgl7yw9y1weo?at_medium=RSS&at_campaign=rss,Arsenal;Paris FC,
cd046d7544646c1c,2026-09-02T03:29:27.416447+00:00,2026-08-31T10:30:12+00:00,bbc_football,en,global,Germany's Wamser completes move to Man City,Manchester City complete the signing of Bayer Leverkusen and Germany defender Carlotta Wamser on a four-year deal.,https://www.bbc.co.uk/sport/football/articles/c4g5x8y0n2jo?at_medium=RSS&at_campaign=rss,Bayer Leverkusen;Manchester City,
324eacc56ba9dcf3,2026-09-02T03:29:27.416447+00:00,2026-08-31T08:21:54+00:00,bbc_football,en,global,Man Utd near deal for Mexico's Bernal,Manchester United are close to signing Mexico international Rebeca Bernal from Washington Spirit.,https://www.bbc.co.uk/sport/football/articles/c780weq4146o?at_medium=RSS&at_campaign=rss,Manchester City;Manchester United,
b22ff04a7d6ed887,2026-09-02T03:29:27.416447+00:00,2026-08-31T15:04:00+00:00,bbc_football,en,global,"The WSL returns, smart summer signings and Wafcon review",Ellen White and Ben Haines are back for a new season!,https://www.bbc.co.uk/sounds/play/p0p77g2h?at_medium=RSS&at_campaign=rss,,
391f16f95040d871,2026-09-02T03:29:27.416447+00:00,2026-08-28T16:00:28+00:00,bbc_football,en,global,Ruiz named Brighton boss after shock Vidosic exit,Brighton have confirmed the appointment of Arturo Ruiz as their new women's head coach following the shock departure of Dario Vidosic.,https://www.bbc.co.uk/sport/football/articles/c209g56znylo?at_medium=RSS&at_campaign=rss,Brighton and Hove Albion,
8a4142072b152723,2026-09-02T03:29:27.416447+00:00,2026-08-28T16:13:12+00:00,bbc_football,en,global,Man Utd sign Swedish winger Jusu Bah for £400K,"Manchester United have confirmed the signing of Sweden winger Monica Jusu Bah from BK Hacken for just under £400,000.",https://www.bbc.co.uk/sport/football/articles/c14dlme86d8o?at_medium=RSS&at_campaign=rss,Manchester City;Manchester United,
189f296b128b51d9,2026-09-02T03:29:27.416447+00:00,2026-08-08T05:15:34+00:00,bbc_football,en,global,Life as a Wag in the transfer window,What is life like for footballers' families during the transfer window where a last-minute deal means you need to uproot your life and move hundreds of miles?,https://www.bbc.co.uk/sport/football/articles/cx2jpgj24vlo?at_medium=RSS&at_campaign=rss,,
ce8ccaa230f4ad4d,2026-09-02T03:29:27.416447+00:00,2026-08-07T12:41:51+00:00,bbc_football,en,global,A secret invite and other 'pinch-me' moments before Leicester woke up,Leicester are gearing up for League One but 10 years ago they were defending Premier League champions. The dream moments haven't been forgotten.,https://www.bbc.co.uk/sport/football/articles/cy7j72nvzmzo?at_medium=RSS&at_campaign=rss,,
717fff00f9d3dd6f,2026-09-02T03:29:27.416447+00:00,2026-08-04T05:17:17+00:00,bbc_football,en,global,The summer that changed Welsh football,"A decade on from Euro 2016, key figures tell BBC Sport Wales the inside story of the summer that changed Welsh football forever.",https://www.bbc.co.uk/sport/football/articles/ced4lq94ldvo?at_medium=RSS&at_campaign=rss,,
4869993d41ac3910,2026-09-02T03:29:27.416447+00:00,2026-07-21T05:47:13+00:00,bbc_football,en,global,The country that doesn't play football... yet,Nauru is the only nation to have never played an official international football match and hardly anyone there plays the game. Is that about to change?,https://www.bbc.co.uk/sport/football/articles/c5y03dermmeo?at_medium=RSS&at_campaign=rss,,
c0fc2812f59d2223,2026-09-02T03:29:27.416447+00:00,2026-07-04T11:02:02+00:00,bbc_football,en,global,In spotlight but shunning limelight - Olise's unique rise to top,"A footballer who dislikes too much media attention, but Michael Olise might not have much choice if he carries on his World Cup heroics.",https://www.bbc.co.uk/sport/football/articles/c5yzr42943lo?at_medium=RSS&at_campaign=rss,,
9808b5c020a1c750,2026-09-02T03:29:27.416447+00:00,2026-06-02T05:28:25+00:00,bbc_football,en,global,How Cornish miners brought football to Mexico,"As Mexico prepares to become the first country to host or co-host the World Cup three times, BBC Sport looks at its Cornish footballing roots.",https://www.bbc.co.uk/sport/football/articles/cx21q453l4jo?at_medium=RSS&at_campaign=rss,,
21baee72d09bb3bb,2026-09-02T03:29:27.416447+00:00,2026-09-02T06:40:00+00:00,sky_football,en,global,Gauff makes storming start while Serena eyes revenge against Joint in doubles,"Coco Gauff opened her US Open campaign with a straight-sets win over Zeynep Sonmez, while two-time women's doubles champions Serena and Venus Williams are set to face Maya Joint and Chan Hao-Ching after the draw on Tuesday.",https://www.skysports.com/tennis/news/12040/13580205/us-open-coco-gauff-makes-storming-start-while-serena-and-venus-williams-are-drawn-to-face-maya-joint-and-chan-hao-ching-in-womens-doubles,,
96c984efb3e56817,2026-09-02T03:29:27.416447+00:00,2026-09-02T04:21:00+00:00,sky_football,en,global,Balogun walks away from Everton deal - after move scuppered Camara to Chelsea,Everton's move for Monaco striker Folarin Balogun has fallen through after a change of heart from the player - after the deal scuppered Chelsea's chances of signing Lamine Camara.,https://www.skysports.com/football/news/12040/13580201/folarin-balogun-monaco-strikers-move-to-everton-falls-through-after-deal-scuppered-chelseas-chances-of-signing-lamine-camara,AS Monaco;Chelsea;Everton,
66fd08e102ae2de0,2026-09-02T03:29:27.416447+00:00,2026-09-02T04:15:00+00:00,sky_football,en,global,'Very unhappy' - Why Chelsea still sold Fernandez despite Camara drama,Sky Sports chief correspondent Kaveh Solhekol explains why Chelsea sold Enzo Fernandez to rivals Manchester City despite the last-minute collapse of their deal to sign Lamine Camara from  Monaco.,https://www.skysports.com/watch/video/13580198/explained-why-chelsea-still-sold-enzo-fernandez-despite-collapse-of-lamina-camara-deal,AS Monaco;Chelsea;Manchester City,
bb1e28e9a0d433ef,2026-09-02T03:29:27.416447+00:00,2026-09-02T03:15:00+00:00,sky_football,en,global,Deal off! Monaco pull out of selling Fernandez replacement Camara to Chelsea,Monaco have pulled out of the deal to sell Lamine Camara to Chelsea - who feel the French club have acted in an extraordinary and deeply unprofessional way.,https://www.skysports.com/football/news/12040/13580189/lamine-camara-monaco-pull-out-of-selling-midfielder-to-chelsea-in-47m-deal-after-blues-agreed-deal-for-enzo-fernandez-replacement,AS Monaco;Chelsea,
dfa141bb4f5b8d6c,2026-09-02T03:29:27.416447+00:00,2026-09-02T04:15:00+00:00,sky_football,en,global,Sunderland complete Fofana signing after dramatic saga,Sunderland have finally completed the signing of Lyon winger Malick Fofana after a dramatic Deadline Day transfer saga involving two private jets and the player changing his mind multiple times.,https://www.skysports.com/football/news/12040/13580106/malick-fofana-sunderland-finally-complete-signing-of-lyon-winger-after-deadline-day-drama-with-crystal-palace,Lyon;Sunderland,
8c4f5bd08f5fd4e4,2026-09-02T03:29:27.416447+00:00,2026-09-02T03:10:00+00:00,sky_football,en,global,Koivun handed shock Team USA debut as Presidents Cup picks revealed,"Jackson Koivun has been handed a Team USA debut for this month's Presidents Cup, just months after turning professional, as former world No 1 Jason Day missed out on a spot in the International Team.",https://www.skysports.com/golf/news/12040/13580066/presidents-cup-2026-jackson-koivun-handed-shock-team-usa-debut-as-brandt-snedeker-geoff-ogilvy-reveal-captains-picks,,
5f28f0e1809b339f,2026-09-02T03:29:27.416447+00:00,2026-09-02T04:10:00+00:00,sky_football,en,global,US Open scores: Zverev vs Sonego in overnight action,,https://www.skysports.com/tennis/scores-schedule,,
b1326ca580ee23b1,2026-09-02T03:29:27.416447+00:00,2026-09-02T03:30:00+00:00,sky_football,en,global,Man City sign Fernandez in British-record-equalling deal,Manchester City have signed Enzo Fernandez from Chelsea for a joint-British-record fee of &#163;125m.,https://www.skysports.com/football/news/12040/13579972/enzo-fernandez-transfer-news-man-city-sign-midfielder-from-chelsea-in-british-record-equalling-125m-deal,Chelsea;Manchester City,
da3fe70110bd1ddc,2026-09-02T03:29:27.416447+00:00,2026-09-02T03:00:00+00:00,sky_football,en,global,How much did your club spend? Premier League breaks transfer record,How much have clubs spent on transfers during the summer window? We crunch the numbers...,https://www.skysports.com/football/news/12040/13574593/summer-transfer-spending-premier-league-efl-wsl-scottish-premiership-laliga-ligue-1-serie-a-and-bundesliga-breakdowns,,
88493e7a57138c46,2026-09-02T03:29:27.416447+00:00,2026-08-02T03:06:00+00:00,sky_football,en,global,Spurs sign Chelsea duo Mudryk and Tosin on Deadline Day,Tottenham have signed Chelsea winger Mykhailo Mudryk on a season-long loan with an option to buy.,https://www.skysports.com/football/news/12040/13579537/mykhailo-mudryk-transfer-news-tottenham-sign-chelsea-winger-on-loan-as-tosin-joins-in-permanent-deal,Chelsea;Tottenham Hotspur,
3c60d2b2f091f150,2026-09-02T03:29:27.416447+00:00,2026-09-02T03:00:00+00:00,sky_football,en,global,Alvarez stays at Atletico - so are Arsenal too short in attack?,No Julian Alvarez to Arsenal. He joins Morgan Rogers and Vinicius Junior in not moving to the Premier League champions this summer. And Mikel Arteta has missed out on the star attacker he wanted.,https://www.skysports.com/football/news/12040/13579965/arsenal-fail-to-sign-julian-alvarez-and-with-no-elite-attacker-in-are-mikel-artetas-team-short-in-the-forward-options,Arsenal,
0d134339e9217dd1,2026-09-02T03:29:27.416447+00:00,2026-09-02T01:30:00+00:00,sky_football,en,global,Szmodics strikes as Derby win at Portsmouth,Derby secured their first win of the season with a 2-0 victory at Portsmouth thanks to goals from Sammie Szmodics and Lars-Jorgen Salvesen.,https://www.skysports.com/football/portsmouth-vs-derby-county/report/560536,,
9e5d6d1eb87299ba,2026-09-02T03:29:27.416447+00:00,2026-09-02T01:30:00+00:00,sky_football,en,global,In-form Swansea ease past Watford,Swansea moved top of the Sky Bet Championship with a 2-0 home win over Watford.,https://www.skysports.com/football/swansea-city-vs-watford/report/560540,,
69b7d45b10cba6e4,2026-09-02T03:29:27.416447+00:00,2026-09-02T03:49:00+00:00,sky_football,en,global,Fery outclassed by Musetti on US Open debut,Arthur Fery's hopes of a fairy-tale debut run at the US Open were ended in the first round by a straight-sets defeat to Lorenzo Musetti at Flushing Meadows.,https://www.skysports.com/tennis/news/12040/13580037/us-open-2026-arthur-fery-beaten-by-lorenzo-musetti-in-straight-sets-on-flushing-meadows-debut,San Lorenzo,
f29238974bff5769,2026-09-02T03:29:27.416447+00:00,2026-09-02T04:00:00+00:00,sky_football,en,global,Record-breaking transfer spend but is anyone really happy?,It sums up a wild Transfer Deadline Day that the British transfer record was matched in the final hours of the window. Enzo Fernandez's move from Chelsea to Manchester City completed an extraordinary summer in which spending went stratospheric.,https://www.skysports.com/football/news/12040/13580082/transfer-deadline-day-brings-record-spending-but-will-any-money-be-enough-for-these-premier-league-clubs,Chelsea;Manchester City,
acda99b2aaa18215,2026-09-02T03:29:27.416447+00:00,2026-09-02T01:30:00+00:00,sky_football,en,global,Stoke claim vital narrow win against Norwich,Ethan Galbraith earned Stoke their first points of the Championship season with a 1-0 victory over Norwich at the bet365 Stadium.,https://www.skysports.com/football/stoke-city-vs-norwich-city/report/560539,,
d5386ea6e0fcce04,2026-09-02T03:29:27.416447+00:00,2026-09-02T01:30:00+00:00,sky_football,en,global,Lincoln held by 10-man Blackburn,Lincoln were forced to settle for a point in a stalemate with 10-man Blackburn.,https://www.skysports.com/football/lincoln-city-vs-blackburn-rovers/report/560535,,
5c11457e6a4fba82,2026-09-02T03:29:27.416447+00:00,2026-09-02T04:01:00+00:00,sky_football,en,global,Fulham latest: Three Deadline Day signings confirmed,,https://www.skysports.com/football/live-blog/12040/13279313/fulham-transfers-latest-news-rumours-and-gossip-live-updates-goals-and-highlights,Fulham,
2c6f6735c664f022,2026-09-02T03:29:27.416447+00:00,2026-09-02T01:30:00+00:00,sky_football,en,global,Sheff Utd hit back to edge Bolton in five-goal thriller,Romelle Donovan grabbed the winner in time added on to give Sheffield United a 3-2 victory over Bolton at Bramall Lane.,https://www.skysports.com/football/sheffield-united-vs-bolton-wanderers/report/560538,,
ccac3a9eb3b168e9,2026-09-02T03:29:27.416447+00:00,2026-09-02T01:30:00+00:00,sky_football,en,global,Bristol City win piles more misery on struggling Preston,Two late goals helped Bristol City secure back-to-back Championship wins as they saw off spirited Preston 3-1 at Deepdale.,https://www.skysports.com/football/preston-north-end-vs-bristol-city/report/560537,,
6275d8ce969036cf,2026-09-02T03:29:27.416447+00:00,2026-09-01T23:12:28+00:00,guardian,en,global,Fernández completes record-equalling £125m move from Chelsea to Manchester City,"Fernández: ‘This is a club built for success’    Chelsea’s move for Monaco’s Camara falls through    Manchester City have equalled the British transfer record with a £125m deal to sign Enzo Fernández from Chelsea, who were left raging after their attempts to replace the Argentina midfielder were dashed by Monaco reneging on an agreement to sell Lamine Camara last night.  On a day of twists and tur",https://www.theguardian.com/football/2026/sep/02/fernandez-completes-record-equalling-125m-move-from-chelsea-to-manchester-city,AS Monaco;Chelsea;Manchester City,
90e25db682ae23ff,2026-09-02T03:29:27.416447+00:00,2026-09-01T23:46:05+00:00,guardian,en,global,Everton left with only one striker after Balogun deal collapses late on deadline day,25-year-old walks away from £40m deal at last moment    Beto and Ndiaye already sold by club to raise funds    Everton’s £40m move for US international Folarin Balogun collapsed late on deadline day to leave manager David Moyes with only one striker for the first half of the season.  Everton had agreed a £40m deal for Balogun only for issues with the striker’s medical to place the transfer in doub,https://www.theguardian.com/football/2026/sep/02/everton-in-late-scramble-to-complete-balogun-transfer-after-flurry-of-sales,Everton,
d2e2d97c4458b518,2026-09-02T03:29:27.416447+00:00,2026-09-01T22:15:29+00:00,guardian,en,global,Sunderland pip Crystal Palace in battle of the private jets to land Malick Fofana,Both clubs send planes to France to acquire Lyon winger    Sunderland submit deal sheet for £31m transfer     Sunderland and Crystal Palace were involved in an extraordinary deadline-day tug of war that concluded with Malick Fofana agreeing to swap Lyon for the Stadium of Light in a club-record £31m move.  On Tuesday morning it had seemed that the 21-year-old Belgium winger was heading for Sunderl,https://www.theguardian.com/football/2026/sep/01/sunderland-pip-crystal-palace-in-battle-of-the-private-jets-to-land-malick-fofana,Crystal Palace;Lyon;Sunderland,
08bd027b69eed18c,2026-09-02T03:29:27.416447+00:00,2026-09-01T21:24:04+00:00,guardian,en,global,‘A great feeling’: Mykhailo Mudryk seals loan move from Chelsea to Tottenham,"Deal for Ukrainian winger has £75m purchase option    Mudryk: ‘I’m so excited to be reunited with De Zerbi’    Tottenham have thrown a Premier League lifeline to the forgotten Chelsea winger, Mykhailo Mudryk, signing him on loan just before the transfer deadline and challenging him to revive his career.  Mudryk became a €100m (£89m) player when Chelsea  took him from Shakhtar Donetsk in January 20",https://www.theguardian.com/football/2026/sep/01/a-great-feeling-mykhailo-mudryk-seals-loan-move-from-chelsea-to-tottenham,Chelsea;Tottenham Hotspur,
c323c8091bff9d4b,2026-09-02T03:29:27.416447+00:00,2026-09-01T21:01:15+00:00,guardian,en,global,West Ham fight off Wolves as Divine Mukasa double eases pressure on Nuno,"It was a match between two disjointed sides, two teams trying to carve out new identities following the drop into the Championship. In the end West Ham won thanks to a bit of luck, a degree of resolve and, crucially, a sharpness in front of goal that took them away from Wolves and reduced the pressure on Nuno Espírito Santo, for a few days at least.  First-half goals from Divine Mukasa and Jarrod ",https://www.theguardian.com/football/2026/sep/01/west-ham-wolves-championship-match-report,,
a9bffee2f5e0c357,2026-09-02T03:29:27.416447+00:00,2026-09-01T17:58:47+00:00,guardian,en,global,Aston Villa sign Mbaye and Harwood-Bellis as Newcastle get Fernandez-Pardo,"Gabriel Jesus completes move from Arsenal to Barcelona    Harvey Elliott joins Valencia on loan from Liverpool     Aston Villa  completed the signings of Ibrahim Mbaye and Taylor Harwood-Bellis on deadline day, with Unai Emery confident the club’s radical summer overhaul has left Villa in position to replicate their recent success. Villa, who have lost both of their Premier League games this campa",https://www.theguardian.com/football/2026/sep/01/aston-villa-sign-mbaye-and-harwood-bellis-as-newcastle-get-fernandez-pardo,Arsenal;Aston Villa;Barcelona;Liverpool;Newcastle United;Valencia,
6b752ef91e89184c,2026-09-02T03:29:27.416447+00:00,2026-09-01T23:01:15+00:00,guardian,en,global,Women’s Super League 2026-27 preview No 12: Manchester United,The departure of Marc Skinner and senior squad members leaves new manager Eva Olid to guide United into new era   Guardian writers’ predicted position:  7th (NB: this is not necessarily Tom Garry’s prediction but the average of our writers’ tips)   Last season’s position:  4th   Continue reading...,https://www.theguardian.com/football/2026/sep/02/womens-super-league-preview-manchester-united,Manchester City;Manchester United,
7e52567b6ba4095d,2026-09-02T03:29:27.416447+00:00,2026-09-01T11:00:03+00:00,guardian,en,global,‘I was scared to tell my old teammates’: Victoria Pelova on making leap from Arsenal to Spurs,"While move across north London has been amicable, the Dutch midfielder is relishing clash with former club  There is not the same intensity to club rivalries between women’s teams as there is between their men’s counterparts, but as the game grows that is changing. Increasingly, there is animosity from fans if a player leaves for a rival side.  Victoria Pelova’s move  from Arsenal  to Tottenham fi",https://www.theguardian.com/football/2026/sep/01/i-was-scared-to-tell-my-old-teammates-victoria-pelova-on-making-leap-from-arsenal-to-spurs,Arsenal;Tottenham Hotspur,
1f6476b200946e0f,2026-09-02T03:29:27.416447+00:00,2026-09-01T15:05:49+00:00,guardian,en,global,‘In my heart until I die’: Argentina says a tearful thank you to Lionel Messi,"The Argentinian’s decision to quit international football was met by an outpouring of affection from the country he led to World Cup glory in 2022  Anyone who was present at Lionel Scaloni’s press conference immediately after the  World Cup final between Spain and Argentina  in New Jersey on 19 July and saw his tears, the sobs which prevented him from speaking while he got up and walked out, could",https://www.theguardian.com/football/2026/sep/01/argentina-tearful-thank-you-to-lionel-messi-retirement,,
7b06c698a59ecf95,2026-09-02T03:29:27.416447+00:00,2026-09-01T12:12:32+00:00,guardian,en,global,Men’s transfer window summer 2026: all deals from Europe’s top five leagues,"All the latest Premier League, La Liga, Bundesliga, Ligue 1 and Serie A deals and a club-by-club guide     Women’s transfer window interactive guide      Continue reading...",https://www.theguardian.com/football/ng-interactive/2026/sep/01/mens-transfer-window-summer-2026-all-deals-from-europes-top-five-leagues,,
2813c6fe69329244,2026-09-02T03:29:27.416447+00:00,2026-09-01T12:12:16+00:00,guardian,en,global,Women’s transfer window summer 2026: all deals from world’s top six leagues,"Every deal in the NWSL, WSL, Liga F, Frauen-Bundesliga, Première Ligue and Serie A Femminile as well as a club-by-club guide     Men’s transfer window interactive guide      Continue reading...",https://www.theguardian.com/football/ng-interactive/2026/sep/01/womens-transfer-window-summer-2026-all-deals-from-worlds-top-six-leagues,,
ac1493c7018593ee,2026-09-02T03:29:27.416447+00:00,2026-08-31T23:01:38+00:00,guardian,en,global,Women’s Super League 2026-27 preview No 11: Manchester City,Beth Mead and Niamh Charles are notable additions to the champions’ squad that looks just as strong as last season   Guardian writers’ predicted position:  1st (NB: this is not necessarily Tom Garry’s prediction but the average of our writers’ tips)   Last season’s position:  1st   Continue reading...,https://www.theguardian.com/football/2026/sep/01/womens-super-league-preview-manchester-city,Manchester City,
0f1c3a106962e578,2026-09-02T03:29:27.416447+00:00,2026-08-30T23:01:08+00:00,guardian,en,global,Women’s Super League 2026-27 preview No 10: London City Lionesses,Ballon d’Or winner Putellas leads influx of superstar names at independent club aiming to bridge gap to very best   Guardian writers’ predicted position:  4th (NB: this is not necessarily Suzanne Wrack’s prediction but the average of our writers’ tips)   Last season’s position:  6th   Continue reading...,https://www.theguardian.com/football/2026/aug/31/womens-super-league-2026-27-preview-no-10-london-city-lionesses,,
a966c351f320fde8,2026-09-02T03:29:27.416447+00:00,2026-08-29T23:01:39+00:00,guardian,en,global,Women’s Super League 2026-27 preview No 9: Liverpool,Liverpool will hope Germany striker Vivien Endemann and Japanese youngster Mao Itamura can help get them off to a better start than they had last season   Guardian writers’ predicted position:  8th (NB: this is not necessarily Tom Garry’s prediction but the average of our writers’ tips)   Last season’s position:  11th   Continue reading...,https://www.theguardian.com/football/2026/aug/30/womens-super-league-2026-27-preview-no-9-liverpool,Liverpool,
7f602dff4e4536f2,2026-09-02T03:29:27.416447+00:00,2026-08-28T23:01:10+00:00,guardian,en,global,Women’s Super League 2026-27 preview No 8: Everton,New-look attack will hope to gel during their relatively easy start to the campaign in their second season at Goodison Park   Guardian writers’ predicted position:  10th (NB: this is not necessarily Tom Garry’s prediction but the average of our writers’ tips)   Last season’s position:  8th   Continue reading...,https://www.theguardian.com/football/2026/aug/29/womens-super-league-2026-27-preview-no-8-everton,Everton,
7e697263199739b9,2026-09-02T03:29:27.416447+00:00,2022-11-14T09:05:50+00:00,guardian,en,global,Sign up for the Football Daily newsletter: our free football email,"Kick off your afternoon with the Guardian’s take on the world of football  Every weekday, we’ll deliver a roundup the football news and gossip in our own belligerent, sometimes intelligent and – very occasionally – funny way. Still not convinced? Find out what you’re missing  here .  Try our other sports emails: there’s weekly catch-ups for cricket in  The Spin  and rugby union in  The Breakdown ,",https://www.theguardian.com/info/2022/nov/14/football-daily-email-sign-up,Union Berlin,
6d3f81c54e0a7145,2026-09-02T03:29:27.416447+00:00,2022-03-22T16:57:35+00:00,guardian,en,global,Sign up for the Moving the Goalposts newsletter: our free women’s football email,"Get our roundup of women’s football for free twice a week, featuring the insights of experts such as Ada Hegerberg and Magdalena Eriksson  Join us as we delve deeper into the wonderful world of women’s football in our weekly newsletter. It is informative, entertaining, global, critical – when needed – and, above all, passionate. Written mainly by  Júlia Belas Trindade  and  Sophie Downey , expect ",https://www.theguardian.com/football/2022/mar/22/sign-up-for-our-new-womens-football-newsletter-moving-the-goalposts,,
34fc34752afb404d,2026-09-02T03:29:27.416447+00:00,2025-10-01T11:00:23+00:00,guardian,en,global,Sign up to the Sport in Focus newsletter: the sporting week in photos,"Our editors’ favourite sporting images from the past week, from the spectacular to the powerful, and with a little bit of fun thrown in   Continue reading...",https://www.theguardian.com/sport/2025/oct/01/sign-up-to-the-sport-in-focus-newsletter-the-sporting-week-in-photos,,
34295cb53cab3ea2,2026-09-02T03:29:27.416447+00:00,2017-05-15T11:00:43+00:00,guardian,en,global,Sign up for the Recap newsletter: our free sport highlights email,"The best of our sports journalism from the past seven days and a heads-up on the weekend’s action  Subscribe to get our editors’ pick of the Guardian’s award-winning sport coverage. We’ll email you the stand-out features and interviews, insightful analysis and highlights from the archive, plus films, podcasts, galleries and more – all arriving in your inbox at every Friday lunchtime. And we’ll set",https://www.theguardian.com/sport/2017/may/15/the-recap-sign-up-for-the-best-of-the-guardians-sport-coverage,,
ef3ef1f27a056907,2026-09-02T03:29:27.416447+00:00,2026-09-01T07:00:47+00:00,guardian,en,global,BBC ‘fully committed to women’s football’ despite cancelling flagship highlights show,"The Women’s Football Show discontinued for new season    BBC plans YouTube chatshow presented by Alex Scott    BBC Sport insists it remains “fully committed to women’s football and the WSL” despite discontinuing its flagship BBC One highlights programme, the Women’s Football Show, for the new Women’s Super League season.  It is understood the BBC will focus on digital platforms to showcase highlig",https://www.theguardian.com/football/2026/sep/01/bbc-fully-committed-to-womens-football-despite-cancelling-flagship-highlights-show,,
bbc2165c40321066,2026-09-02T03:29:27.416447+00:00,2026-08-31T21:08:55+00:00,guardian,en,global,Saka settles gruelling battle with Aston Villa to extend Arsenal’s winning start,"The smile on Declan Rice’s face with six minutes of normal time remaining said it all. He had just shut down Ian Maatsen as the Aston Villa full-back zoomed into the box. Arsenal, for whom Bukayo Saka scored the only goal, were authoritative and seemingly took great satisfaction in keeping Villa at arm’s length.  Unai Emery’s work‑in‑progress side struggled to test the champions, David Raya untrou",https://www.theguardian.com/football/2026/aug/31/aston-villa-arsenal-premier-league-match-report,Arsenal;Aston Villa,
5862c2002ed72b8f,2026-09-02T03:29:27.416447+00:00,2026-08-31T22:36:50+00:00,guardian,en,global,Arsenal trying to lure Julián Álvarez after agreeing deals to sell Martinelli and Jesus,"Atlético say they will not allow Barcelona to buy Álvarez     Jesus poised for Barça and Martinelli for Al-Hilal    Arsenal are running out of time to persuade Julián Álvarez to join them from Atlético Madrid after agreeing to sell Gabriel Martinelli, Gabriel Jesus and Fábio Vieira in deals collectively worth more than £70m.  Álvarez has his heart set on joining Barcelona despite Atlético’s insist",https://www.theguardian.com/football/2026/aug/31/arsenal-julian-alvarez-gabriel-martinelli-jesus-transfers,Arsenal;Atlético Madrid;Barcelona,
064cbefeeecbc505,2026-09-02T03:29:27.416447+00:00,2026-08-31T16:38:50+00:00,guardian,en,global,Liverpool sign Barcola in £123m deal and expect Gakpo to stay after City offer £80m,"France international says title ‘one of my biggest dreams’    Club rejected weekend Gakpo bid from Manchester City    Bradley Barcola is aiming to win the Premier League after completing his move to Liverpool from Paris Saint‑Germain for an initial £106m, which could rise to £123m. The France international has signed a five-year deal.  Andoni Iraola has prioritised signing wingers this summer afte",https://www.theguardian.com/football/2026/aug/31/liverpool-confirm-bradley-barcola-signing-psg,Liverpool;Manchester City;Paris FC,
fb2cf2eb59e9fabe,2026-09-02T03:29:27.416447+00:00,2026-08-31T22:47:37+00:00,guardian,en,global,"Transfer latest: Juventus in Woltemade loan talks, Everton agree £40m Balogun fee","Manchester City confirm Allan signing for initial £32.1m    Palace sell Muñoz to Forest and poised to sign Ahanor     Nick Woltemade  is close to a loan move from Newcastle to Juventus, a year after arriving at St James’ Park in a club-record £69m deal from Stuttgart. The gifted Germany forward has struggled to impose himself amid the high-intensity gameplans choreographed first by Eddie Howe and ",https://www.theguardian.com/football/2026/aug/31/transfer-latest-nick-woltemade-newcastle-juventus-everton-folarin-balogun,Everton;Juventus;Manchester City;Newcastle United;VfB Stuttgart,
f2cb633ed609b817,2026-09-02T03:29:27.416447+00:00,2026-09-01T11:29:56+00:00,guardian,en,global,"Janine Sonis: ‘63,000 fans in Denver proves a women’s team was way overdue’","The Canada and Denver Summit full-back on playing at a packed Mile High Stadium and the impact of Lindsey Heaps  In the 13th minute of a 6-1 win against Chicago, Janine Sonis ran into the penalty area and stealthily positioned herself behind a line of defenders, before striking a crisp shot into the right corner. It was her ninth goal of the season, the most of any Denver Summit player, and joint-",https://www.theguardian.com/football/2026/sep/01/janine-sonis-interview-denver-summit-moving-the-goalposts,,
16ddc69012941691,2026-09-02T03:29:27.416447+00:00,2026-09-01T09:42:25+00:00,guardian,en,global,Barcelona breeze past Rayo but all eyes in Spain remain on Julián Álvarez,"Hansi Flick is very happy to welcome Gabriel Jesus to Barcelona – but Julián Álvarez remains the ultimate prize  If Raphinha has any misgivings about playing as a makeshift No 9 for Barcelona, he is doing a good job of hiding it. Julián Álvarez would have been proud of the Brazilian’s two neat finishes that inspired the Spanish champions to a 5-2 victory against Rayo Vallecano on Monday night, 24 ",https://www.theguardian.com/football/2026/sep/01/barcelona-la-liga-rayo-vallecano-atletico-julian-alvarez,Barcelona;Rayo Vallecano,
a42d944d5b8977d6,2026-09-02T03:29:27.416447+00:00,2026-08-31T11:52:41+00:00,guardian,en,global,Elversberg and ‘miracle village’ prove that Bundesliga fairytales still exist | Andy Brassell,"German football has long insisted there is more to their elite league than a title race. Now they have a story that shows the world that surprise and wonder does live here too  Friday night was no first day fun for VfB Stuttgart as they got first-hand proof of what the rest of the Bundesliga feared: that Bayern Munich are perhaps mightier than ever. The curtain-raiser, though, didn’t actually set ",https://www.theguardian.com/football/2026/aug/31/elversberg-miracle-village-prove-bundesliga-fairytales-still-exist,Bayern Munich;Elversberg;VfB Stuttgart,
23b29293e6f2fc0d,2026-09-02T03:29:27.416447+00:00,2026-08-31T13:27:14+00:00,guardian,en,global,Fiorentina’s Serie A renaissance feels a way off after chastening centenary | Nicky Bandini,"The home game against Frosinone seemed a perfect way to celebrate their landmark. It did not work out that way  Fiorentina’s 100th birthday party had been going for four days, starting with a fan procession through the historic centre of Florence on Wednesday night and extending to their home game against Frosinone on Saturday afternoon. The club was founded on 29 August 1926, but a decades-old di",https://www.theguardian.com/football/2026/aug/31/fiorentina-serie-a-renaissance-chastening-centenary-frosinone,Fiorentina;Frosinone,
523422ddea3cb92f,2026-09-02T03:29:27.416447+00:00,2026-08-31T09:01:39+00:00,guardian,en,global,Watkins faces Toney clash as strikers push for Saudi supremacy and Tuchel’s attention,"Al-Hilal’s signing from Villa is thrown straight into big game against Al-Ahli and faces the highest of expectations  Ollie Watkins and Ivan Toney spent 33 minutes on the pitch together a few weeks ago in Miami as  England defeated France 6-4  in a game for third place at the World Cup. They will be reunited on Tuesday in Riyadh for Al-Hilal v Al-Ahli, the first big clash between title hopefuls in",https://www.theguardian.com/football/2026/aug/31/ollie-watkins-ivan-toney-saudi-arabia-thomas-tuchel-england,,
7a7f9e97f9b081c9,2026-09-02T03:29:27.416447+00:00,2026-08-31T21:35:51+00:00,guardian,en,global,Emery’s new team begin to emerge as Aston Villa rebuild on and off the pitch | Jonathan Wilson,"Though they were beaten, the game against Arsenal was one to steady the club’s nerves after a summer of upheaval  Nothing ever remains the same. Entropy happens. Evolution happens. People grow, people shrink. The world changes and we must change with it. Change happens. The key is to keep ahead of that change, to guide it. The problem for Aston Villa this summer is that it has felt like change has",https://www.theguardian.com/football/2026/aug/31/unai-emery-aston-villa-rebuild-arsenal-premier-league,Arsenal;Aston Villa,
0b62d782f24ee6c9,2026-09-02T03:29:27.416447+00:00,2026-09-01T12:50:11+00:00,guardian,en,global,"Saka strike maintains Arsenal’s perfect start, plus deadline day | Football Weekly – video","Max Rushden  is joined by  Barry Glendenning ,  John Brewin  and  Jonathan Wilson  as Arsenal beat Aston Villa 1-0 and Bradley Barcola joins Liverpool   Continue reading...",https://www.theguardian.com/football/video/2026/sep/01/saka-strike-maintains-arsenals-perfect-start-plus-deadline-day-football-weekly-video,Arsenal;Aston Villa;Liverpool,
bc0c61aa19cd595d,2026-09-02T03:29:27.416447+00:00,2026-08-31T16:06:11+00:00,guardian,en,global,Fifa extends ban on man who secretly filmed female footballers in Austria,"Former SCR Altach employee now banned worldwide    Move follows pressure from players’ unions    Fifa has extended worldwide the ban on a former match official and SCR Altach employee found guilty of  taking secret videos and photographs  of members of the club’s women’s team.  In February, a regional court in Feldkirch, Austria, handed the man a seven-month suspended prison sentence, a €1,200 (£1",https://www.theguardian.com/football/2026/aug/31/fifa-worldwide-ban-man-secretly-filmed-female-footballers-austria-altach,,
a1e426a4a2910129,2026-09-02T03:29:27.416447+00:00,2026-08-31T16:11:23+00:00,guardian,en,global,Marseille’s squad is being gutted but their manager is staying – for now,"It has been a tough transfer window for Marseille and a 2-0 defeat at Monaco suggests it could be a long season  By  Get French Football News   A humid night in Monaco provided an opportunity to gauge the temperature of the Marseille supporters. Despite the ban on away fans at the Stade Louis II, plenty were in attendance for their 2-0 defeat in the Principality. There were cheers for their new ma",https://www.theguardian.com/football/2026/aug/31/marseille-squad-manager-staying-monaco-season,AS Monaco;Marseille,
41835e646019950e,2026-09-02T03:29:27.416447+00:00,2026-08-30T18:09:56+00:00,guardian,en,global,Lionel Messi’s ‘footballing beauty’ hailed as Miami crush Montreal; MLS roundup,"Messi nets four goals, adds assist in 7-1 Miami win    Dejan Joveljić scores twice on Sounders debut    Minnesota United score three times in four minutes    Inter Miami interim coach Guillermo Hoyos ran out of superlatives for Lionel Messi after the ⁠Argentine playmaker scored four goals in a Major League Soccer match for the first time in his career to ⁠inspire a 7-1 thrashing ⁠of CF ​Montreal o",https://www.theguardian.com/football/2026/aug/30/lionel-messi-inter-miami-mls-nashville-sc-dejan-joveljic-seattle-sounders,Inter Milan,
3c7879b6c2d3a19e,2026-09-02T03:29:27.416447+00:00,2026-08-26T21:39:14+00:00,guardian,en,global,Mbappé hat-trick sinks Real Sociedad after Real Madrid jeered by home fans,"Kylian Mbappé scored a hat-trick as Real Madrid beat Real Sociedad 4-1 at the Bernabéu on Wednesday ⁠in their first home match since the return of José Mourinho as head coach.  Mbappé put Madrid ahead in the 40th minute before Luka Sucic levelled four minutes later, but the ⁠France forward restored the ⁠hosts’ lead on ​the hour. Vinícius Júnior added a third in the 68th minute before Mbappé comple",https://www.theguardian.com/football/2026/aug/26/real-madrid-real-sociedad-la-liga-match-report-jose-mourinho-kylian-mbappe,Atlético Madrid;Real Madrid;Real Sociedad,
d8b41f877c35602f,2026-09-02T03:29:27.416447+00:00,2026-08-29T20:33:33+00:00,guardian,en,global,Lavish spending fails to fix Tottenham’s big issue – the lack of soul and spine | Jonathan Liew,"It might be too early to push the panic button but Roberto De Zerbi faces a huge task if he is to turn Spurs around  Time for Tottenham to start panicking? This is, of course, a subtle trick question. Tottenham is one of those clubs that never actually stops panicking. They panic when they concede and they panic when they score. They panic when they have the ball and they panic when someone else d",https://www.theguardian.com/football/2026/aug/29/lavish-spending-fails-to-fix-tottenhams-big-issue-the-lack-of-a-soul-or-spine,Tottenham Hotspur,
f51e814de59a9bd0,2026-09-02T03:29:27.416447+00:00,2026-08-30T19:45:41+00:00,guardian,en,global,Marcus Rashford’s Manchester United return feels like a marriage of convenience | Will Unwin,"A lack of offers and problems in finding a replacement may be behind the move, but that does not mean it cannot work  The first chant of the match was for Marcus&nbsp;Rashford, Manchester United’s returning rogue son, the one banished for 18&nbsp;months, first to the Midlands and then Catalonia. Every football fan loves an academy product who has risen up the ranks, from scrawny child to getting 7",https://www.theguardian.com/football/2026/aug/30/marcus-rashford-manchester-united-return-old-trafford,Manchester City;Manchester United,
715e0e3958a501b2,2026-09-02T03:29:27.416447+00:00,2026-08-28T16:59:43+00:00,guardian,en,global,Cole Palmer is a unicorn in this world inventing moments of pure pleasure | Barney Ronay,"Much like Central Cee, the Chelsea attacker is a distinct presence and right now is perhaps the only truly creative English player out there  This week Central Cee launched his new Premier League song, called The Team. It owes its existence to a youth-centred, fist-bumping corporate tie-in with Coca-Cola, the press release for which appears to have involved a man in golf-casual clothing frowning a",https://www.theguardian.com/football/2026/aug/28/cole-palmer-chelsea-central-cee-england-football,Central Córdoba;Chelsea,
508fef20dd4805ad,2026-09-02T03:29:27.416447+00:00,2026-08-27T13:41:32+00:00,guardian,en,global,‘Armchair supporter’: do I still love going to football or just love the idea of it? | Max Rushden,"A welcome return to watch Cambridge brought back a whole lot of memories, nostalgia and contemplation  On 11 February 1989, Cambridge United beat Hartlepool 6-0. My memories of the game are faint. The internet can’t even tell me who scored – perhaps Laurie Ryan got a couple. I do recall walking past some Hartlepool fans on Coldham’s Common who were peering into a brook. “Looking for a new centre f",https://www.theguardian.com/football/2026/aug/27/cambridge-united-millwall-carabao-cup-max-rushden-football-supporter,,
9c16a12d66ed1a27,2026-09-02T03:29:27.416447+00:00,2026-09-01T10:00:03+00:00,guardian,en,global,David Squires on … the art of the transfer deal,"Our cartoonist looks through the ages to chart the evolution of the football transfer into its modern construct     Buy a cartoon  |  Some of David’s favourite works      And his latest book, Chaos in the Box: get it now      Continue reading...",https://www.theguardian.com/football/picture/2026/sep/01/david-squires-on-the-art-of-the-transfer-deal,,
e22a0dc02a930dcd,2026-09-02T03:29:27.416447+00:00,2026-08-30T07:00:50+00:00,guardian,en,global,‘I’ve had a very hectic career’: Mario Balotelli on Italian football’s troubles and his future,"Striker talks life in the UAE, problems with the  Azzurri  and ‘special feeling’ of playing for Manchester City  Whenever the name Mario Balotelli is brought up, particularly in Italy, the conversation is almost inevitably laced with a sense of regret. There is that lingering “What if?”, a collective sigh over a player who possessed the raw, undeniable potential to be one of the best in the world,",https://www.theguardian.com/football/2026/aug/30/mario-balotelli-interview-italy-saudi-arabia-maturity,Manchester City,
946ce4772adc0a01,2026-09-02T03:29:27.416447+00:00,2026-08-29T07:00:20+00:00,guardian,en,global,‘Now is a good time for players to speak up’: Lucy Bronze on Fifa and helping refugees,"Chelsea defender reflects on spending time with refugees in Colombia this summer and her passion for helping people on and off the pitch  Lucy Bronze does not stop. Her brain runs a hundred miles a minute. She does not need traditional entertainment. “I’m not good at watching TV – I can’t sit still,” Bronze says, sitting sort-of still, on a bench shielded from the wind, overlooking Chelsea’s train",https://www.theguardian.com/football/2026/aug/29/lucy-bronze-chelsea-women-england-fifa-refugees,Chelsea,
d8ea5e65a5bb0103,2026-09-02T03:29:27.416447+00:00,2026-08-18T19:00:53+00:00,guardian,en,global,Pep’s final act of passion: Amazon’s revealing Guardiola series pulls no punches,"From the manager’s divorce to tension with the club hierarchy, new documentary is an honest portrayal of his difficult last two seasons  Having occupied a front-row seat for the final two seasons of Pep Guardiola’s gilded Manchester City tenure, the subject of Amazon’s A Beautiful Obsession, the surprise to me is how unfiltered the four-part series is.  Particularly, the telling of the torrid 2024",https://www.theguardian.com/football/2026/aug/18/peps-final-act-of-passion-amazons-revealing-guardiola-series-pulls-no-punches,Manchester City,
703a64e93b43aef0,2026-09-02T03:29:27.416447+00:00,2026-08-23T07:00:26+00:00,guardian,en,global,Lincoln spirits soar despite defeat on second-tier return 65 years in the making,"The Imps have not been at this level since 1961 and even a 3-1 loss to Portsmouth could not spoil the sense of joy  There is optimism to be found in almost every corner of the footballing landscape at this time of the year, but you would do well to find anyone without a smile on their face on this sunny Saturday lunchtime in one of Britain’s most picturesque cities.  Football may not necessarily b",https://www.theguardian.com/football/2026/aug/23/lincoln-spirits-soar-despite-defeat-on-second-tier-return-65-years-in-the-making,,
c6c1b4bfcbe3fc24,2026-09-02T03:29:27.416447+00:00,2026-09-01T14:33:00+00:00,guardian,en,global,Football Daily | Tottenham and the rapid disappearance of their club hype man,"Sign up now! Sign up now! Sign up now? Sign up now!    Before we get going, a reminder to join our team of writers for all the latest transfer deadline day updates before the window slams shut (in most major leagues) at 11pm BST.  Get on it .  As probably the greatest player in history has announced his retirement from international football, I’d like to do likewise. Sure, the ingrates never picke",https://www.theguardian.com/football/2026/sep/01/football-daily-email-tottenham-oh-tottenham,Tottenham Hotspur,
4c1805b39fec214b,2026-09-02T03:29:27.416447+00:00,2026-08-31T10:00:23+00:00,guardian,en,global,It’s time to get shirty about the short life of the football top,"With millions of club shirts going to waste every season, a radical recycling rethink is needed  When Joanna Czutkowna buried a Manchester United jersey, a cotton T-shirt and a wool-cotton jumper in her Lancashire farm and dug it up a year later, the video went viral. The T-shirt had disappeared, apart from the seams (sewn with polyester thread), the jumper was 80% gone, but the United shirt remai",https://www.theguardian.com/sport/2026/aug/31/get-shirty-about-short-life-of-football-top-the-hotspot,Manchester City;Manchester United,
fd946d3f2bb07005,2026-09-02T03:29:27.416447+00:00,2026-08-31T14:40:00+00:00,guardian,en,global,Chelsea’s perfect yet unserious start to the Premier League season | Jonathan Wilson,"Xabi Alonso’s side have scored seven and conceded five in two wins so far, a product of the squad’s constant churn      Sign up for our free newsletter here      Two Premier League games played for Chelsea under Xabi Alonso: two wins and seven goals scored. It’s the sort of start that would delight many new managers – only two other clubs can boast about a six-point start this Premier League seaso",https://www.theguardian.com/football/2026/aug/31/chelsea-premier-league-xabi-alonso,Chelsea,
abba6d2863f0b067,2026-09-02T03:29:27.416447+00:00,2026-08-31T07:00:19+00:00,guardian,en,global,Premier League: 10 talking points from the weekend’s action,"Newcastle players look revitalised, Liverpool’s curious transfer strategy and a  worrying start for Palace  Amid the concerns at Manchester United, one player unquestioned is Senne Lammens. The goalkeeper produced some important first-half saves against Ipswich to keep his side in the game in difficult circumstances. A relaxed character, the Belgian is a calming influence in an emotional environme",https://www.theguardian.com/football/2026/aug/31/premier-league-10-talking-points-from-the-weekend-action,Ipswich Town;Liverpool;Manchester City;Manchester United;Newcastle United,
0d5817b39ee92bcf,2026-09-02T03:29:27.416447+00:00,2026-09-01T08:23:59+00:00,guardian,en,global,Football transfer rumours: Manchester United and Liverpool eye Kroupi? Vardy to Wrexham?,"Today’s rumours are squeezing out every last drop     Deadline day live – follow all the news and moves     The final day of the men’s transfer window  is here , but there is still time for some rumourmongering, before a Supermarket Sweep-style trolley dash for 11th-hour signings.  Going wild in the aisles? Manchester United’s interest in a new left-back has been known all summer, yet here they st",https://www.theguardian.com/football/2026/sep/01/football-transfer-rumours-manchester-united-liverpool-eli-junior-kroupi-jamie-vardy-wrexham,Liverpool;Manchester City;Manchester United,
c80c02d90282e6f7,2026-09-02T03:29:27.416447+00:00,2026-09-01T12:16:09+00:00,guardian,en,global,The big WSL and WSL2 season preview: Women’s Football Weekly – podcast,"Faye Carruthers  and  Suzanne Wrack  are back, and this week they’re joined by  Emma Sanders  and  Sophie Downey  to run you through the latest news from the WSL, plus deliver predictions for another bumper season  On the podcast today: Faye, Suzy, Emma and Sophie recap a busy off-season. Transfer deals, the arrival of the best player in the world, new financial sustainability rules coming into pl",https://www.theguardian.com/football/audio/2026/sep/01/the-big-wsl-wsl2-season-preview-womens-football-weekly-podcast,,
b1050b31c0294432,2026-09-02T03:29:27.416447+00:00,2026-08-26T07:00:36+00:00,guardian,en,global,"After Dom Ballard’s backheel, what is the earliest goal of the season? | The Knowledge","Plus: player-managers earning international caps, out-of-position goalkeepers sent off and footballers called up to jury service      Mail us    with your all of your questions and answers      “After  watching Dom Ballard’s backheel volley  for Bristol City against Birmingham in game week   two of the Championship, it begs the question: what’s the earliest in a season a goal has gone on to win   ",https://www.theguardian.com/football/2026/aug/26/dom-ballard-backheel-what-is-the-earliest-goal-of-the-season-to-be-scored,,
52e4e0ea12267886,2026-09-02T03:29:27.416447+00:00,2026-08-21T11:02:47+00:00,guardian,en,global,Our writers' predictions for the 2026-27 Premier League season – video,Our writers gaze into their crystal balls and deliver their predictions for the Premier League season ahead   Continue reading...,https://www.theguardian.com/football/video/2026/aug/21/our-writers-predictions-for-the-2026-27-premier-league-season,Crystal Palace,
8c6ffdacc7e9ce2f,2026-09-02T03:29:27.416447+00:00,2026-07-20T11:21:26+00:00,guardian,en,global,Ugly scenes as Argentina lose World Cup final – video,There were ugly scenes at the end of the World Cup final as Argentina’s Leandro Paredes and Nahuel Molina were seen throwing punches at Spain players after their 1-0 defeat.   Paredes was then sent off after shoving Spain's Eric García by the throat and wrestling Gavi to the ground. He had already been booked during the match.&nbsp;The antics after the final whistle were quickly condemned by UK br,https://www.theguardian.com/football/video/2026/jul/20/ugly-scenes-argentina-lose-world-cup-final-video,,
02900d5bb4afef8b,2026-09-02T03:29:27.416447+00:00,2026-07-20T10:43:22+00:00,guardian,en,global,Trump and Infantino booed at World Cup final – video,"Boos descended from the stands as Donald Trump and the Fifa president, Gianni Infantino, took to the field for the World Cup trophy ceremony at New York New Jersey ⁠stadium on Sunday. Spain beat defending champions Argentina 1-0 to win the title. After the US president presented Spain with the trophy, he attempted to stand with the team at the side of the podium as they celebrated, before Infantin",https://www.theguardian.com/sport/video/2026/jul/20/trump-and-infantino-booed-at-world-cup-final-video,,
c8a3ccb7b5b6f355,2026-09-02T03:29:27.416447+00:00,2025-12-19T10:04:51+00:00,guardian,en,global,The 100 best male footballers in the world 2025,Ousmane Dembélé becomes our seventh winner as he beats Lamine Yamal into second and Vitinha into third on our list of the best players on the planet     Premier League dominates list  |  How every judge voted  |  Our methodology  |  The top 100 female players for 2025      2024 edition  |  2023  |  2022  |  2021  |  2020  |  2019  |  2018  |  2017  |  2016  |  2015  |  2014  |  2013  |  2012      ,https://www.theguardian.com/football/ng-interactive/2025/dec/16/the-100-best-male-footballers-in-the-world-2025,,
9e3aaca207397507,2026-09-02T03:29:27.416447+00:00,2025-12-20T08:00:25+00:00,guardian,en,global,Ousmane Dembélé quietly becomes the main man after long journey to the top,"The Frenchman, who has been named the best male footballer in the world by the Guardian, has benefitted from PSG’s focus on the team rather than individuals  What makes a good player great, and a great player the best? This question has been occupying me since 2014, when the Guardian first asked me to contribute to its  inaugural Next Generation feature . My job was to look for a France-based tale",https://www.theguardian.com/football/2025/dec/20/ousmane-dembele-quietly-becomes-the-main-man-after-long-journey-to-the-top,,
0e96f2fc55b015cc,2026-09-02T03:29:27.416447+00:00,2025-12-04T10:00:22+00:00,guardian,en,global,The 100 best female footballers in the world 2025,"Aitana Bonmatí has been voted the best female player on the planet by our panel of 127 experts ahead of Mariona Caldentey and Alessia Russo     2024 list  |  2023  |  2022  |  2021  |  2020  |  2019  |  2018      Meet the judges  |  See how every judge voted      Subscribe to Moving the Goalposts, our free newsletter      Continue reading...",https://www.theguardian.com/football/ng-interactive/2025/dec/01/the-100-best-female-footballers-in-the-world-2025,,
404fc311a504994a,2026-09-02T03:29:27.416447+00:00,2025-12-05T08:00:42+00:00,guardian,en,global,Aitana Bonmatí makes Guardian top 100 history with third title in a row,"The margin may have got smaller but the brilliant Spanish midfielder makes it a hat-trick of No 1 finishes  They say the best things come in threes, and Aitana Bonmatí has written herself into  the Guardian’s top 100  history as the first player to finish at the top of the tree for a third consecutive year.  Last year the majestic midfielder emulated her Barcelona and Spain teammate Alexia Putella",https://www.theguardian.com/football/2025/dec/05/aitana-bonmati-guardian-top-100-history-third-straight-title,Barcelona,
44b4869568ec7aae,2026-09-02T03:29:27.416447+00:00,2025-10-14T09:59:56+00:00,guardian,en,global,Next Generation 2025: 60 of the best young talents in world football,"From PSG’s Ibrahim Mbaye to Brazil’s next hope, we select some of the most talented players born in 2008. Check the progress of our classes of  2024  |  2023  |  2022  |  2021  |  2020  |  2019  …  and go even further back . Here’s our  Premier League class of 2025    Continue reading...",https://www.theguardian.com/football/ng-interactive/2025/oct/14/next-generation-2025-60-of-the-best-young-talents-in-world-football,,
965aae24606f3cc7,2026-09-02T03:29:27.416447+00:00,2025-10-13T09:10:16+00:00,guardian,en,global,Next Generation 2025: 20 of the best talents at Premier League clubs,"We pick the best youngsters at each club born between 1 September 2008 and 31 August 2009, an age band known as first-year scholars. Check the progress of our classes of  2024  |  2023  |  2022  |  2021  |  2020  …  and go even further back . Here’s our  2025 world picks    Continue reading...",https://www.theguardian.com/football/ng-interactive/2025/oct/13/next-generation-2025-20-of-the-best-talents-at-premier-league-clubs,,
968d6175952d6828,2026-09-02T03:29:27.416447+00:00,2026-09-02T04:23:18+00:00,espn_soccer,en,global,"Transfer window winners and losers: How Chelsea, Liverpool, Barcelona, others fared","Once again, the summer transfer window was full of huge moves as the World Cup did little to stop the momentum. Here are our winners and losers.",https://www.espn.com/soccer/story/_/id/49781683/chelsea-real-madrid-win-transfer-window-liverpool-biggest-losers,Barcelona;Chelsea;Liverpool,alineacion
a45770478e2492c6,2026-09-02T03:29:27.416447+00:00,2026-09-02T04:23:18+00:00,espn_soccer,en,global,Men's transfer grades: Man City get a C for Enzo Fernández,The 2026 summer transfer window has closed. Here is how we rated the biggest deals.,https://www.espn.com/soccer/story/_/id/48990955/summer-transfer-window-grading-big-signings-mens-soccer,,
cce2b51724e74ed1,2026-09-02T03:29:27.416447+00:00,2026-09-01T23:45:12+00:00,espn_soccer,en,global,Man City sign Fernández in joint-PL record deal,Manchester City have signed Argentine World Cup winner Enzo Fernández from Chelsea for a Premier League record-equaling £125 million ($169m) fee.,https://www.espn.com/soccer/story/_/id/49794375/man-city-agree-record-equalling-125m-deal-chelsea-enzo-fernandez-sources,Chelsea;Manchester City,
d3c054ef71ddbd69,2026-09-02T03:29:27.416447+00:00,2026-09-01T23:45:12+00:00,espn_soccer,en,global,Kushner says he regrets role in WC sell-off plan,"FIFA's intended investment partner, Josh Kushner, said he regrets getting involved in Gianni Infantino's failed World Cup sell-off plan.",https://www.espn.com/soccer/story/_/id/49796943/fifa-world-cup-sell-josh-kushner-gianni-infantino,,
a037422c6c4e09b1,2026-09-02T03:29:27.416447+00:00,2026-09-01T23:45:12+00:00,espn_soccer,en,global,Sources: Everton need extension for Balogun deal,"Folarin Balogun pulled out of a move to Everton from AS Monaco after an on-again, off-again day ended without the United States striker making a transfer to the Premier League, according to multiple reports.",https://www.espn.com/soccer/story/_/id/49795948/everton-need-extension-folarin-balogun-deal,AS Monaco;Everton,
36a886dafc191c66,2026-09-02T03:29:27.416447+00:00,2026-09-01T23:45:12+00:00,espn_soccer,en,global,Sources: Chelsea fume at Monaco's Camara U-turn,"Chelsea have agreed a €55 million ($64m / £47m deal) with AS Monaco for midfielder Lamine Camara, sources have told ESPN.",https://www.espn.com/soccer/story/_/id/49792150/chelsea-make-lamine-camara-offer-amid-enzo-fernandez-talks-sources,AS Monaco;Chelsea,
bf91af91a13b4dc5,2026-09-02T03:29:27.416447+00:00,2026-09-01T23:45:12+00:00,espn_soccer,en,global,Man City sign Ndiaye for $88M from Everton,Iliman Ndiaye has completed a move to Manchester City from Everton.,https://www.espn.com/soccer/story/_/id/49773926/iliman-ndiaye-joins-man-city-everton,Everton;Manchester City,
9471430e86f03918,2026-09-02T03:29:27.416447+00:00,2026-09-01T23:45:12+00:00,espn_soccer,en,global,Spurs loan Mudryk from Chelsea; $101M option,"Tottenham Hotspur have signed Mykhailo Mudryk on a season-long loan from Chelsea, the club has announced,",https://www.espn.com/soccer/story/_/id/49787439/tottenham-sign-mykhailo-mudryk-tosin-adarabioyo-chelsea,Chelsea;Tottenham Hotspur,
81ba516f65cafbca,2026-09-02T03:29:27.416447+00:00,2026-09-01T23:45:12+00:00,espn_soccer,en,global,Grealish re-joins Everton on loan from Man City,Everton announced Tuesday that midfielder Jack Grealish is returning on loan from Manchester City for the 2026-27 Premier League season.,https://www.espn.com/soccer/story/_/id/49791241/jack-grealish-rejoins-everton-loan-man-city,Everton;Manchester City,
ee557eb3ff02b601,2026-09-02T03:29:27.416447+00:00,2026-09-01T23:45:12+00:00,espn_soccer,en,global,Wrexham make 2 transfer deadline-day signings,"Wrexham completed two signings on transfer deadline day, announcing deals for center back Joe Worrall from Burnley and midfielder Callum O'Hare from Sheffield United.",https://www.espn.com/soccer/story/_/id/49791600/wrexham-sign-joe-worrall-close-callum-ohare-deal,,
b96e579fc37967d8,2026-09-02T03:29:27.416447+00:00,2026-09-01T23:45:12+00:00,espn_soccer,en,global,⚽ Marcotti assesses busy European weekend,Chelsea's second straight win was chaotic and fun -- just not the kind of performance Xabi Alonso was hired to produce. Also: Are Como for Real? And are Spurs turning a corner despite another tough loss?,https://www.espn.com/soccer/story/_/id/49781063/chelsea-xabi-alonso-tottenham-premier-league-analysis-reaction-gab-marcotti,Chelsea;Como,
b980c3b00f7da4b6,2026-09-02T03:29:27.416447+00:00,2026-09-02T02:30:43+00:00,espn_soccer,en,global,"Why Barcelona turned to Jesus, and why Álvarez could still sign with them","After Atlético Madrid refused to let Julián Álvarez go, Barcelona have signed Gabriel Jesus. How will he fit into the team? And have Barça given up on Álvarez?",https://www.espn.com/soccer/story/_/id/49791970/why-barcelona-turned-arsenal-gabriel-jesus-julian-alvarez-transfer-bid-failed,Atlético Madrid;Barcelona,
28db670848ee662e,2026-09-02T03:29:27.416447+00:00,2026-09-02T00:06:55+00:00,espn_soccer,en,global,USMNT transfer grades: McGlynn gets a C+ for Stoke switch,"The 2026 summer transfer window is well underway, with several U.S. players finding new homes. ESPN sets out to grade the biggest deals.",https://www.espn.com/soccer/story/_/id/49531065/usmnt-summer-transfers-grading-major-american-players-signings,,
fee82d1afefd368b,2026-09-02T03:29:27.416447+00:00,2026-09-02T00:05:51+00:00,espn_soccer,en,global,Messi's emotional Argentina farewell shows he hasn't forgotten criticism of the past,The level of emotion and humanity Messi showed in his Argentina farewell note shows that he is still not over the criticism he got in the past for not winning as much with his country as he did with his club.,https://www.espn.com/soccer/story/_/id/49784884/messi-argentina-retirement-world-cup-copa-america-gab-marcotti,,
f7beed0df60ec130,2026-09-02T03:29:27.416447+00:00,2026-09-02T00:05:59+00:00,espn_soccer,en,global,Canada star David joins Atlético on loan from Juve,Canada Striker Jonathan David has joined Atlético Madrid on a season-long loan from Juventus on Tuesday.,https://www.espn.com/soccer/story/_/id/49783215/jonathan-david-atletico-madrid-la-liga-serie-transfers,Atlético Madrid;Juventus,
2731b5ca1b5a0509,2026-09-02T03:29:27.416447+00:00,2026-09-02T00:06:00+00:00,espn_soccer,en,global,Gabriel Jesus completes Barça move from Arsenal,"Barcelona have completed the signing of Gabriel Jesus from Arsenal, the two clubs confirmed on Tuesday.",https://www.espn.com/soccer/story/_/id/49773859/gabriel-jesus-completes-transfer-barcelona-arsenal,Arsenal;Barcelona,
60272a9c99f79f9d,2026-09-02T03:29:27.416447+00:00,2026-09-02T00:05:59+00:00,espn_soccer,en,global,Sources: Balogun to Everton deal could hit $54M,"Everton are closing in on a move for Folarin Balogun after submitting a £35 million offer ($47.5m) for the AS Monaco forward, sources have told ESPN.",https://www.espn.com/soccer/story/_/id/49783677/everton-deal-usmnt-forward-folarin-balogun-sources,AS Monaco;Everton,
dce820ecf8b397fa,2026-09-02T03:29:27.416447+00:00,2026-09-02T00:06:00+00:00,espn_soccer,en,global,Sources: Sunderland set to beat Palace to Fofana,"Lyon winger Malick Fofana looks finally set to be joining Sunderland, after a dramatic deadline day battle for his signature, sources have told ESPN.",https://www.espn.com/soccer/story/_/id/49792242/crystal-palace-swoop-malick-fofana-sunderland-talks-sources,Lyon;Sunderland,
23e61d11f0a3d731,2026-09-02T03:29:27.416447+00:00,2026-09-02T00:06:00+00:00,espn_soccer,en,global,Sources: Saints loan USMNT's Downs to St. Louis,"St. Louis City SC is set to acquire United States forward Damion Downs on loan from English Championship side Southampton, a source with direct knowledge of the deal confirmed to ESPN.",https://www.espn.com/soccer/story/_/id/49785118/southampton-loans-usmnt-downs-st-louis,,
63be01e40d565a21,2026-09-02T03:29:27.416447+00:00,2026-09-02T00:06:00+00:00,espn_soccer,en,global,Liverpool land PSG's Barcola in $167M transfer,Liverpool have confirmed the signing of forward Bradley Barcola from Paris Saint-Germain.,https://www.espn.com/soccer/story/_/id/49750588/bradley-barcola-joins-liverpool-123-million-move-paris-saint-germain,Liverpool;Paris FC,
20eda4e66c807bdb,2026-09-02T03:29:27.416447+00:00,2026-09-02T00:06:05+00:00,espn_soccer,en,global,Women's transfer grades: Man City get a B for Wamser,The women's transfer window is open for the summer. Here are the big deals and how we rated them.,https://www.espn.com/soccer/story/_/id/48991002/summer-transfer-window-grading-big-signings-womens-soccer,,
3a1f6d2892599237,2026-09-02T03:29:27.416447+00:00,2026-09-01T13:05:52+00:00,espn_soccer,en,global,NWSL Power Rankings: Wave eyeing Gotham FC after superb fightback,The San Diego Wave's ability to fight back was on full display on Friday and has them hot on the heels of NJ/NY Gotham FC atop ESPN's Power Rankings.,https://www.espn.com/soccer/story/_/id/49779666/nwsl-power-rankings-wave-eyeing-gotham-fc-superb-fightback,,
90bc01d2fab25b33,2026-09-02T03:29:27.416447+00:00,2026-08-31T22:10:53+00:00,espn_soccer,en,global,"MLS Power Rankings: Nashville stays on top, Miami bounces back","Lionel Messi's four goals put Miami back on track, while Nashville continue to dominate. All that and more in this week's edition of ESPN's MLS Power Rankings.",https://www.espn.com/soccer/story/_/id/49783673/mls-power-rankings-nashville-sc-continue-top-inter-miami-bounce-back,,
