Date,bet_side,bet_odds,model_prob_side,market_prob_side,red_flag,won,market
2021-08-13,away,2.05,0.7421846584984358,0.4586632547115394,True,False,EPL
2021-08-14,away,2.47,0.6713089363797483,0.4424299192874036,True,False,EPL
2021-08-15,away,2.32,0.5568612791366251,0.4422306310328315,False,True,EPL
2021-08-21,home,2.65,0.4810667782530279,0.3649825650163597,False,False,EPL
2021-08-21,home,2.39,0.453073354515946,0.4545792276257364,False,False,EPL
2021-08-22,away,2.52,0.6010111904962199,0.3510403549106369,True,True,EPL
2021-08-28,home,2.02,0.6810619170483003,0.465852727966425,True,False,EPL
2021-08-28,away,1.93,0.7608702604588486,0.5116327700979351,False,True,EPL
2021-08-29,away,2.35,0.5693320322425294,0.4365136817721152,False,False,EPL
2021-09-11,away,1.96,0.6601120885887833,0.4589513571226696,True,False,EPL
2021-09-11,home,1.53,0.7390012402482363,0.6777099487380188,False,True,EPL
2021-09-11,away,2.72,0.56217205253343,0.3623355642741749,False,True,EPL
2021-09-11,away,2.54,0.6290371665720236,0.414658307951622,True,False,EPL
2021-09-17,away,2.36,0.5184899199736767,0.4381332746992903,False,False,EPL
2021-09-18,away,2.06,0.5793667569374361,0.4938355711356572,False,True,EPL
2021-09-19,away,2.77,0.471114863307856,0.3135313531353134,False,False,EPL
2021-09-25,away,2.83,0.5037799797798339,0.3598599444077583,False,True,EPL
2021-09-25,away,1.49,0.8143283608920627,0.680911018493134,False,False,EPL
2021-09-26,home,2.7,0.3677013688958339,0.4550754023571156,False,False,EPL
2021-10-02,home,1.78,0.7207246914389631,0.5486174927588493,False,True,EPL
2021-10-02,away,2.54,0.4678376546412359,0.4164677583495236,False,False,EPL
2021-10-03,away,2.41,0.6147898718397264,0.3624569460390356,True,False,EPL
2021-10-03,home,1.84,0.7526294028293827,0.5554868050614115,False,False,EPL
2021-10-03,away,2.46,0.5129094517808718,0.4106545308526301,False,False,EPL
2021-10-16,home,2.32,0.5109617497451657,0.4529318029119281,False,False,EPL
2021-10-16,away,2.16,0.5655392674721506,0.4982825528344434,False,False,EPL
2021-10-17,away,2.98,0.4614623629487808,0.3722290112952409,False,True,EPL
2021-10-17,away,2.13,0.5942173326593572,0.4633665577019016,False,True,EPL
2021-10-23,home,2.67,0.5350131854289475,0.3707796939519067,False,False,EPL
2021-10-24,away,2.79,0.7463876482761629,0.3834502082658572,True,True,EPL
2021-10-30,away,2.95,0.4003879329268608,0.339526778540957,False,True,EPL
2021-10-30,home,2.73,0.4464711921797319,0.35734576052575,False,True,EPL
2021-10-30,away,2.39,0.5111013457272038,0.4198514895247076,False,True,EPL
2021-10-31,away,2.11,0.7256819366646339,0.4700472284364901,True,True,EPL
2021-11-07,away,2.46,0.5074732912807021,0.4249270100928366,False,False,EPL
2021-11-20,home,2.67,0.5428866221820712,0.3899847397275759,False,False,EPL
2021-11-20,away,1.53,0.8091276485088656,0.6491552595881119,False,False,EPL
2021-11-20,away,2.49,0.560847331391727,0.3980695648251858,False,False,EPL
2021-11-28,home,1.65,0.7626669994485114,0.5765825202263968,False,True,EPL
2021-11-30,home,2.43,0.6030120343737875,0.4150831024418394,True,True,EPL
2021-12-01,away,2.98,0.6175074908336363,0.3232195501548867,True,False,EPL
2021-12-02,home,1.67,0.7845526780070913,0.576274254078944,False,True,EPL
2021-12-05,home,1.98,0.740697927978737,0.5334535167022159,False,False,EPL
2021-12-14,away,2.33,0.6765212329982504,0.4566117739867863,True,True,EPL
2021-12-28,away,2.08,0.6566017448045917,0.450549138790086,True,False,EPL
2021-12-28,away,2.24,0.73930008400297,0.4726648083193615,True,True,EPL
2022-01-01,away,1.62,0.8082718637169627,0.5999355512428192,False,True,EPL
2022-01-01,away,2.4,0.6062500764640792,0.4348434379496695,True,True,EPL
2022-01-02,away,2.46,0.6757921308075986,0.3636534702514218,True,False,EPL
2022-01-15,home,2.05,0.5681107495827021,0.5276796485241532,False,False,EPL
2022-01-19,away,1.88,0.8100046782037171,0.5529199655542851,False,True,EPL
2022-01-23,home,2.66,0.4824285418998428,0.360914908474809,False,False,EPL
2022-02-08,away,2.94,0.4266332046010124,0.3398574136872179,False,False,EPL
2022-02-10,away,2.23,0.5700630323785311,0.4751206041286672,False,True,EPL
2022-02-12,away,2.98,0.4860019078408709,0.3918280388054023,False,False,EPL
2022-02-12,away,2.14,0.5567334737507653,0.4877338877338877,False,True,EPL
2022-02-13,away,2.67,0.4981219765888338,0.36646722095056,False,False,EPL
2022-02-19,home,1.68,0.6923110038277005,0.6030663738972996,False,False,EPL
2022-02-27,home,2.15,0.5643534927656371,0.5032666017799322,False,True,EPL
2022-03-01,away,2.55,0.581653477091243,0.3722887110487528,False,True,EPL
2022-03-05,home,2.42,0.5406580525118683,0.4327492960586485,False,True,EPL
2022-03-06,away,1.62,0.7494041779338728,0.6304228351962775,False,True,EPL
2022-03-16,away,2.33,0.5298241338197175,0.4615065228692949,False,True,EPL
2022-03-20,home,2.25,0.7697819725097668,0.4589673235220754,True,True,EPL
2022-04-02,home,2.39,0.5601664360300369,0.3901934843724161,False,False,EPL
2022-04-02,away,2.63,0.5202854823741996,0.3735510378968147,False,False,EPL
2022-04-04,away,2.01,0.6121853521755718,0.4724322487469204,True,False,EPL
2022-04-09,away,2.63,0.7095135588683293,0.3805046106266131,True,True,EPL
2022-04-10,away,2.82,0.7437506936008418,0.3545759188711039,True,False,EPL
2022-04-10,home,2.46,0.6218715080007414,0.3868283413677619,True,True,EPL
2022-04-10,away,2.6,0.4430126683220646,0.4110576923076923,False,False,EPL
2022-04-16,away,1.97,0.613978495758602,0.5031792001561941,False,False,EPL
2022-04-23,away,2.22,0.57209685551261,0.4345419680990151,False,True,EPL
2022-04-23,away,1.88,0.7811581911254317,0.5575484613400528,False,False,EPL
2022-04-30,away,2.78,0.450600353144745,0.3350843643680544,False,True,EPL
2022-05-02,home,1.78,0.8108146275284895,0.5422535211267605,False,True,EPL
2022-05-07,away,2.52,0.5358057357424044,0.3883471948846893,False,True,EPL
2022-05-07,away,2.61,0.5369222819312661,0.3763014377788795,False,False,EPL
2022-05-08,home,2.71,0.4718292539835391,0.3573341700082647,False,False,EPL
2022-05-08,away,1.81,0.7445590735958738,0.5673321193940636,False,True,EPL
2022-05-11,away,1.88,0.6036788057002105,0.5804484492341094,False,False,EPL
2022-05-15,home,2.09,0.566323082968343,0.5196581785603529,False,False,EPL
2022-05-15,home,2.75,0.437595597850516,0.3582554517133956,False,False,EPL
2022-05-15,away,2.02,0.7660327220659622,0.582105078359392,False,True,EPL
2022-05-15,home,2.13,0.5989992877075703,0.5058222571057271,False,False,EPL
2022-05-22,away,2.85,0.6909208373239493,0.3383738225086762,True,True,EPL
2022-05-22,away,2.97,0.4665502836668884,0.3568566085263921,False,False,EPL
2022-05-22,away,2.24,0.6727423150909495,0.378224852071006,True,False,EPL
2022-05-22,home,1.88,0.6262711519705038,0.5710143635821777,False,True,EPL
2022-08-13,home,2.44,0.4551299191017621,0.4389916887123631,False,False,EPL
2022-08-14,away,1.92,0.6475409232968011,0.4915073922971634,True,False,EPL
2022-08-20,away,2.93,0.4758073301829899,0.3507552870090634,False,False,EPL
2022-08-20,home,1.86,0.6432154714025597,0.5492948717948718,False,False,EPL
2022-09-18,away,2.57,0.5289001743466587,0.3762970014278914,False,False,EPL
2022-10-01,away,2.25,0.5343738092387751,0.4290117887092081,False,False,EPL
2022-10-03,home,1.78,0.7085089563287974,0.5600380698041109,False,True,EPL
2022-10-08,away,2.09,0.6663849555437265,0.4404128261716213,True,False,EPL
2022-10-08,away,2.65,0.4957943666840115,0.3328628022403351,False,True,EPL
2022-10-09,home,1.79,0.6144835803598876,0.5976093552121932,False,True,EPL
2022-10-09,away,2.66,0.5612197026877506,0.3662740400612231,False,False,EPL
2022-10-10,away,2.22,0.5757549967309679,0.4777117925099989,False,False,EPL
2022-10-16,away,2.47,0.5762267634254863,0.3849762229163266,False,False,EPL
2022-10-19,away,2.93,0.4984846904305674,0.3210995514693566,False,False,EPL
2022-10-20,away,2.54,0.5115748843259148,0.3957266147517229,False,False,EPL
2022-10-20,home,2.36,0.5891840676088314,0.4118364969785549,False,True,EPL
2022-10-22,away,2.97,0.4302248284301718,0.3075060532687652,False,False,EPL
2022-10-23,home,2.12,0.6386329604650614,0.4349663172160879,True,False,EPL
2022-10-29,away,1.72,0.7304890918926565,0.5556854431257554,False,True,EPL
2022-11-05,away,2.66,0.5265683479014017,0.3352649006622517,False,False,EPL
2022-11-06,home,2.72,0.473486295682217,0.3589155698012798,False,False,EPL
2022-11-12,away,2.43,0.5277014030353762,0.4011168823370462,False,False,EPL
2022-12-26,away,1.79,0.6462875305691353,0.5641209710533153,False,True,EPL
2022-12-31,away,2.6,0.5153485887848608,0.369907296091475,False,True,EPL
2023-01-01,away,1.7,0.7312008264314829,0.5991146089522873,False,False,EPL
2023-01-03,home,2.26,0.6310219464806104,0.4141998303396895,True,False,EPL
2023-01-04,away,2.73,0.5231106682051511,0.3822996600015884,False,False,EPL
2023-01-12,away,2.21,0.6502441887279539,0.4790567416186378,True,False,EPL
2023-01-14,away,1.86,0.688388075049646,0.5175816864619782,False,False,EPL
2023-01-14,away,2.17,0.6009798190858684,0.4059132773208034,True,False,EPL
2023-01-14,away,2.72,0.6628051005821791,0.3446153846153846,True,False,EPL
2023-01-22,away,2.99,0.4122396796444462,0.3164804190294409,False,False,EPL
2023-01-23,away,2.15,0.6590065877483081,0.4528505295199441,True,True,EPL
2023-02-04,away,1.89,0.6557228883349514,0.4963360983972281,True,False,EPL
2023-02-05,away,2.76,0.4972327177946153,0.3736189624600275,False,False,EPL
2023-02-15,away,2.46,0.6304222023903341,0.4309450241940185,True,True,EPL
2023-02-18,away,2.82,0.7081617902754294,0.3397683397683397,True,True,EPL
2023-02-25,home,1.81,0.680093020557367,0.571209996174933,False,True,EPL
2023-02-26,away,2.96,0.3549889664256619,0.3848686461620347,False,False,EPL
2023-03-04,home,1.52,0.8221221371109305,0.6414632336573421,False,True,EPL
2023-03-04,away,2.31,0.5478431262144177,0.4137285860606485,False,False,EPL
2023-03-04,away,2.67,0.5820616366241025,0.3806193122638425,False,False,EPL
2023-03-05,away,2.98,0.4579546326198974,0.3681710213776722,False,False,EPL
2023-03-05,home,2.39,0.6706354298738273,0.4028820174121885,True,True,EPL
2023-03-11,away,1.44,0.8415665619969777,0.6714609931727545,False,False,EPL
2023-03-18,away,1.82,0.6815828243451348,0.527311727932289,False,False,EPL
2023-04-01,away,2.64,0.4735249205073809,0.405969435771799,False,False,EPL
2023-04-03,away,2.24,0.64293383636771,0.4748820011246102,True,False,EPL
2023-04-04,home,2.68,0.4617957094437631,0.35744004841516,False,False,EPL
2023-04-08,away,2.69,0.562145725658224,0.3638447438610455,False,True,EPL
2023-04-08,home,1.91,0.7038495553775541,0.4609735340778952,True,False,EPL
2023-04-08,home,2.58,0.5234632756277485,0.3459538456309689,False,True,EPL
2023-04-09,home,2.82,0.600984840802989,0.3484011209176859,True,False,EPL
2023-04-15,home,2.67,0.5330745516578685,0.3138978174380184,False,False,EPL
2023-04-15,away,2.73,0.4586478132152345,0.3563697334545775,False,True,EPL
2023-04-17,away,1.74,0.749225711475372,0.5631263659732525,False,True,EPL
2023-04-22,home,2.46,0.499571425886564,0.3994669769711529,False,True,EPL
2023-04-23,away,2.68,0.634960690631272,0.3838687285927241,True,True,EPL
2023-04-27,home,2.81,0.524589908994922,0.3316574171073951,False,False,EPL
2023-04-30,away,2.69,0.5037837697902621,0.3250178377949843,False,False,EPL
2023-05-01,home,2.04,0.6028908289990154,0.4749082840438058,True,False,EPL
2023-05-06,away,2.19,0.7244069689645478,0.4634339473895344,True,True,EPL
2023-05-07,away,2.73,0.5093154145797155,0.3187149952446371,False,True,EPL
2023-05-08,away,2.62,0.5928456035305956,0.3597938144329897,False,False,EPL
2023-05-13,home,2.84,0.4358677567463508,0.3569555489316424,False,False,EPL
2023-05-21,home,2.51,0.5596178836003196,0.3566810589276126,False,True,EPL
2023-05-28,away,1.84,0.7470803013598907,0.4414926996611303,True,False,EPL
2023-05-28,home,2.89,0.6449878272259747,0.3526818953450278,True,False,EPL
2023-05-28,away,2.36,0.6433579940030664,0.4067297968189757,True,True,EPL
2023-08-12,away,2.71,0.4948244211770443,0.3721734553861769,False,False,EPL
2023-08-12,away,2.43,0.5478028464186344,0.4506251846017525,False,True,EPL
2023-09-02,away,2.53,0.4799356543500188,0.4092693456208829,False,False,EPL
2023-10-01,away,2.69,0.4917893920335204,0.3272685600779266,False,False,EPL
2023-10-07,home,2.26,0.5454640752670453,0.417910447761194,False,False,EPL
2023-10-08,away,2.46,0.5180370799824813,0.3833627357850455,False,False,EPL
2023-10-29,home,2.18,0.5539343348012744,0.4680009503976295,False,False,EPL
2023-11-12,home,1.89,0.6108048784603115,0.5359948181328857,False,True,EPL
2023-11-26,away,2.6,0.4987293335126044,0.3542053747581742,False,True,EPL
2023-11-27,home,2.45,0.4937640519317611,0.4003011670222111,False,True,EPL
2023-12-06,home,2.3,0.5416164672398711,0.4122781976351097,False,False,EPL
2023-12-06,home,2.88,0.427608848806585,0.3400391149578777,False,True,EPL
2023-12-17,home,2.12,0.5318852925537936,0.5106376120172781,False,True,EPL
2023-12-23,home,2.65,0.3748814555271861,0.4631098749433716,False,True,EPL
2023-12-23,home,1.8,0.6919700357243692,0.5703162092868674,False,True,EPL
2023-12-23,home,2.47,0.5161017427874901,0.3863204559848004,False,False,EPL
2023-12-26,home,2.68,0.4600493104575736,0.4146052529606489,False,True,EPL
2023-12-31,home,1.77,0.7226604961636626,0.5415326087937951,False,True,EPL
2024-01-21,away,1.72,0.7380940410169032,0.5668116807576585,False,True,EPL
2024-01-30,home,2.46,0.5457491879551413,0.4358068401917099,False,False,EPL
2024-02-01,home,2.45,0.615063818044373,0.3879650662308163,True,False,EPL
2024-02-01,away,2.64,0.4543320194888088,0.3955291901499384,False,True,EPL
2024-02-03,away,2.34,0.5441874987333767,0.4264193135509688,False,False,EPL
2024-02-10,home,2.46,0.6109047069620733,0.3688937769223719,True,True,EPL
2024-03-10,home,1.81,0.6310299860366517,0.5956473988587286,False,True,EPL
2024-04-02,home,2.03,0.6055168340045012,0.4801376738849849,True,False,EPL
2024-04-06,away,2.77,0.4188290757568818,0.3814024074776671,False,True,EPL
2024-04-13,home,2.8,0.4388008211112472,0.3683390690092374,False,True,EPL
2024-04-13,away,2.79,0.5216096445479497,0.3546661238968931,False,False,EPL
2024-04-28,away,2.99,0.4919047180969998,0.2719206315936561,False,False,EPL
2024-05-05,home,2.75,0.4381632517259701,0.4041113357406059,False,True,EPL
2024-05-15,home,2.75,0.4355311717988853,0.3564727954971857,False,True,EPL
2024-05-19,home,2.97,0.4265613782344255,0.3254050525303901,False,False,EPL
2024-05-19,away,2.98,0.3584852684903296,0.3925085130533485,False,True,EPL
2024-09-21,home,2.54,0.5280287960672458,0.461745195486637,False,False,EPL
2024-10-05,away,2.27,0.4704436102389544,0.4831880663426228,False,False,EPL
2024-10-27,home,2.54,0.4582735268693271,0.4285075250372462,False,False,EPL
2024-11-02,away,1.6,0.7760333265581165,0.6217898832684825,False,False,EPL
2024-11-09,home,2.59,0.5363174234797345,0.3688160152526215,False,True,EPL
2024-11-10,away,2.78,0.4873526788636544,0.3581387444867566,False,True,EPL
2024-11-10,away,2.59,0.4922873254012667,0.3857669276830954,False,False,EPL
2024-11-30,home,2.86,0.4342112990853692,0.3540995646818505,False,False,EPL
2024-12-03,away,2.39,0.499942017125517,0.4228270379954205,False,True,EPL
2024-12-03,home,2.95,0.4442408121000287,0.3205538930054801,False,True,EPL
2024-12-14,away,2.76,0.5049075357160878,0.3464989842314017,False,False,EPL
2024-12-21,home,2.39,0.5632708891042313,0.3844189209611607,False,False,EPL
2024-12-21,home,2.8,0.4333811267479966,0.3436248079761438,False,False,EPL
2024-12-26,away,2.87,0.4688443576578435,0.3019169329073482,False,False,EPL
2024-12-29,home,2.37,0.5168878190938302,0.4283807319264746,False,False,EPL
2025-01-04,away,2.41,0.5044460540132805,0.4505138067627302,False,True,EPL
2025-01-25,home,2.03,0.7145853913963282,0.407665351478759,True,True,EPL
2025-02-01,away,2.99,0.4168036456114775,0.3550391287986422,False,False,EPL
2025-02-15,home,2.23,0.558936771255781,0.4584621514794668,False,True,EPL
2025-02-15,home,1.99,0.7236810879753561,0.4653821156860496,True,True,EPL
2025-02-16,home,2.46,0.4696197570971441,0.439998125673586,False,True,EPL
2025-02-22,away,2.98,0.4256925934259972,0.3273090259535567,False,False,EPL
2025-02-23,home,2.95,0.5748430341585606,0.3027300818705998,False,False,EPL
2025-02-26,away,1.99,0.6687057327592993,0.4958771465315076,True,False,EPL
2025-02-26,away,2.07,0.5938854831442325,0.523917031629402,False,True,EPL
2025-03-08,away,1.89,0.7399560429007288,0.5006368920988985,False,False,EPL
2025-03-09,home,2.73,0.6376112871637505,0.3403209205547616,True,False,EPL
2025-04-06,away,2.15,0.5678879890532513,0.4610443980455957,False,False,EPL
2025-04-19,home,2.59,0.4751297927938891,0.375946374941476,False,False,EPL
2025-04-19,away,1.99,0.7113429672691893,0.5038446820410339,False,True,EPL
2025-04-21,home,2.52,0.6383554201010891,0.4064429228869682,True,False,EPL
2025-04-22,home,1.87,0.7275345376602451,0.5120939743532574,False,True,EPL
2025-05-02,home,1.41,0.8209603119792924,0.7278495777539308,False,True,EPL
2025-05-03,home,2.37,0.5815027246407873,0.3967317620311867,False,True,EPL
2025-05-03,home,2.07,0.789401620013631,0.5764304013663535,False,False,EPL
2025-05-05,home,2.31,0.4993326435086346,0.4441624365482234,False,False,EPL
2025-05-10,away,2.78,0.5037902892737294,0.3565628611398333,False,True,EPL
2025-05-11,home,2.69,0.5529449637064352,0.3103802823107768,False,False,EPL
2025-05-18,home,2.84,0.5360200487351088,0.3188137164040778,False,False,EPL
2025-05-18,home,2.37,0.6288671905634877,0.4288117678468892,True,True,EPL
2025-05-18,home,2.03,0.6382281925936961,0.5001724252271371,False,True,EPL
2025-05-20,home,1.57,0.8634370429037443,0.723800443085897,False,True,EPL
2025-05-25,away,2.22,0.5261946417294314,0.4702978031936501,False,True,EPL
2025-08-30,away,2.53,0.595082633613927,0.3888679954870252,False,False,EPL
2025-08-30,away,2.16,0.619490652270439,0.417766820719268,True,False,EPL
2025-09-20,home,2.78,0.4767754503325105,0.3415376955958599,False,False,EPL
2025-09-21,away,2.87,0.4480941828445191,0.3320082028251629,False,False,EPL
2025-09-21,away,2.14,0.589912581414757,0.4378987058728963,False,False,EPL
2025-10-04,away,2.55,0.5244944963369563,0.367000134411183,False,True,EPL
2025-11-03,away,2.75,0.4606912484968308,0.4023876617277218,False,False,EPL
2025-11-09,home,2.29,0.5373718172214479,0.4363421191046694,False,True,EPL
2025-11-22,home,2.12,0.626317016588868,0.4694998715126091,True,True,EPL
2025-11-23,away,2.51,0.5406974016279472,0.4244862147934449,False,True,EPL
2025-11-29,away,2.38,0.5432605685937246,0.420946810455127,False,False,EPL
2025-11-29,away,2.64,0.4714179512053324,0.3564773555861621,False,True,EPL
2025-12-06,away,1.91,0.7062580885078766,0.5504450074709284,False,False,EPL
2025-12-14,away,2.26,0.6934197181274756,0.4465388845814024,True,False,EPL
2025-12-20,home,2.87,0.4731610634817194,0.3392890328404173,False,False,EPL
2025-12-20,away,2.81,0.4598594029443322,0.3550906207256672,False,False,EPL
2025-12-28,away,2.86,0.4285481237983469,0.3674216736742167,False,False,EPL
2026-01-01,home,1.55,0.7814799184530761,0.6568500423774221,False,False,EPL
2026-01-04,away,2.61,0.4863015543811081,0.3628783675482399,False,False,EPL
2026-01-04,home,1.83,0.7046125158633632,0.4860909514614821,True,False,EPL
2026-01-07,home,1.7,0.7027195660077024,0.5866321856759639,False,True,EPL
2021-08-13,home,2.7,0.5095624420512321,0.3964682426659071,False,True,LALIGA
2021-08-21,away,2.38,0.6596560498286497,0.3737155425555882,True,False,LALIGA
2021-08-21,away,2.98,0.4098528640047551,0.3329315018005636,False,False,LALIGA
2021-08-27,home,2.69,0.4810100836214836,0.3355445850046282,False,True,LALIGA
2021-08-29,home,2.63,0.400380634764216,0.4511441275349745,False,True,LALIGA
2021-09-19,home,2.76,0.3954004785943557,0.3991139006830349,False,False,LALIGA
2021-09-19,home,2.06,0.6379311772692307,0.5163382389623348,False,False,LALIGA
2021-09-19,away,1.96,0.5872314611422376,0.551867651649152,False,True,LALIGA
2021-09-21,home,1.9,0.6400188511570641,0.5495951417004049,False,False,LALIGA
2021-09-21,away,2.76,0.4428404864702155,0.4090058457688213,False,True,LALIGA
2021-09-25,home,1.63,0.7297966069481919,0.6818257578331951,False,True,LALIGA
2021-10-02,home,2.2,0.5779038696243048,0.4272954626652376,False,True,LALIGA
2021-10-03,away,1.69,0.7415131246024983,0.5816225959638017,False,False,LALIGA
2021-10-16,home,2.61,0.4498573032851647,0.399436648835827,False,False,LALIGA
2021-10-23,home,2.82,0.4677046111399697,0.3668210603744526,False,False,LALIGA
2021-10-24,home,2.73,0.4169260243844807,0.3976715415543675,False,False,LALIGA
2021-10-24,home,1.83,0.6486372962472691,0.5447766205629962,False,True,LALIGA
2021-10-26,away,2.74,0.5483500640124119,0.3447146830196529,False,False,LALIGA
2021-10-27,away,1.85,0.8208677766226056,0.509425426509709,False,False,LALIGA
2021-10-28,home,2.67,0.4435654053010486,0.4351364289133557,False,False,LALIGA
2021-10-28,away,1.71,0.6415740032862897,0.6459336776032567,False,False,LALIGA
2021-10-31,home,2.68,0.5037525532376882,0.3468385560058156,False,False,LALIGA
2021-11-06,away,2.17,0.6457234122487118,0.4726981387895969,True,False,LALIGA
2021-11-06,home,1.4,0.8560979485150227,0.6959521395699393,False,True,LALIGA
2021-11-27,home,2.04,0.639051708023025,0.4655735111545194,True,False,LALIGA
2021-11-27,away,2.66,0.4941755426294569,0.3779274603547427,False,True,LALIGA
2021-11-28,away,2.43,0.6576984669785251,0.3738948525706607,True,False,LALIGA
2021-12-12,home,1.78,0.7755914658872386,0.5446277057162133,False,True,LALIGA
2021-12-12,away,2.03,0.6257126195692324,0.484182630524094,True,False,LALIGA
2021-12-17,home,1.99,0.6847293037403265,0.4934051479536441,True,True,LALIGA
2021-12-18,away,2.92,0.4109036510806686,0.346026981879627,False,False,LALIGA
2021-12-19,home,2.57,0.561279925778544,0.3994285284607864,False,True,LALIGA
2022-01-08,home,2.22,0.5784422895036947,0.4507958023148688,False,True,LALIGA
2022-01-08,away,1.8,0.7315359866238271,0.5452029818705797,False,False,LALIGA
2022-01-09,away,2.69,0.4932512610811608,0.3272685600779266,False,False,LALIGA
2022-01-21,away,2.35,0.5415627324804945,0.3975366886153545,False,True,LALIGA
2022-02-05,home,2.0,0.6834188197461544,0.4883463986952175,True,True,LALIGA
2022-02-06,away,2.59,0.4612796820363414,0.4444007858546168,False,False,LALIGA
2022-02-12,away,2.74,0.4526939242985872,0.3573169245765809,False,False,LALIGA
2022-02-13,away,1.76,0.8209328253810605,0.5919374189899071,False,False,LALIGA
2022-02-19,away,2.11,0.6186986393929057,0.430686494135359,True,True,LALIGA
2022-02-20,away,2.25,0.6343142097047172,0.4382992637520976,True,False,LALIGA
2022-02-20,away,2.01,0.6390087645694742,0.4683974483968913,True,True,LALIGA
2022-02-26,away,1.67,0.7279517592443041,0.6217053328777798,False,True,LALIGA
2022-02-27,home,2.29,0.5397091195439594,0.4255046811000585,False,True,LALIGA
2022-03-02,away,2.3,0.6484376608251406,0.3946244510511145,True,True,LALIGA
2022-03-06,home,2.93,0.4583733544259408,0.3794087758760461,False,True,LALIGA
2022-03-06,away,2.44,0.5813455298396695,0.4363720499768626,False,True,LALIGA
2022-03-12,home,2.36,0.5740104876179891,0.4370213088647911,False,False,LALIGA
2022-03-13,away,2.37,0.620632857072073,0.3853126662107742,True,False,LALIGA
2022-03-19,away,2.86,0.4261895102505699,0.3396930734135213,False,True,LALIGA
2022-04-02,away,1.99,0.4963141977086618,0.5951381055169671,False,False,LALIGA
2022-04-03,home,2.71,0.5587477490892132,0.3422217419994675,False,False,LALIGA
2022-04-04,home,1.58,0.7596705299041802,0.6237041728940844,False,True,LALIGA
2022-04-09,away,1.96,0.7591898649218761,0.4589312601788403,True,False,LALIGA
2022-04-10,away,2.77,0.5184373868106892,0.3704381031250359,False,False,LALIGA
2022-04-10,away,2.05,0.5536859477290226,0.5269212791942464,False,True,LALIGA
2022-04-15,home,2.17,0.5367071185442953,0.4961454631526002,False,False,LALIGA
2022-04-16,home,2.77,0.479849724750442,0.3229024101695701,False,True,LALIGA
2022-04-16,home,2.78,0.4874363367775112,0.3482995612393348,False,True,LALIGA
2022-04-16,away,2.56,0.5166997210935029,0.3944632636374255,False,True,LALIGA
2022-04-17,home,1.44,0.8563454038565244,0.7169532476618408,False,True,LALIGA
2022-04-24,home,1.33,0.8940373273385904,0.7332021217443493,False,False,LALIGA
2022-04-29,home,1.65,0.6913825889506312,0.6252572651683542,False,False,LALIGA
2022-04-30,away,2.21,0.5703461069155813,0.4324546952224052,False,False,LALIGA
2022-04-30,home,1.51,0.8394798139727426,0.6598996544339907,False,True,LALIGA
2022-04-30,home,2.33,0.5119185427173174,0.4532994923857867,False,False,LALIGA
2022-04-30,away,2.64,0.5426210591462566,0.3409644422795908,False,False,LALIGA
2022-05-01,home,1.32,0.8986581831698216,0.7764796483780687,False,True,LALIGA
2022-05-07,away,2.24,0.5923781555145992,0.418046696705483,False,True,LALIGA
2022-05-11,home,2.79,0.4158051532306887,0.3778301512062071,False,False,LALIGA
2022-05-11,home,1.63,0.7626813451633507,0.5902287683649683,False,False,LALIGA
2022-05-11,away,1.71,0.7066966896709841,0.621038750210379,False,True,LALIGA
2022-05-12,home,1.7,0.6874527975716702,0.5952104035152133,False,True,LALIGA
2022-05-15,home,2.36,0.5320312721759917,0.4890709174619014,False,False,LALIGA
2022-05-15,away,2.26,0.6367933361931047,0.3652923679355397,True,False,LALIGA
2022-05-15,away,2.22,0.6711790626645062,0.4531607006854531,True,False,LALIGA
2022-05-21,home,2.79,0.4570206192259142,0.3592243869887715,False,True,LALIGA
2022-05-22,home,2.17,0.6451975471531306,0.469934120580345,True,False,LALIGA
2022-05-22,home,2.59,0.50539556714989,0.3376301323588122,False,True,LALIGA
2022-05-22,away,2.8,0.470657689887249,0.336875453765428,False,True,LALIGA
2022-08-20,away,2.44,0.5455582683170697,0.4076795555356423,False,True,LALIGA
2022-08-22,home,2.6,0.4819990591638723,0.4129109890477198,False,False,LALIGA
2022-08-22,home,2.85,0.3848499366048832,0.4128020520593464,False,True,LALIGA
2022-09-09,home,2.3,0.4701359105362595,0.4697368421052632,False,True,LALIGA
2022-09-18,home,1.78,0.6564677855128821,0.5585750202646077,False,True,LALIGA
2022-10-09,away,2.51,0.5243462607392103,0.3898955214348239,False,False,LALIGA
2022-10-16,home,2.32,0.5639418009193345,0.4256044075537351,False,True,LALIGA
2022-10-18,home,2.34,0.5967153600851066,0.4195711149385353,False,False,LALIGA
2022-10-29,home,2.02,0.6048148878059187,0.474500534715647,True,False,LALIGA
2022-11-09,home,2.66,0.4627379774517767,0.379301667670675,False,False,LALIGA
2022-11-09,away,2.44,0.5447743333689266,0.3626236216892122,False,True,LALIGA
2022-11-09,away,2.19,0.609250636725863,0.4214107835756066,True,False,LALIGA
2022-12-29,home,2.95,0.4816385877701727,0.3137605541345044,False,False,LALIGA
2022-12-30,home,2.91,0.4553153504691254,0.3348289787043108,False,True,LALIGA
2022-12-31,home,2.02,0.6580555822401335,0.4769750811095445,True,True,LALIGA
2023-01-21,away,2.8,0.4696139307142769,0.3362139171179238,False,False,LALIGA
2023-01-22,home,1.76,0.7194071091403855,0.5570505229215119,False,True,LALIGA
2023-01-22,away,2.48,0.509454593080094,0.3897624269971724,False,True,LALIGA
2023-01-28,home,2.98,0.4780713341090164,0.3338915387030696,False,True,LALIGA
2023-01-29,away,2.2,0.5148458637591198,0.4716244438390992,False,True,LALIGA
2023-02-04,home,2.23,0.5380014799298439,0.4612899987190715,False,False,LALIGA
2023-02-05,away,1.78,0.7322911850667918,0.530745098272888,False,False,LALIGA
2023-02-11,away,2.52,0.4913480197569518,0.3784524854814609,False,True,LALIGA
2023-02-11,home,1.99,0.71265054581733,0.506227267385271,False,True,LALIGA
2023-02-18,away,2.5,0.6197500765101793,0.359707533620577,True,False,LALIGA
2023-02-18,away,1.85,0.6358906674952487,0.5704215784215784,False,True,LALIGA
2023-02-19,home,2.97,0.4559024914091005,0.3571346016042162,False,False,LALIGA
2023-02-25,home,2.63,0.4869069422970672,0.3654220976976489,False,True,LALIGA
2023-02-26,home,1.88,0.618175357756225,0.5668949345839218,False,False,LALIGA
2023-03-04,home,2.84,0.409244005753118,0.3547477641947635,False,True,LALIGA
2023-03-11,home,2.72,0.509559977681304,0.3777504900353131,False,False,LALIGA
2023-03-12,away,2.42,0.4888163896836261,0.4062213957257752,False,False,LALIGA
2023-03-12,home,1.77,0.658480709602835,0.5926969466396463,False,True,LALIGA
2023-03-12,home,2.01,0.5374560963595091,0.5821102122909679,False,False,LALIGA
2023-03-13,away,2.14,0.5556369472931117,0.4568489678673013,False,True,LALIGA
2023-03-19,home,1.89,0.7148383996669874,0.4697286012526096,True,True,LALIGA
2023-03-19,away,2.46,0.5201345575523141,0.3777058798812793,False,True,LALIGA
2023-04-01,away,2.41,0.5056627843325999,0.4089072143445111,False,True,LALIGA
2023-04-02,home,2.46,0.5239614446405967,0.3690379268498748,False,True,LALIGA
2023-04-09,home,2.66,0.4354722637012214,0.3780769537162431,False,False,LALIGA
2023-04-25,home,2.88,0.4490190863697404,0.3363024148186959,False,False,LALIGA
2023-04-30,home,1.83,0.6189679258255001,0.5814615974580915,False,True,LALIGA
2023-05-01,home,2.01,0.6581844730352062,0.5040721424350642,False,False,LALIGA
2023-05-02,away,2.95,0.4741449608707513,0.2862254025044722,False,False,LALIGA
2023-05-03,away,2.64,0.494709372970393,0.3399016475000478,False,False,LALIGA
2023-05-13,home,2.17,0.5612129183628618,0.4491119976149576,False,True,LALIGA
2023-05-20,away,2.38,0.5693554632842938,0.3623843102688408,False,True,LALIGA
2023-05-21,away,2.22,0.6155931009581558,0.4349181605611847,True,False,LALIGA
2023-05-21,home,2.37,0.4938209493049275,0.4638806530436323,False,False,LALIGA
2023-05-23,away,2.0,0.6249735873119124,0.4976956682562057,True,False,LALIGA
2023-05-24,home,1.65,0.7728960936610647,0.6908282753564802,False,True,LALIGA
2023-05-24,away,2.35,0.5429164931212298,0.4094989403292561,False,False,LALIGA
2023-06-04,home,1.93,0.6627570172588181,0.5778112121410349,False,False,LALIGA
2023-06-04,away,2.57,0.4680013443247084,0.3882467191402693,False,False,LALIGA
2023-06-04,home,2.72,0.4737044214471655,0.3874166458481465,False,False,LALIGA
2023-06-04,home,2.82,0.4372856346515471,0.3997984707486219,False,False,LALIGA
2023-08-11,home,2.62,0.4642038662071837,0.3680380739595846,False,False,LALIGA
2023-08-18,away,2.68,0.508127401244568,0.3467391304347826,False,True,LALIGA
2023-08-20,home,2.06,0.5846487111286127,0.4936045292514154,False,True,LALIGA
2023-08-26,home,2.71,0.4832563553955357,0.3495345441445308,False,True,LALIGA
2023-09-02,away,2.82,0.4134167071635942,0.3777996900971967,False,False,LALIGA
2023-09-18,away,2.65,0.4277022946644864,0.4022396834580712,False,True,LALIGA
2023-09-23,home,1.94,0.6280235030951997,0.5119913104657048,False,True,LALIGA
2023-09-24,away,2.83,0.4766256023314949,0.3520425509410014,False,False,LALIGA
2023-09-24,home,1.86,0.623011237086236,0.540091683038638,False,False,LALIGA
2023-09-24,home,2.88,0.4361637318219714,0.3410488480034725,False,True,LALIGA
2023-09-27,home,2.22,0.6135041906182727,0.4508899143045485,True,False,LALIGA
2023-10-01,home,2.31,0.5551307714983158,0.4718284534161704,False,True,LALIGA
2023-10-08,away,2.68,0.5204185395496366,0.3192644208900798,False,False,LALIGA
2023-10-22,home,2.71,0.4659214847228904,0.3677221654749745,False,False,LALIGA
2023-10-28,home,2.55,0.4858006496500333,0.3772281273990444,False,False,LALIGA
2023-10-29,home,2.1,0.5494450536044464,0.4887176793713346,False,True,LALIGA
2023-11-04,home,1.93,0.6119077454462799,0.5110625771531668,False,True,LALIGA
2023-11-11,home,2.58,0.4487801446787789,0.3904528763769889,False,False,LALIGA
2023-11-26,home,2.17,0.6266764046475084,0.4423138382869926,True,True,LALIGA
2023-12-01,home,2.49,0.4644791991724226,0.4041268318997812,False,True,LALIGA
2023-12-16,away,2.94,0.422726384999986,0.3381425678848863,False,False,LALIGA
2023-12-17,home,2.66,0.5021296885696308,0.4055419415645617,False,False,LALIGA
2023-12-20,home,2.42,0.6378918066145634,0.3971828093566629,True,True,LALIGA
2024-01-03,away,2.71,0.4474035344144457,0.3754075628677435,False,False,LALIGA
2024-01-12,home,1.95,0.6611109960508712,0.4694331921209685,True,False,LALIGA
2024-01-20,home,2.1,0.689680431662155,0.4584910546723949,True,False,LALIGA
2024-01-26,home,2.64,0.6034121099354948,0.338890407215086,True,False,LALIGA
2024-02-03,away,1.87,0.6766605040366614,0.5037914537702999,False,True,LALIGA
2024-02-09,away,2.7,0.4433020134174689,0.35971089048988,False,True,LALIGA
2024-02-10,home,2.84,0.4373054594289928,0.3743046971569839,False,True,LALIGA
2024-02-16,home,2.02,0.6473721850926661,0.4676339598330578,True,False,LALIGA
2024-02-18,away,2.6,0.439038869460824,0.4036834466483737,False,True,LALIGA
2024-02-18,home,2.15,0.7053042558446321,0.3968437860847627,True,False,LALIGA
2024-03-03,away,2.43,0.4668281447196893,0.4296497485737971,False,False,LALIGA
2024-03-04,home,2.44,0.5682698012137173,0.3953954487951348,False,True,LALIGA
2024-03-17,home,2.13,0.6406312963884778,0.4325517220915828,True,True,LALIGA
2024-03-31,away,2.44,0.5293082454359608,0.441242569994329,False,True,LALIGA
2024-04-12,home,2.12,0.5567814042380457,0.5166222835810026,False,True,LALIGA
2024-04-13,home,1.97,0.663065917880377,0.5114671490406356,False,True,LALIGA
2024-04-21,away,1.99,0.643669264983516,0.53888285155401,False,False,LALIGA
2024-04-27,home,2.69,0.4670509401287819,0.3755563798219585,False,False,LALIGA
2024-04-27,away,2.95,0.4241830415853501,0.3215918131756703,False,False,LALIGA
2024-04-27,home,1.97,0.6098334400243006,0.4930968108695724,True,True,LALIGA
2024-04-28,home,2.64,0.4168000080529159,0.4070373358872458,False,True,LALIGA
2024-05-04,away,2.43,0.502668497757053,0.4176771730008832,False,False,LALIGA
2024-05-05,away,2.84,0.4428470542037973,0.3907849250360965,False,False,LALIGA
2024-05-05,home,2.15,0.5949996174975606,0.4360587078051237,False,False,LALIGA
2024-05-14,home,2.88,0.4773624211218235,0.3517419936711321,False,False,LALIGA
2024-08-26,home,1.94,0.6117344242014489,0.5769425523921531,False,True,LALIGA
2024-08-29,home,1.76,0.6885518617984001,0.5782055826672388,False,True,LALIGA
2024-08-31,home,2.8,0.4598946223323232,0.3367439096386248,False,True,LALIGA
2024-09-01,away,2.8,0.4226980684473735,0.4067344107390603,False,True,LALIGA
2024-09-14,home,2.75,0.4727028926155249,0.3234953861494895,False,True,LALIGA
2024-09-25,home,1.76,0.7200420871837852,0.56973293768546,False,False,LALIGA
2024-09-28,home,2.66,0.4446230647282636,0.3771853394136218,False,True,LALIGA
2024-10-06,home,2.44,0.5284184150969243,0.4020041753653445,False,True,LALIGA
2024-10-19,home,2.57,0.5148534138262123,0.3473929961089493,False,False,LALIGA
2024-11-02,home,1.71,0.7093484484692658,0.5637098421092231,False,True,LALIGA
2024-11-23,home,2.98,0.3535190655092877,0.3786357974943219,False,True,LALIGA
2024-11-24,home,2.32,0.5493745836537367,0.4763461067080643,False,True,LALIGA
2024-12-01,away,2.68,0.4325475372429516,0.3910148229136111,False,True,LALIGA
2024-12-14,home,2.88,0.4246334669509944,0.350239948976814,False,False,LALIGA
2024-12-18,home,1.85,0.6284593036498887,0.550561797752809,False,False,LALIGA
2024-12-22,home,2.32,0.4728550393396827,0.4588869293949848,False,False,LALIGA
2025-01-18,home,1.94,0.6211364699470205,0.5058978907433543,False,False,LALIGA
2025-01-19,away,2.67,0.3970260997449565,0.4192426786047379,False,True,LALIGA
2025-01-26,away,2.88,0.5339565280784441,0.2978285293587585,False,False,LALIGA
2025-02-03,home,1.63,0.7146943059127553,0.6474219971032756,False,True,LALIGA
2025-02-14,home,1.99,0.7198040925285132,0.500094736443215,False,False,LALIGA
2025-02-23,away,2.98,0.3971411308913515,0.3427875684872704,False,True,LALIGA
2025-03-10,away,2.45,0.5801004545534283,0.4213679869270874,False,False,LALIGA
2025-03-14,home,2.92,0.4261596469729454,0.3357189126753088,False,False,LALIGA
2025-03-15,home,1.98,0.6796720405983546,0.4959368993172931,True,False,LALIGA
2025-03-16,home,3.0,0.3723631534060043,0.3674535393772184,False,False,LALIGA
2025-04-18,home,2.88,0.4668802322139732,0.3382148484567615,False,True,LALIGA
2025-04-20,home,1.68,0.6503879521087639,0.6719859016022375,False,True,LALIGA
2025-04-23,away,1.79,0.6447121105158434,0.5913296062710145,False,True,LALIGA
2025-05-03,away,2.16,0.5545486856102362,0.4564015312632922,False,False,LALIGA
2025-05-05,home,2.04,0.6923120904294657,0.4748686023370924,True,True,LALIGA
2025-05-11,home,2.45,0.4887151851350926,0.4158976086224318,False,True,LALIGA
2025-05-13,home,2.39,0.5811867144813444,0.4246145611870177,False,False,LALIGA
2025-05-18,home,1.94,0.5908316342761654,0.6229154136366122,False,True,LALIGA
2025-05-18,home,1.87,0.6313440942325863,0.5641507317087204,False,False,LALIGA
2025-08-15,home,2.3,0.5405921350994394,0.4248941845066086,False,False,LALIGA
2025-08-30,home,2.49,0.5238754125686461,0.3834738358137302,False,False,LALIGA
2025-09-20,home,1.91,0.6290264691608674,0.5427677910668672,False,False,LALIGA
2025-09-20,away,2.55,0.430036076726129,0.4244055430744934,False,False,LALIGA
2025-09-26,home,2.53,0.5794144467889766,0.3755424823994599,False,False,LALIGA
2025-10-04,home,2.56,0.4730313415337263,0.3938279580579436,False,False,LALIGA
2025-10-04,home,2.52,0.5252551490601907,0.4160899071448346,False,True,LALIGA
2025-10-05,home,2.42,0.4892749397468654,0.4069122136830548,False,True,LALIGA
2025-10-19,home,2.84,0.4281498316390273,0.3401050815075037,False,False,LALIGA
2025-11-07,away,2.77,0.4537856850087045,0.3844258539909375,False,False,LALIGA
2025-12-14,away,2.78,0.4278898784224935,0.3671340755439404,False,False,LALIGA
2026-01-03,away,2.24,0.5698211261387742,0.4231397109020213,False,True,LALIGA
2026-01-10,home,2.42,0.5259494810688482,0.3729432565121344,False,True,LALIGA
2026-01-10,home,2.26,0.5457429383642953,0.4762139511954646,False,False,LALIGA
2021-08-21,away,1.65,0.6765498926476008,0.6333999273519796,False,True,SERIEA
2021-09-11,home,2.51,0.4328868238633644,0.4524637074012404,False,True,SERIEA
2021-09-12,home,2.22,0.5800318047363558,0.4115122443827316,False,True,SERIEA
2021-09-19,home,2.47,0.4841675566954192,0.4122747155626656,False,False,SERIEA
2021-09-20,away,1.86,0.6577405632312292,0.5161688633621134,False,True,SERIEA
2021-09-21,away,2.03,0.679124315831424,0.5346031058925382,False,True,SERIEA
2021-09-26,home,2.75,0.3937200114352432,0.3959175994732385,False,True,SERIEA
2021-10-03,away,2.03,0.6308174739551086,0.4796905484500325,True,True,SERIEA
2021-10-16,away,2.19,0.6122388114998658,0.4198442589388803,True,False,SERIEA
2021-10-23,away,2.24,0.6042960910127656,0.4426149407736609,True,True,SERIEA
2021-10-24,away,2.5,0.5224605169903307,0.4023972282748851,False,False,SERIEA
2021-11-20,away,2.42,0.5307013326636649,0.3792764773285317,False,True,SERIEA
2021-11-20,away,2.32,0.5808430054088303,0.419994025689535,False,False,SERIEA
2021-11-27,home,2.97,0.4185406203685817,0.333931162110602,False,True,SERIEA
2021-12-04,away,1.99,0.5849665247296465,0.5116492861041685,False,True,SERIEA
2021-12-06,home,2.67,0.4581475673293783,0.4252067905085542,False,True,SERIEA
2021-12-12,home,2.72,0.4334519214081078,0.4218010174493294,False,True,SERIEA
2021-12-18,away,1.93,0.6283930341407301,0.5004766629700967,False,True,SERIEA
2022-01-17,away,2.0,0.6648422861385335,0.5203326115629469,False,True,SERIEA
2022-02-07,home,2.96,0.4913990112576286,0.3532188132462335,False,False,SERIEA
2022-02-26,home,2.77,0.5398659427408954,0.3573280577911665,False,True,SERIEA
2022-02-27,away,2.55,0.5518861439348315,0.3765037439007023,False,True,SERIEA
2022-03-05,away,2.78,0.5146120987978218,0.335240012812886,False,False,SERIEA
2022-03-06,home,2.91,0.4547053502463305,0.330750090516212,False,False,SERIEA
2022-03-12,home,2.9,0.4179562203432961,0.3346870401463079,False,True,SERIEA
2022-03-13,away,2.14,0.588270123784024,0.4422898127241333,False,True,SERIEA
2022-03-19,home,1.53,0.7600627999575496,0.654351140811116,False,False,SERIEA
2022-03-20,home,2.68,0.4608381643268516,0.3532593017128306,False,True,SERIEA
2022-03-20,away,1.88,0.6592669748699399,0.5069577773193914,False,True,SERIEA
2022-04-10,home,1.78,0.7257110597239367,0.539244802715316,False,False,SERIEA
2022-04-10,away,1.95,0.6286172800128191,0.5449046878265109,False,False,SERIEA
2022-04-24,away,2.52,0.4879443253728102,0.4074804473029603,False,True,SERIEA
2022-04-27,home,1.61,0.7770493549556865,0.6328947480043094,False,False,SERIEA
2022-05-01,home,2.9,0.481793748830718,0.3433154877887289,False,False,SERIEA
2022-05-06,away,2.12,0.5966473126487348,0.4522361766210149,False,False,SERIEA
2022-05-07,away,2.07,0.6991143667372888,0.4407357095111801,True,True,SERIEA
2022-05-07,home,2.38,0.5598353887005032,0.3912382787887772,False,False,SERIEA
2022-05-14,home,2.32,0.4635756339457803,0.4906735352141453,False,False,SERIEA
2022-05-15,away,2.73,0.4625891915796605,0.3620270559812041,False,True,SERIEA
2022-05-15,home,1.85,0.7160564933321085,0.5841176891802653,False,True,SERIEA
2022-05-21,home,2.34,0.4317363601931848,0.5413241767384169,False,False,SERIEA
2022-08-13,away,2.9,0.4971065457153156,0.3209604498309334,False,True,SERIEA
2022-08-15,away,2.1,0.5863335630171631,0.4814928837000023,False,True,SERIEA
2022-08-20,home,1.77,0.6408536475228843,0.5837476616142667,False,False,SERIEA
2022-08-26,away,2.34,0.5371625071796282,0.4045488385944014,False,True,SERIEA
2022-08-27,away,2.31,0.5012332459196176,0.4697062740200509,False,True,SERIEA
2022-08-27,away,2.3,0.5286385888151788,0.4285901897695187,False,False,SERIEA
2022-08-28,away,2.16,0.5776748731755084,0.4349822516038688,False,False,SERIEA
2022-08-31,away,2.71,0.4682809729211055,0.3510489830469697,False,False,SERIEA
2022-08-31,home,2.74,0.4003970035205635,0.4075733811337665,False,True,SERIEA
2022-09-04,away,2.35,0.5808778496978517,0.3703201302224633,False,False,SERIEA
2022-09-11,away,2.5,0.4266357017282608,0.4384941349874102,False,False,SERIEA
2022-09-11,home,2.73,0.4453231815539981,0.3600823045267489,False,False,SERIEA
2022-09-18,away,1.92,0.6670889509896244,0.4817383482850854,True,False,SERIEA
2022-09-18,away,1.85,0.666365997218721,0.5160112573210619,False,False,SERIEA
2022-10-01,home,2.1,0.625958452724868,0.4583002665508883,True,False,SERIEA
2022-10-02,home,2.39,0.5298398334993171,0.3788691704498555,False,False,SERIEA
2022-10-02,home,2.12,0.6885399599234996,0.4505625809021208,True,True,SERIEA
2022-10-09,away,2.85,0.4980952074685873,0.3218574137048963,False,False,SERIEA
2022-10-10,away,2.91,0.4415272957401182,0.3095411507647487,False,True,SERIEA
2022-10-15,home,2.61,0.4897782949725694,0.3433154630666294,False,True,SERIEA
2022-10-15,away,2.57,0.4944204005841602,0.3655930041483285,False,True,SERIEA
2022-10-22,away,2.08,0.6480600287640389,0.4242732552820058,True,True,SERIEA
2022-10-23,away,2.47,0.5002220902127303,0.4182458940089102,False,True,SERIEA
2022-10-30,away,2.16,0.5604124756767659,0.4630072594776513,False,False,SERIEA
2022-11-05,away,2.59,0.5027913416204278,0.4304769118166491,False,False,SERIEA
2022-11-11,home,2.6,0.4904313405090942,0.3749099021795091,False,True,SERIEA
2022-11-12,home,2.77,0.5286120159206384,0.3188807303342606,False,False,SERIEA
2022-11-13,home,2.14,0.5501620099651499,0.4863420965259122,False,False,SERIEA
2023-01-04,away,1.51,0.7655191256931817,0.6920923456343406,False,True,SERIEA
2023-01-04,away,2.13,0.641448994050466,0.4573391254468251,True,False,SERIEA
2023-01-07,away,1.59,0.8088212790860172,0.6099666838721787,False,False,SERIEA
2023-01-08,away,2.19,0.5482829155664424,0.4678352123759093,False,False,SERIEA
2023-01-08,home,2.7,0.4533665497536723,0.4039587628865979,False,False,SERIEA
2023-01-09,away,2.22,0.5791136019135008,0.4255046811000584,False,True,SERIEA
2023-01-28,away,1.51,0.8070240792500991,0.6675245434697743,False,True,SERIEA
2023-02-13,home,1.87,0.6471056862524873,0.53971161578188,False,True,SERIEA
2023-02-18,away,2.13,0.7247718594341768,0.4363124764308299,True,True,SERIEA
2023-02-26,away,1.72,0.7291572247231605,0.5569370714054381,False,False,SERIEA
2023-03-04,away,2.6,0.555207080041416,0.3410430368860169,False,False,SERIEA
2023-03-05,away,2.92,0.4928874742932756,0.3088057901085645,False,False,SERIEA
2023-03-05,home,2.36,0.5779131836413703,0.4146933729164276,False,False,SERIEA
2023-03-06,home,1.88,0.6382452365227287,0.5146726862302483,False,True,SERIEA
2023-03-11,away,2.52,0.5339903246357651,0.3842067133542623,False,False,SERIEA
2023-03-12,away,2.72,0.5002827555835949,0.3139027959639528,False,True,SERIEA
2023-03-18,away,2.17,0.571365460509399,0.4550044184073314,False,False,SERIEA
2023-04-01,away,1.68,0.6805266819853647,0.62012928388285,False,True,SERIEA
2023-04-01,home,1.79,0.700519353435018,0.5249071246780372,False,False,SERIEA
2023-04-02,away,2.11,0.641751458446461,0.4469363505772608,True,True,SERIEA
2023-04-03,home,2.55,0.4917147903977026,0.3610481820664402,False,True,SERIEA
2023-04-07,away,1.69,0.7498186889473506,0.5766374778466578,False,True,SERIEA
2023-04-08,home,2.11,0.5918999874853754,0.50576973427931,False,False,SERIEA
2023-04-08,home,2.4,0.5274001885687266,0.4327721922332639,False,False,SERIEA
2023-04-08,away,2.94,0.4322430116776863,0.3425287356321839,False,False,SERIEA
2023-04-15,away,2.5,0.6383230034726135,0.3427962406743532,True,False,SERIEA
2023-04-15,home,1.45,0.846932963746047,0.6693740520338822,False,False,SERIEA
2023-04-17,away,2.97,0.4892134368038967,0.3038705209428784,False,False,SERIEA
2023-04-21,home,2.82,0.4959550974957161,0.3421500255145434,False,True,SERIEA
2023-04-22,away,2.31,0.6338357601440685,0.435308264811986,True,False,SERIEA
2023-04-28,home,2.88,0.4513029808431308,0.3494109193763615,False,False,SERIEA
2023-04-29,away,2.87,0.4815046678245706,0.3169140471550602,False,False,SERIEA
2023-04-29,away,2.51,0.4969194142001204,0.4177725118483412,False,True,SERIEA
2023-04-30,home,1.83,0.6600071488500436,0.5311158798283261,False,True,SERIEA
2023-04-30,away,2.45,0.5433645176177982,0.4109874102590781,False,False,SERIEA
2023-04-30,away,2.26,0.5715374768271877,0.4288514948537821,False,False,SERIEA
2023-05-03,away,2.22,0.6172768796980355,0.4638177496797879,True,False,SERIEA
2023-05-06,away,2.48,0.577305068567425,0.396410914855243,False,True,SERIEA
2023-05-07,home,1.88,0.6282212777161016,0.5334151067927223,False,True,SERIEA
2023-05-08,home,2.22,0.5430852717599086,0.4396008901920663,False,True,SERIEA
2023-05-08,home,2.39,0.5282823810274547,0.3883724594296517,False,False,SERIEA
2023-05-12,home,1.73,0.6947283988659414,0.5607628190575032,False,False,SERIEA
2023-05-13,away,1.69,0.7237798856122928,0.5668113844669561,False,False,SERIEA
2023-05-13,away,1.94,0.6906295125516034,0.5094296664516373,False,False,SERIEA
2023-05-19,home,2.19,0.6359431650330704,0.4638359259581123,True,False,SERIEA
2023-05-20,away,2.44,0.4422107500122234,0.4697757847533632,False,True,SERIEA
2023-05-21,home,2.83,0.3279347268157337,0.4830766705311433,False,True,SERIEA
2023-05-27,away,2.59,0.5872427079158321,0.3706949815785257,False,False,SERIEA
2023-06-03,away,2.09,0.5692424972408932,0.5112881806108898,False,True,SERIEA
2023-06-04,home,1.6,0.727623956282299,0.6333857612375073,False,True,SERIEA
2023-06-04,home,1.99,0.6257115684545689,0.541854704425237,False,True,SERIEA
2023-08-28,away,2.69,0.4531174492253061,0.3532188132462335,False,False,SERIEA
2023-09-16,away,1.66,0.7174051937229129,0.5910011849660219,False,False,SERIEA
2023-09-17,away,2.65,0.4907111558483187,0.3738374845379716,False,False,SERIEA
2023-09-17,away,2.57,0.453473021802276,0.416650093179826,False,False,SERIEA
2023-09-17,away,2.84,0.4191979743765053,0.3519788837808087,False,False,SERIEA
2023-10-01,home,2.38,0.5503191420368385,0.4346447114026894,False,False,SERIEA
2023-10-07,away,1.95,0.620593211622064,0.4986727830322398,True,True,SERIEA
2023-10-08,home,2.93,0.4363164280661021,0.31960771578879,False,True,SERIEA
2023-10-21,away,2.57,0.4925746865369043,0.3839075363440634,False,True,SERIEA
2023-11-03,away,2.86,0.4671021501792611,0.3304001741239389,False,False,SERIEA
2023-11-12,home,3.0,0.4547117394114933,0.3243005454865387,False,False,SERIEA
2023-11-25,away,2.68,0.4901646412049808,0.3309390490178079,False,True,SERIEA
2023-12-03,home,2.95,0.4417965040534287,0.3179382495534575,False,False,SERIEA
2023-12-23,away,2.85,0.4662700719473732,0.3440627325103521,False,False,SERIEA
2023-12-23,away,2.57,0.4912153171881698,0.3687979539641943,False,False,SERIEA
2024-01-07,away,2.61,0.5498879095549716,0.3200346382208691,False,False,SERIEA
2024-01-13,away,2.72,0.4669975972242282,0.3771565642586955,False,False,SERIEA
2024-01-14,away,2.55,0.4958711791527615,0.3778374345207418,False,False,SERIEA
2024-01-28,home,2.44,0.4685126334473064,0.426711400448819,False,False,SERIEA
2024-02-10,away,2.21,0.6205649503105455,0.446509215843039,True,True,SERIEA
2024-02-11,away,2.1,0.6107870512431398,0.4744056938528541,True,True,SERIEA
2024-02-18,home,2.39,0.5448126314288532,0.3789380115518854,False,False,SERIEA
2024-02-24,away,2.55,0.4430588750521739,0.4054103122730574,False,True,SERIEA
2024-02-25,away,1.87,0.7227713549602988,0.5299951152523941,False,False,SERIEA
2024-03-03,home,2.43,0.5045367153032302,0.421155948158558,False,True,SERIEA
2024-03-09,away,2.24,0.5930931109541373,0.4635089920535341,False,True,SERIEA
2024-03-16,home,2.09,0.5520314360642465,0.4841097127492353,False,True,SERIEA
2024-03-16,away,2.16,0.5901943307861061,0.4213500083747418,False,True,SERIEA
2024-03-30,home,2.13,0.5961021088252549,0.4603561393724757,False,False,SERIEA
2024-03-30,away,2.58,0.4640770255717893,0.4007443605609936,False,True,SERIEA
2024-04-07,home,2.74,0.4842335609953206,0.35664036523856,False,False,SERIEA
2024-04-19,away,2.49,0.6021838303136642,0.3924820765244508,True,True,SERIEA
2024-05-03,home,2.86,0.4096719685775231,0.349904352918212,False,False,SERIEA
2024-05-06,away,2.0,0.6042472786621792,0.5109980179964628,False,False,SERIEA
2024-05-19,home,2.38,0.5512283668644677,0.3802282532203286,False,False,SERIEA
2024-05-19,home,3.0,0.4949819004029779,0.3152137415402524,False,False,SERIEA
2024-08-24,away,1.69,0.766577908056306,0.5983996361446325,False,False,SERIEA
2024-08-31,home,2.97,0.391827541837619,0.3394174444431657,False,False,SERIEA
2024-08-31,home,1.5,0.8225086762971543,0.6735285876749131,False,True,SERIEA
2024-09-14,away,2.57,0.5178232429383721,0.3634204275534441,False,False,SERIEA
2024-09-21,home,2.22,0.525510288191717,0.4545953575909661,False,False,SERIEA
2024-10-04,home,2.52,0.5209376212356167,0.3689780005569479,False,True,SERIEA
2024-10-06,home,1.87,0.7248691419204774,0.4856495545357749,True,False,SERIEA
2024-10-19,home,2.02,0.5477528750696045,0.5481739130434782,False,False,SERIEA
2024-10-20,away,1.63,0.6888905605906478,0.6431134663842029,False,True,SERIEA
2024-10-25,home,2.29,0.5186242418744722,0.4306450136399421,False,True,SERIEA
2024-10-25,home,2.75,0.5102346283805583,0.3556574804679909,False,True,SERIEA
2024-10-27,home,2.19,0.553376964754422,0.4442045754017105,False,False,SERIEA
2024-10-29,away,2.46,0.5333987628446721,0.4157281466040819,False,True,SERIEA
2024-10-30,away,2.77,0.4624454881431765,0.3441712710404653,False,False,SERIEA
2024-10-31,away,2.52,0.5624232092321297,0.3864593158342727,False,True,SERIEA
2024-11-09,home,2.61,0.4563524060691665,0.4402131190496986,False,False,SERIEA
2024-11-23,away,1.64,0.7557947758886325,0.610409491006506,False,True,SERIEA
2024-11-24,home,2.68,0.5019747480314014,0.3821208455734117,False,False,SERIEA
2024-11-24,away,2.36,0.5442922053958708,0.4954177683239569,False,True,SERIEA
2024-12-01,away,1.82,0.7116265932498802,0.5515852082016917,False,False,SERIEA
2024-12-15,away,2.29,0.5567506916067658,0.4560467623857896,False,False,SERIEA
2024-12-22,home,1.55,0.7739234983930346,0.7001317895133202,False,True,SERIEA
2025-01-05,home,2.49,0.4971858022434645,0.3921359115471964,False,False,SERIEA
2025-01-05,home,1.88,0.6373508438694354,0.5456223643905,False,False,SERIEA
2025-01-10,home,1.94,0.6619577309104849,0.4745741719963257,True,False,SERIEA
2025-01-14,away,1.92,0.6243916302809037,0.5217835176811013,False,True,SERIEA
2025-02-03,away,2.04,0.5884215549222689,0.4762009939260077,False,True,SERIEA
2025-02-06,away,2.03,0.576109731235485,0.4951815568097114,False,False,SERIEA
2025-02-16,away,2.09,0.6838701368003235,0.4654470339056977,True,True,SERIEA
2025-02-22,away,1.93,0.6455567165766878,0.5420596433617167,False,False,SERIEA
2025-02-23,away,2.26,0.5923031309141751,0.4146920304542339,False,False,SERIEA
2025-02-23,away,1.97,0.6002320176028759,0.5242119185832904,False,True,SERIEA
2025-03-02,home,1.93,0.6753805541289705,0.4877700720192051,True,True,SERIEA
2025-03-08,away,2.46,0.5307675547780568,0.4325128035684784,False,False,SERIEA
2025-03-15,home,1.8,0.7259348970110859,0.5338174318038701,False,True,SERIEA
2025-03-16,away,2.87,0.4965819456895454,0.3417609821599846,False,True,SERIEA
2025-03-31,home,2.5,0.5734213519158169,0.3232152894884767,False,False,SERIEA
2025-04-05,away,1.5,0.8505590586559034,0.652184357184037,False,False,SERIEA
2025-04-13,home,1.72,0.7418208289317705,0.552010945472166,False,False,SERIEA
2025-04-20,away,2.39,0.5465310554488587,0.4173586877414298,False,False,SERIEA
2025-04-23,away,2.5,0.5290118140887062,0.370057438743634,False,True,SERIEA
2025-04-23,away,1.78,0.6905340938997103,0.5611866086576741,False,False,SERIEA
2025-04-27,away,1.71,0.6776702580420211,0.5950140283012377,False,True,SERIEA
2025-04-28,home,1.52,0.7809992258063678,0.7026131566290813,False,False,SERIEA
2025-04-28,home,2.7,0.4758783336989197,0.3902212530781812,False,False,SERIEA
2025-05-02,home,2.51,0.5683633097242733,0.3774769600795556,False,False,SERIEA
2025-05-09,home,2.36,0.5051195953114238,0.4310882123800144,False,True,SERIEA
2025-05-12,away,2.46,0.589852347867041,0.3360191363464685,False,False,SERIEA
2025-05-25,home,1.78,0.8297993463163738,0.5237750574314755,False,False,SERIEA
2025-08-24,away,2.29,0.5388420427335865,0.4270934653815545,False,False,SERIEA
2025-08-24,away,3.0,0.421531968261267,0.3192638466753505,False,False,SERIEA
2025-08-29,away,2.9,0.4545179899525162,0.3463573416315425,False,False,SERIEA
2025-08-30,away,1.98,0.6156573132021892,0.5308484671712131,False,False,SERIEA
2025-09-13,away,2.82,0.4475522406464471,0.3377213051282954,False,False,SERIEA
2025-09-21,away,2.98,0.4426031011174974,0.3414905450500555,False,False,SERIEA
2025-09-21,home,2.64,0.4896380422442961,0.3607143409833021,False,False,SERIEA
2025-09-28,away,2.08,0.5407111359103633,0.515644183191339,False,False,SERIEA
2025-09-29,away,2.63,0.4721010546181569,0.3700379060952071,False,True,SERIEA
2025-10-04,home,2.27,0.5966348420850394,0.4249581792487472,False,False,SERIEA
2025-10-19,away,2.54,0.4601244662218456,0.3933392086831486,False,False,SERIEA
2025-10-20,away,2.51,0.461606089246322,0.4162303664921467,False,False,SERIEA
2025-10-25,away,2.6,0.4278335723369968,0.4361845345591857,False,False,SERIEA
2025-10-25,away,1.63,0.7335551919966753,0.6402284900078282,False,False,SERIEA
2025-10-28,home,2.71,0.4686783566626786,0.3659584183012099,False,False,SERIEA
2025-11-07,home,2.34,0.5229306447949515,0.4072855869153136,False,True,SERIEA
2025-11-09,away,2.87,0.4563246133146131,0.3443845270309732,False,False,SERIEA
2025-12-06,away,2.51,0.5279099907777158,0.3608043705684063,False,False,SERIEA
2025-12-07,home,2.65,0.4467694359562668,0.4125775255905141,False,False,SERIEA
2025-12-20,home,1.66,0.7267656197330221,0.6210092687950566,False,False,SERIEA
2025-12-21,home,2.27,0.558050615052309,0.44565076250523,False,True,SERIEA
2025-12-27,away,2.34,0.5055733385018978,0.4519809508849842,False,False,SERIEA
2025-12-27,away,2.56,0.4965233129125745,0.3817992113298452,False,False,SERIEA
2026-01-04,home,1.79,0.7062548852883899,0.5559593523940751,False,True,SERIEA
2026-01-07,away,2.68,0.4459861298596792,0.4072702564973671,False,True,SERIEA
2026-01-11,away,2.4,0.5510540545734668,0.4036778075618122,False,True,SERIEA
2021-08-21,home,2.74,0.5812244095441377,0.3077283755823819,False,True,BUNDESLIGA
2021-08-21,home,2.62,0.5586698988273021,0.3697122082158268,False,False,BUNDESLIGA
2021-08-21,away,2.35,0.5029245413885589,0.4370863557421856,False,True,BUNDESLIGA
2021-08-21,home,2.39,0.5356770167496658,0.4385784827496785,False,True,BUNDESLIGA
2021-08-28,away,2.13,0.571066103468993,0.4465367663617548,False,False,BUNDESLIGA
2021-08-29,home,2.62,0.5045473702748793,0.3751787875453845,False,True,BUNDESLIGA
2021-09-12,home,2.07,0.5924888018197056,0.4678135577430674,False,False,BUNDESLIGA
2021-09-25,home,2.08,0.6884842429577746,0.4571344480105394,True,False,BUNDESLIGA
2021-09-26,home,1.93,0.6126959418631015,0.5398067228611805,False,True,BUNDESLIGA
2021-10-02,home,2.72,0.4916396941937767,0.337468063835302,False,True,BUNDESLIGA
2021-10-02,home,2.21,0.597545921494983,0.4837417562409807,False,False,BUNDESLIGA
2021-10-23,home,2.19,0.567864698704529,0.4385971239887614,False,False,BUNDESLIGA
2021-11-05,away,2.63,0.4743820297925528,0.3737161988930279,False,False,BUNDESLIGA
2021-11-26,home,2.95,0.5042591758532728,0.36646722095056,False,True,BUNDESLIGA
2021-11-27,away,2.46,0.516366438123048,0.41414977244518,False,False,BUNDESLIGA
2021-11-27,home,2.22,0.4778119118430157,0.5008183306055646,False,False,BUNDESLIGA
2021-12-05,home,2.31,0.4882226146844206,0.4703786651965682,False,False,BUNDESLIGA
2021-12-11,home,2.44,0.4582086585710126,0.4289865760296152,False,False,BUNDESLIGA
2021-12-14,home,2.23,0.671509580711523,0.4369994814772138,True,False,BUNDESLIGA
2021-12-18,home,2.46,0.6303430936075871,0.3735493892967012,True,True,BUNDESLIGA
2022-01-07,home,1.37,0.8603909152609741,0.7347325719828917,False,False,BUNDESLIGA
2022-01-09,home,2.87,0.4926286913863187,0.3328382682775128,False,False,BUNDESLIGA
2022-01-15,home,2.88,0.4917366247753276,0.3208495115756023,False,True,BUNDESLIGA
2022-01-21,home,1.8,0.6782591089427326,0.5576606794760762,False,False,BUNDESLIGA
2022-02-05,away,2.72,0.4406048428414403,0.3613771996939557,False,False,BUNDESLIGA
2022-02-05,away,2.94,0.4552557325092325,0.3469752236230722,False,False,BUNDESLIGA
2022-02-12,home,2.18,0.5682371446837375,0.4464077524520552,False,False,BUNDESLIGA
2022-02-19,home,2.85,0.5883350625057218,0.3167709163566111,False,False,BUNDESLIGA
2022-02-26,home,2.69,0.5159844591048919,0.3669083763316058,False,True,BUNDESLIGA
2022-03-05,home,2.3,0.5300068247748632,0.4167464355886946,False,True,BUNDESLIGA
2022-03-06,away,2.65,0.4380295572575006,0.4079555966697502,False,True,BUNDESLIGA
2022-03-19,home,2.07,0.5847406105851731,0.5196940395796134,False,True,BUNDESLIGA
2022-03-20,away,2.04,0.6250122547351439,0.4912665712701568,True,False,BUNDESLIGA
2022-04-01,home,2.35,0.5970413832422223,0.42089225489616,False,True,BUNDESLIGA
2022-04-02,away,2.36,0.4987448503117777,0.4258448403154948,False,False,BUNDESLIGA
2022-04-03,home,2.35,0.5923417638939728,0.4017630965650015,False,False,BUNDESLIGA
2022-04-09,away,2.62,0.4035421510216436,0.4232304900181488,False,True,BUNDESLIGA
2022-04-10,home,2.58,0.5350511730959107,0.3995953085772098,False,False,BUNDESLIGA
2022-04-16,home,2.03,0.6579460725451403,0.4569234284107484,True,False,BUNDESLIGA
2022-04-22,home,2.37,0.6230605222780408,0.3797139141742522,True,True,BUNDESLIGA
2022-04-23,home,2.6,0.5812446717650264,0.4166813302833011,False,False,BUNDESLIGA
2022-04-30,home,2.91,0.454594565084274,0.3066610655513141,False,False,BUNDESLIGA
2022-05-06,home,2.23,0.7035569085341522,0.4443767777435463,True,True,BUNDESLIGA
2022-05-08,home,2.41,0.6082549351258439,0.3666248044594267,True,False,BUNDESLIGA
2022-05-14,home,2.4,0.4944181442284973,0.4324866959553545,False,True,BUNDESLIGA
2022-05-14,home,2.27,0.5797170220258533,0.4350769034081829,False,True,BUNDESLIGA
2022-08-06,home,2.15,0.5629117958254928,0.4705464868701206,False,True,BUNDESLIGA
2022-08-07,home,1.75,0.7837687176637801,0.4631043256997456,True,True,BUNDESLIGA
2022-08-20,home,1.72,0.7048521114924186,0.6068077218259523,False,False,BUNDESLIGA
2022-08-20,home,1.88,0.7820186947965512,0.520360297420031,False,False,BUNDESLIGA
2022-09-03,home,2.99,0.4486909629622299,0.3167709163566111,False,False,BUNDESLIGA
2022-09-03,home,1.92,0.591914619034341,0.5361559111374157,False,False,BUNDESLIGA
2022-09-03,home,1.79,0.7791070020413833,0.5641209710533153,False,False,BUNDESLIGA
2022-09-10,away,1.94,0.6115513317246911,0.5289591969923982,False,False,BUNDESLIGA
2022-09-10,home,2.39,0.5654472356125365,0.4007141635150531,False,True,BUNDESLIGA
2022-09-17,home,1.41,0.9154655514234712,0.6721969792743417,False,True,BUNDESLIGA
2022-09-17,home,1.67,0.7576542284672143,0.5922157996146435,False,False,BUNDESLIGA
2022-10-01,home,2.41,0.5411472067394765,0.3790895362714012,False,True,BUNDESLIGA
2022-10-07,home,2.05,0.5964833801558117,0.49800430045306,False,False,BUNDESLIGA
2022-10-08,home,1.47,0.9007380095263592,0.6821814977169272,False,True,BUNDESLIGA
2022-10-08,away,2.36,0.5167326663847899,0.4350885443988206,False,False,BUNDESLIGA
2022-10-09,away,2.41,0.4883418038380418,0.4215720935713865,False,False,BUNDESLIGA
2022-10-09,away,2.97,0.3898611386807236,0.3507696819779803,False,True,BUNDESLIGA
2022-10-14,away,2.02,0.6471720171191825,0.4637352627242099,True,True,BUNDESLIGA
2022-10-15,home,2.69,0.4769338849264687,0.333905690815702,False,False,BUNDESLIGA
2022-10-22,home,1.94,0.6337216042458769,0.4884893362747428,True,True,BUNDESLIGA
2022-10-23,home,1.78,0.6763910438940104,0.5456117799668792,False,True,BUNDESLIGA
2022-10-30,away,1.94,0.7013570856600456,0.5143720104385848,False,True,BUNDESLIGA
2022-11-04,home,2.26,0.5680120261361804,0.4196582781553274,False,True,BUNDESLIGA
2022-11-05,away,2.33,0.5695078286940671,0.3859694738843764,False,True,BUNDESLIGA
2022-11-06,home,2.2,0.557489573801608,0.4307903085717608,False,True,BUNDESLIGA
2022-11-09,home,1.96,0.5531649945681462,0.580724549189835,False,True,BUNDESLIGA
2022-11-09,away,2.11,0.6199702196811381,0.4729467158762633,True,False,BUNDESLIGA
2022-11-12,away,1.96,0.6600320024999462,0.4915073922971634,True,True,BUNDESLIGA
2023-01-21,home,2.44,0.5017264711543343,0.4107131537242472,False,True,BUNDESLIGA
2023-01-21,home,2.29,0.5274503116914268,0.4270629786954282,False,True,BUNDESLIGA
2023-01-21,home,2.58,0.4212885174740601,0.4232124772128823,False,True,BUNDESLIGA
2023-01-21,home,2.25,0.5376617346590757,0.4856007040330167,False,True,BUNDESLIGA
2023-01-24,away,1.59,0.8338488418815899,0.6238532110091743,False,True,BUNDESLIGA
2023-01-25,away,2.38,0.4830705335946386,0.4406597423822119,False,True,BUNDESLIGA
2023-01-25,home,2.58,0.4800864999981067,0.4201846480055365,False,False,BUNDESLIGA
2023-01-29,away,2.02,0.6024328649665894,0.4810757411676042,True,False,BUNDESLIGA
2023-01-29,home,2.5,0.5081278181240207,0.3804648671170501,False,False,BUNDESLIGA
2023-02-04,home,1.56,0.8344503416992115,0.5979729474392276,False,False,BUNDESLIGA
2023-02-05,home,2.09,0.5449844834709927,0.5331561848774672,False,False,BUNDESLIGA
2023-02-10,away,1.99,0.6809552815139153,0.4634339473895344,True,False,BUNDESLIGA
2023-02-11,away,1.83,0.6195121746072582,0.5675431855391093,False,True,BUNDESLIGA
2023-02-19,home,1.61,0.8113163555805251,0.5742502452967023,False,False,BUNDESLIGA
2023-02-25,home,1.73,0.6808194153268012,0.5879390270225823,False,True,BUNDESLIGA
2023-02-25,away,2.47,0.5883792079032915,0.4142374685612975,False,False,BUNDESLIGA
2023-03-04,home,2.44,0.6826830481804737,0.3641730404267587,True,False,BUNDESLIGA
2023-03-04,home,2.52,0.433843395593029,0.4286110918303602,False,False,BUNDESLIGA
2023-03-05,home,1.58,0.7597506522782083,0.6374652162914243,False,True,BUNDESLIGA
2023-03-11,away,1.74,0.8244268665860082,0.5302400901218053,False,False,BUNDESLIGA
2023-03-12,away,2.15,0.5964975013138573,0.4659880937513009,False,True,BUNDESLIGA
2023-03-18,home,2.38,0.6679838576844526,0.394625985436601,True,False,BUNDESLIGA
2023-03-18,home,2.13,0.5711162136976029,0.4978000263469898,False,True,BUNDESLIGA
2023-04-01,away,1.93,0.7992412116937292,0.519935647207014,False,True,BUNDESLIGA
2023-04-09,home,1.95,0.7765782794631708,0.5015288727372195,False,True,BUNDESLIGA
2023-04-16,away,2.64,0.4736547242982834,0.3541549199189284,False,True,BUNDESLIGA
2023-04-23,home,1.81,0.8309018108398766,0.5301915731857689,False,True,BUNDESLIGA
2023-05-05,home,1.65,0.771773312791556,0.5777472549496419,False,False,BUNDESLIGA
2023-05-14,away,2.78,0.5090171406928143,0.3572289247360414,False,False,BUNDESLIGA
2023-05-20,away,2.31,0.6580962215948465,0.3946096289912749,True,False,BUNDESLIGA
2023-05-27,away,2.02,0.5118075824112361,0.5708328506892157,False,False,BUNDESLIGA
2023-05-27,home,2.41,0.4111774465542676,0.4887607453681456,False,True,BUNDESLIGA
2023-05-27,home,2.19,0.6129053131210005,0.4902623694226254,True,True,BUNDESLIGA
2023-05-27,home,1.63,0.924101240316066,0.6183952285674719,False,True,BUNDESLIGA
2023-09-16,home,2.57,0.5177543275262699,0.3615934627170582,False,False,BUNDESLIGA
2023-09-23,home,2.15,0.5732784602482912,0.4588380404187355,False,False,BUNDESLIGA
2023-09-30,home,2.89,0.4938414426734211,0.342412830822781,False,False,BUNDESLIGA
2023-09-30,away,2.32,0.5276752084333998,0.417927229269128,False,False,BUNDESLIGA
2023-10-07,home,2.75,0.4508964677291899,0.3634642688121154,False,False,BUNDESLIGA
2023-10-21,home,2.56,0.5701907621247035,0.3747681597117754,False,False,BUNDESLIGA
2023-10-28,home,1.8,0.704497203449804,0.574644908659327,False,True,BUNDESLIGA
2023-11-04,home,2.32,0.5392826434662019,0.4740732534024851,False,False,BUNDESLIGA
2023-11-04,home,2.57,0.501910525046137,0.3832582871017811,False,False,BUNDESLIGA
2023-11-11,away,2.56,0.5273568260057802,0.35537319091051,False,False,BUNDESLIGA
2023-11-25,home,2.01,0.6118651995748361,0.4879614007445301,True,False,BUNDESLIGA
2023-11-25,home,2.65,0.5589219816304007,0.3359060684484957,False,False,BUNDESLIGA
2023-12-01,away,2.71,0.4525591806488376,0.3633199340818432,False,True,BUNDESLIGA
2023-12-02,home,2.26,0.5307848102757815,0.450686955701575,False,True,BUNDESLIGA
2023-12-09,home,2.18,0.5305199974505646,0.4652852945724447,False,True,BUNDESLIGA
2023-12-09,home,2.45,0.5140996778014477,0.4400453022509555,False,True,BUNDESLIGA
2023-12-16,away,2.21,0.5132452869440481,0.5034876347495245,False,True,BUNDESLIGA
2023-12-20,away,2.44,0.5285527305495357,0.4195155420320983,False,False,BUNDESLIGA
2024-01-13,home,2.1,0.642720803398072,0.4813420061622733,True,False,BUNDESLIGA
2024-01-20,home,2.07,0.5771183563461177,0.4865793603549976,False,True,BUNDESLIGA
2024-01-20,away,2.58,0.5222975484296541,0.3829943753927263,False,False,BUNDESLIGA
2024-01-20,home,2.44,0.5678882570982527,0.3892675700144405,False,False,BUNDESLIGA
2024-01-21,home,1.91,0.6026715075107965,0.5358746595342674,False,False,BUNDESLIGA
2024-02-03,home,2.12,0.5624108104295861,0.4691249173410586,False,False,BUNDESLIGA
2024-02-04,home,2.14,0.5737263808212569,0.4521999785890161,False,False,BUNDESLIGA
2024-02-16,home,2.57,0.5361471206142757,0.3940889889420897,False,False,BUNDESLIGA
2024-02-24,home,2.02,0.6247754541671273,0.4588150083790154,True,True,BUNDESLIGA
2024-02-24,home,2.04,0.7019878570765878,0.5196081192288797,False,False,BUNDESLIGA
2024-03-02,away,2.59,0.5065151115795833,0.3973740448743011,False,True,BUNDESLIGA
2024-03-09,home,1.88,0.5745196038656281,0.5778472546776039,False,True,BUNDESLIGA
2024-03-16,away,2.8,0.4960405175519623,0.3595324894066591,False,False,BUNDESLIGA
2024-03-16,home,2.12,0.6170532375477784,0.4121822513267187,True,False,BUNDESLIGA
2024-04-06,home,2.33,0.5639866786422709,0.4250386055347561,False,True,BUNDESLIGA
2024-04-19,home,2.06,0.6070607455511523,0.5044929396662388,False,True,BUNDESLIGA
2024-04-21,home,2.56,0.5693020053508229,0.3540995646818505,False,False,BUNDESLIGA
2024-04-21,home,2.58,0.5280640277757909,0.3225221686783389,False,False,BUNDESLIGA
2024-05-04,home,1.86,0.7935053597461618,0.4840928459069183,True,True,BUNDESLIGA
2024-05-05,home,1.97,0.6338002373703597,0.4862625941711083,True,False,BUNDESLIGA
2024-05-18,away,2.07,0.6161684668580107,0.5110039871150857,False,False,BUNDESLIGA
2024-05-18,home,2.37,0.5324236459215981,0.4473761455921202,False,True,BUNDESLIGA
2024-09-01,home,2.42,0.5402934155180347,0.4021147431369067,False,True,BUNDESLIGA
2024-09-15,home,2.09,0.5740593840181386,0.4668452219037057,False,True,BUNDESLIGA
2024-09-29,home,2.4,0.5658836633860491,0.4252155464602014,False,False,BUNDESLIGA
2024-10-19,home,1.7,0.6554649216008499,0.6386687797147386,False,True,BUNDESLIGA
2024-11-02,home,1.88,0.6823499815345558,0.5132481749469106,False,False,BUNDESLIGA
2024-11-10,home,2.91,0.4634652956463897,0.3298945216837964,False,False,BUNDESLIGA
2024-11-23,home,2.37,0.4722032770714666,0.4461302273284226,False,True,BUNDESLIGA
2024-12-08,home,2.73,0.5012807210272658,0.3878681608134856,False,False,BUNDESLIGA
2024-12-15,home,2.11,0.626455125824671,0.4231306727077479,True,True,BUNDESLIGA
2024-12-21,home,2.4,0.5233136722056584,0.422637675570651,False,False,BUNDESLIGA
2025-01-11,home,2.44,0.4864659800033671,0.4119689726706955,False,False,BUNDESLIGA
2025-01-15,home,2.64,0.4915771210417216,0.3802049252892587,False,True,BUNDESLIGA
2025-01-17,away,2.71,0.4466905463096088,0.3910645777030219,False,False,BUNDESLIGA
2025-01-18,home,2.43,0.6378799523625197,0.4038010492164868,True,False,BUNDESLIGA
2025-01-25,home,1.63,0.7261419119136411,0.6369426751592356,False,False,BUNDESLIGA
2025-02-09,home,1.57,0.808832899757934,0.5835686546683692,False,True,BUNDESLIGA
2025-02-14,away,2.48,0.5370314260605551,0.3988368208461141,False,False,BUNDESLIGA
2025-02-15,away,2.94,0.4414647568066661,0.3100526730409799,False,True,BUNDESLIGA
2025-03-01,away,2.88,0.4643143298536482,0.3229087642620711,False,True,BUNDESLIGA
2025-03-01,home,2.02,0.658856814374627,0.5031448195139914,False,False,BUNDESLIGA
2025-03-01,away,1.87,0.6724278936040515,0.5167999898460728,False,True,BUNDESLIGA
2025-03-08,home,1.55,0.7246466181176912,0.6854014882528169,False,False,BUNDESLIGA
2025-03-08,away,2.81,0.4969859052576391,0.331033635952021,False,False,BUNDESLIGA
2025-03-16,home,2.03,0.6487881031733584,0.4742697131529608,True,True,BUNDESLIGA
2025-03-29,home,2.43,0.5466882992035942,0.4118856084532597,False,False,BUNDESLIGA
2025-03-29,away,2.41,0.5283682761842616,0.4142237685976164,False,False,BUNDESLIGA
2025-04-05,away,2.31,0.500367875525648,0.4518969070684294,False,True,BUNDESLIGA
2025-04-06,away,2.89,0.4613376878228434,0.3077624487556804,False,False,BUNDESLIGA
2025-04-12,home,2.69,0.4969983516089521,0.3957423580786026,False,True,BUNDESLIGA
2025-05-02,home,2.32,0.6143618893033151,0.4038782294940601,True,False,BUNDESLIGA
2025-05-03,away,2.61,0.5470556992213483,0.3844188481675393,False,True,BUNDESLIGA
2025-05-04,away,2.33,0.5494399980207921,0.4292106702493567,False,False,BUNDESLIGA
2025-05-10,away,2.92,0.5502103859541907,0.270279232169562,False,False,BUNDESLIGA
2025-05-11,home,2.66,0.5478378840166742,0.3756625351463984,False,False,BUNDESLIGA
2025-09-27,away,2.24,0.5316228651113628,0.436364035392533,False,True,BUNDESLIGA
2025-10-05,away,2.48,0.5062774309780081,0.4396221959858324,False,False,BUNDESLIGA
2025-10-18,away,2.56,0.4841858597928097,0.3672026799396177,False,True,BUNDESLIGA
2025-11-02,home,2.77,0.4648491584208529,0.3484796886402335,False,False,BUNDESLIGA
2025-11-08,away,2.43,0.5206216531343331,0.40521758314489,False,False,BUNDESLIGA
2025-11-08,home,2.28,0.5574335252873882,0.4697253661958558,False,True,BUNDESLIGA
2025-11-21,home,2.59,0.4965752763066482,0.3829936058755996,False,False,BUNDESLIGA
2025-11-29,home,2.28,0.5179410993813665,0.432287779213923,False,False,BUNDESLIGA
2025-11-29,home,2.54,0.5038661607184591,0.3514772903778181,False,False,BUNDESLIGA
2025-12-05,home,2.68,0.4661414395179728,0.3575854242071038,False,False,BUNDESLIGA
2025-12-07,away,3.0,0.4493183662829625,0.3254932834719283,False,False,BUNDESLIGA
2025-12-20,away,2.51,0.5552652014661996,0.3299575127595329,False,False,BUNDESLIGA
2025-12-20,home,2.07,0.5684316097061237,0.4858734039663135,False,False,BUNDESLIGA
2026-01-10,home,2.95,0.4358851440323631,0.3468323321628706,False,False,BUNDESLIGA
2013-03-03,away,2.77,0.4926730504906356,0.351230007275387,False,True,MLS
2013-03-03,home,1.99,0.6284395536486451,0.4901007752961842,True,False,MLS
2013-03-04,away,2.81,0.4661895215447092,0.346877564953246,False,False,MLS
2013-03-11,home,2.21,0.621103402767569,0.4421864479402582,True,True,MLS
2013-03-17,home,1.75,0.7105709899050703,0.5570909234710739,False,False,MLS
2013-03-17,home,1.45,0.824141536798219,0.6702590990296066,False,False,MLS
2013-03-24,home,2.35,0.5186780264595952,0.4150542048401844,False,True,MLS
2013-03-24,home,1.89,0.7271810858092147,0.5154213397999394,False,False,MLS
2013-03-30,away,2.27,0.5453828043687391,0.4289308176100629,False,False,MLS
2013-03-30,home,2.34,0.5917796298663888,0.4164566743943823,False,False,MLS
2013-03-31,away,2.86,0.4188028599706249,0.3408099495715125,False,False,MLS
2013-04-07,home,2.84,0.4619731524322349,0.3434704415816976,False,True,MLS
2013-04-14,home,2.68,0.4929143442807727,0.3637701145892955,False,False,MLS
2013-04-20,away,2.46,0.4837225531580975,0.3964707750232484,False,False,MLS
2013-04-21,home,2.41,0.5126500456866696,0.4049494361995535,False,True,MLS
2013-04-21,home,2.52,0.5828915363016636,0.387092354069608,False,False,MLS
2013-04-22,home,2.0,0.8008828362367696,0.4862561679718964,True,False,MLS
2013-04-27,away,2.5,0.4883199443501313,0.3899708552172197,False,True,MLS
2013-04-28,home,2.84,0.4801663965530003,0.3432840438037493,False,True,MLS
2013-04-28,away,1.96,0.6694888085501414,0.4978502287724461,True,False,MLS
2013-05-04,home,1.79,0.7155528188938944,0.544943836509892,False,False,MLS
2013-05-09,home,2.18,0.5950804754042741,0.446939436467667,False,False,MLS
2013-05-09,home,1.59,0.8264342148811974,0.6143502442502958,False,True,MLS
2013-05-11,home,2.2,0.5524140161120379,0.4434032983508246,False,False,MLS
2013-05-19,home,3.0,0.542131559088046,0.3244274809160305,False,False,MLS
2013-05-26,home,2.88,0.6807878366808056,0.3385097398174636,True,False,MLS
2013-05-26,home,2.16,0.6023695354271759,0.4530249346815573,True,True,MLS
2013-06-02,home,2.65,0.6382471176184201,0.3682615850751319,True,False,MLS
2013-06-09,home,2.39,0.6503062071178345,0.4078473181572467,True,False,MLS
2013-06-16,home,2.5,0.7091137389142648,0.3899049736545548,True,False,MLS
2013-06-16,home,3.0,0.5282349667118647,0.3258097611021545,False,True,MLS
2013-06-20,home,2.02,0.757625474787667,0.4828872327295661,True,False,MLS
2013-06-23,home,2.96,0.4195493561020297,0.3295393730166507,False,True,MLS
2013-06-23,home,1.97,0.7208184737425786,0.49601992146843,True,False,MLS
2013-06-30,home,2.13,0.561508898134538,0.4577741528879662,False,False,MLS
2013-06-30,home,2.77,0.5731519561707119,0.3521878335112059,False,True,MLS
2013-07-14,home,2.0,0.6106043618396861,0.4870946951419094,True,True,MLS
2013-07-14,away,2.8,0.5209703063644147,0.3484497070312499,False,False,MLS
2013-07-20,home,2.04,0.6352028856223393,0.4763109215145909,True,False,MLS
2013-07-21,home,2.67,0.555181626289482,0.3647380138165293,False,False,MLS
2013-07-27,away,2.91,0.4120284173369301,0.3346404321523175,False,False,MLS
2013-07-28,home,2.84,0.5598817507883516,0.3428784396546369,False,False,MLS
2013-07-28,home,2.76,0.8008828362367696,0.3535876486427143,True,True,MLS
2013-08-04,home,2.91,0.5865812245903047,0.3345435387628417,False,True,MLS
2013-08-04,home,1.45,0.8610248129443012,0.6721000919162934,False,True,MLS
2013-08-11,away,2.54,0.5184474644078995,0.3837975809047845,False,True,MLS
2013-08-11,home,2.21,0.5547789520619422,0.4415661409324402,False,True,MLS
2013-08-18,home,2.04,0.6548126675870354,0.4761904761904762,True,True,MLS
2013-08-25,home,2.04,0.7091137389142648,0.4778897499515014,True,False,MLS
2013-08-26,home,1.96,0.7105709899050703,0.4973501941441914,True,True,MLS
2013-09-01,home,2.02,0.59174931982167,0.4827196838327217,False,True,MLS
2013-09-08,home,2.06,0.6754363395749354,0.4736939702685718,True,False,MLS
2013-09-08,home,2.79,0.5083284158544583,0.3499628987424019,False,False,MLS
2013-09-09,home,1.86,0.7086149379270736,0.5239122418879056,False,True,MLS
2013-09-15,home,1.78,0.6856479794981583,0.5486270804398807,False,False,MLS
2013-09-29,away,2.89,0.5209703063644147,0.3371329278887923,False,False,MLS
2013-10-07,home,2.54,0.542131559088046,0.36756127002553,False,False,MLS
2013-10-10,home,2.05,0.7231427321699477,0.4759963737244985,True,True,MLS
2013-10-27,home,2.94,0.5052407811818937,0.3318282887870399,False,False,MLS
2013-10-28,home,2.44,0.5026327386097915,0.4000015062849741,False,False,MLS
2013-11-03,home,2.27,0.7105709899050703,0.4303617807367304,True,False,MLS
2013-11-03,home,2.35,0.5083284158544583,0.413124995284478,False,False,MLS
2013-11-11,home,2.48,0.6557949520522391,0.3928800219639425,True,True,MLS
2014-03-16,away,2.39,0.5102128805153586,0.4078041517365327,False,False,MLS
2014-03-22,home,2.47,0.5006592084441046,0.3936069886335435,False,False,MLS
2014-03-30,home,1.92,0.7226718837894743,0.5088332510162988,False,True,MLS
2014-04-13,away,2.82,0.4640424829296934,0.3459244532803181,False,False,MLS
2014-04-20,home,2.97,0.4205604942567215,0.32851520736974,False,False,MLS
2014-04-20,home,1.99,0.6246695975723804,0.4899002710171822,True,True,MLS
2014-04-27,home,1.66,0.7626353516855857,0.5869273847496547,False,True,MLS
2014-05-04,away,2.63,0.4989264711458932,0.3719691403379868,False,True,MLS
2014-05-04,home,1.89,0.6638763970725157,0.5159459845443437,False,True,MLS
2014-05-11,home,2.17,0.5790196649073147,0.4495479476070025,False,True,MLS
2014-05-11,home,2.75,0.4332120846508809,0.3544946440449885,False,False,MLS
2014-05-11,home,1.66,0.7258486580987022,0.5879624596876473,False,False,MLS
2014-05-11,home,2.6,0.4666023300358365,0.3752005745984688,False,True,MLS
2014-05-18,home,1.76,0.7177620836976384,0.5546446523237574,False,False,MLS
2014-05-24,home,1.93,0.6801305626770952,0.5056134556848416,False,False,MLS
2014-05-25,home,2.03,0.6486865085945761,0.4810228866126388,True,True,MLS
2014-05-26,home,2.51,0.5085603819360164,0.3885308570411036,False,True,MLS
2014-05-29,away,2.7,0.5236082097783483,0.3610174861343848,False,True,MLS
2014-06-01,away,2.67,0.4578834497392199,0.3656758726816231,False,False,MLS
2014-06-02,home,2.63,0.5045388696201749,0.3716850296338983,False,False,MLS
2014-06-09,home,1.48,0.8103270597514989,0.6595036331037086,False,False,MLS
2014-06-28,home,1.79,0.7207053740884894,0.5453504385436885,False,False,MLS
2014-06-29,away,2.39,0.5856203846330664,0.4083959633068626,False,False,MLS
2014-07-03,home,2.25,0.6330560005544184,0.4332928151384737,True,False,MLS
2014-07-03,home,2.06,0.7626353516855857,0.4732560853388981,True,False,MLS
2014-07-05,home,2.29,0.562411817601113,0.425701628079117,False,True,MLS
2014-07-06,home,2.59,0.4663766243764912,0.3768134952908152,False,True,MLS
2014-07-06,away,2.85,0.4645194773872394,0.3417609821599846,False,False,MLS
2014-07-12,home,2.05,0.6712934987203149,0.4759692153758644,True,False,MLS
2014-07-13,home,1.74,0.7438855524401422,0.5618656542961183,False,False,MLS
2014-07-20,home,2.5,0.6418797117614574,0.3905384394765046,True,False,MLS
2014-07-24,home,2.27,0.5712649745823623,0.4295038541831004,False,True,MLS
2014-07-26,home,1.65,0.7258486580987022,0.5914056809905317,False,True,MLS
2014-07-27,home,2.37,0.5470753269534432,0.4113863592944022,False,False,MLS
2014-07-27,home,2.18,0.5553527747701603,0.4471615971493843,False,False,MLS
2014-07-31,home,2.79,0.4805204016448447,0.3495202406875909,False,True,MLS
2014-08-02,home,2.33,0.6194566085287522,0.4184670581287814,True,False,MLS
2014-08-03,home,2.69,0.4885008295132215,0.3625374195977893,False,True,MLS
2014-08-04,home,1.97,0.6361125468900157,0.4951916223840668,True,True,MLS
2014-08-10,home,2.13,0.6043587261303243,0.458252344987424,True,False,MLS
2014-08-10,home,1.97,0.7180522666363939,0.4954878838586236,True,True,MLS
2014-08-16,home,2.41,0.5423210149785366,0.4046155700168716,False,True,MLS
2014-08-17,home,1.89,0.6801305626770952,0.5155481009026506,False,True,MLS
2014-08-31,home,2.72,0.5007832383299731,0.3586389121608558,False,True,MLS
2014-08-31,home,2.37,0.5224603701015087,0.4116571530503032,False,True,MLS
2014-08-31,home,2.96,0.4278289281508945,0.3294531372571529,False,False,MLS
2014-08-31,away,2.81,0.4640424829296934,0.3474346235404746,False,False,MLS
2014-09-04,home,2.37,0.5762948347221757,0.4116918061339555,False,True,MLS
2014-09-07,home,2.12,0.6347573417348427,0.4600790458141648,True,True,MLS
2014-09-11,home,1.78,0.715082684045621,0.54914612987646,False,True,MLS
2014-09-14,home,2.29,0.6330560005544184,0.4240751212833716,True,False,MLS
2014-09-21,home,2.04,0.6260976150349874,0.477984585109872,True,False,MLS
2014-10-04,away,2.69,0.4578834497392199,0.3628553331157987,False,False,MLS
2014-10-05,home,2.36,0.50582880810299,0.4130317877629063,False,False,MLS
2014-10-12,home,2.14,0.7207053740884894,0.4544592368633099,True,True,MLS
2014-10-12,away,2.7,0.4924231345854171,0.3610403425668618,False,False,MLS
2014-10-12,home,2.15,0.6361125468900157,0.4539444939773159,True,False,MLS
2014-10-18,home,2.99,0.5364989770899304,0.3262599170149455,False,False,MLS
2014-10-19,home,1.96,0.6124754533748338,0.4971031286210892,True,False,MLS
2014-10-25,home,2.62,0.6121678606925499,0.3723744714937221,True,False,MLS
2014-10-26,away,2.56,0.5325299461804002,0.3808202847383021,False,False,MLS
2014-11-02,home,3.0,0.5006592084441046,0.3252864989489387,False,False,MLS
2014-11-02,home,1.89,0.715082684045621,0.5156451932419557,False,True,MLS
2014-11-08,away,2.98,0.4640424829296934,0.3272202730216448,False,False,MLS
2014-11-09,home,2.33,0.5470753269534432,0.4184383505841835,False,True,MLS
2015-03-07,home,2.13,0.5952011971281328,0.4574968915716426,False,False,MLS
2015-03-14,home,2.22,0.6011379505202086,0.4399369659818705,True,True,MLS
2015-03-21,home,2.44,0.4871837971798634,0.4001686569186983,False,False,MLS
2015-03-29,home,2.64,0.4615872790820432,0.3694050275801087,False,True,MLS
2015-03-30,home,1.94,0.6713557752948186,0.5019287993754675,False,True,MLS
2015-04-04,home,2.78,0.5462604028106277,0.3489032188017418,False,True,MLS
2015-04-19,home,1.95,0.6282552669446667,0.4998774810095565,True,True,MLS
2015-04-19,home,2.25,0.5327625963420007,0.4328792453799333,False,False,MLS
2015-05-02,home,2.42,0.5728349906200751,0.4030470706434538,False,False,MLS
2015-05-07,home,2.99,0.4148712645698106,0.3265380789591027,False,False,MLS
2015-05-16,home,2.45,0.4882384109951581,0.3985126612068153,False,False,MLS
2015-05-17,home,2.99,0.4489515938907457,0.3265016366141083,False,True,MLS
2015-05-17,away,2.7,0.4721103665555136,0.3614787697939658,False,False,MLS
2015-05-23,home,1.9,0.7027157107730292,0.5129384191117933,False,True,MLS
2015-05-24,home,1.93,0.6198648843902642,0.5057222889155661,False,True,MLS
2015-05-28,home,1.89,0.6339719622676354,0.5151684806847404,False,True,MLS
2015-06-04,home,2.93,0.504170234956759,0.3331171149041026,False,True,MLS
2015-06-07,home,2.31,0.5595794005536224,0.4220183486238532,False,False,MLS
2015-06-07,home,2.16,0.6159206005598848,0.4518409519849012,True,False,MLS
2015-06-07,home,2.64,0.6369190711477919,0.3692860495356513,True,False,MLS
2015-06-25,home,2.34,0.6207747521767846,0.4171075477099592,True,True,MLS
2015-06-28,home,2.6,0.5719454396455497,0.3734190881608982,False,False,MLS
2015-07-04,home,2.13,0.5769757369076605,0.4574745029704084,False,True,MLS
2015-07-05,home,2.47,0.6198648843902642,0.3933865450399088,True,False,MLS
2015-07-19,home,2.01,0.5916490346094174,0.4852126786118536,False,True,MLS
2015-07-19,home,2.24,0.6192727975483812,0.435296864625061,True,True,MLS
2015-07-19,home,2.31,0.6339719622676354,0.4220954668267787,True,False,MLS
2015-07-25,home,2.56,0.4867184138748175,0.380924365253402,False,True,MLS
2015-07-26,away,2.71,0.469534060054328,0.3598759048603929,False,False,MLS
2015-08-02,home,2.86,0.4304020097191293,0.340571178432882,False,False,MLS
2015-08-02,home,2.12,0.6452184880051715,0.4604384324423133,True,True,MLS
2015-08-16,home,2.47,0.532723474120442,0.3946398003122007,False,False,MLS
2015-08-16,home,1.96,0.6177319404052641,0.4976107333210807,True,True,MLS
2015-08-23,home,2.81,0.4739029824557975,0.3473542837683233,False,False,MLS
2015-09-17,home,2.59,0.5077313174746062,0.3765883697356482,False,True,MLS
2015-09-17,home,2.58,0.5249902562426774,0.3778334182712547,False,True,MLS
2015-09-20,home,2.65,0.4554098209260743,0.3678300639691246,False,False,MLS
2015-10-03,home,2.39,0.5071032089719429,0.4085146171056684,False,True,MLS
2015-10-10,home,2.85,0.5242650344303849,0.342657501304476,False,False,MLS
2015-10-18,home,2.65,0.5466071853576713,0.368021039962556,False,False,MLS
2015-10-28,home,2.95,0.4113915674092491,0.3305012259793579,False,True,MLS
2016-03-13,away,2.83,0.4277240635639796,0.3442837315470113,False,False,MLS
2016-03-13,home,2.71,0.5334078796002859,0.3603318728442248,False,False,MLS
2016-03-20,home,2.36,0.5229357209330099,0.4136449100188021,False,False,MLS
2016-03-20,home,2.32,0.5144509211285586,0.4207219489064074,False,False,MLS
2016-03-20,home,2.11,0.5979449251052218,0.4624203821656051,False,True,MLS
2016-04-09,home,2.05,0.6014110932191544,0.47544366487825,True,False,MLS
2016-04-14,home,2.19,0.5870530476028792,0.4453784229413856,False,False,MLS
2016-04-16,home,2.77,0.4518877639829445,0.3520766969822877,False,False,MLS
2016-04-16,home,2.68,0.5198312564827072,0.3637884757496047,False,False,MLS
2016-04-28,home,2.45,0.498350910723617,0.3980885866568645,False,False,MLS
2016-04-30,home,2.27,0.5879159316552418,0.42959585903375,False,True,MLS
2016-05-01,home,1.98,0.6260730059912226,0.4931605997423604,True,True,MLS
2016-05-12,away,2.9,0.4110494817556446,0.3366336633663366,False,False,MLS
2016-05-22,home,2.09,0.6376050282129476,0.4669812304121526,True,False,MLS
2016-06-23,home,2.01,0.6885100307681161,0.485594213440013,True,False,MLS
2016-06-26,home,2.87,0.4236586420846465,0.3398701343583323,False,True,MLS
2016-07-07,home,2.02,0.6131281179398753,0.4833479937749509,True,False,MLS
2016-07-09,home,2.52,0.4764551801473465,0.3867104705383637,False,False,MLS
2016-07-10,home,2.2,0.5682592238671742,0.4433326614644821,False,False,MLS
2016-07-11,home,2.07,0.6098722470464887,0.4712478973272693,True,True,MLS
2016-07-17,home,2.24,0.542787263053848,0.4357169119654604,False,True,MLS
2016-07-17,home,2.29,0.5457640503214839,0.4257777548668363,False,False,MLS
2016-07-24,home,1.8,0.6650676495375617,0.5421772967170587,False,True,MLS
2016-07-30,home,2.57,0.5342874610298964,0.3796791647759988,False,True,MLS
2016-07-31,home,2.49,0.4853907048104553,0.3922102065338139,False,False,MLS
2016-07-31,home,2.58,0.4855161452453886,0.3780832471975681,False,False,MLS
2016-08-06,home,2.17,0.5536337211200628,0.4496845138945859,False,False,MLS
2016-08-07,home,2.4,0.5019988965931592,0.4066191721525836,False,False,MLS
2016-08-08,away,2.96,0.4123986668068739,0.3297953564994339,False,True,MLS
2016-08-14,home,2.0,0.6032684481557058,0.4880271981368205,True,False,MLS
2016-08-14,home,2.01,0.6885100307681161,0.4856071709890022,True,False,MLS
2016-08-21,home,2.36,0.5045086449074973,0.4133435923235133,False,False,MLS
2016-08-25,home,2.51,0.4945136627728962,0.3881135716533403,False,False,MLS
2016-08-27,home,2.37,0.5719513308060551,0.4115450728963423,False,True,MLS
2016-08-29,home,2.57,0.5034707401245935,0.3793646084105446,False,True,MLS
2016-09-04,home,2.78,0.4544927105716383,0.3509469667830823,False,False,MLS
2016-09-04,home,2.06,0.5923662635253143,0.4738779342723004,False,True,MLS
2016-09-04,home,2.06,0.6378090187780519,0.4739551828430025,True,True,MLS
2016-09-11,home,2.16,0.6131281179398753,0.4518664047151277,True,True,MLS
2016-09-12,home,1.75,0.7305311262733092,0.5579698078914913,False,True,MLS
2016-09-25,home,2.64,0.456789375453333,0.3695625422998831,False,False,MLS
2016-10-09,home,2.41,0.5056651519627514,0.4049360318278825,False,False,MLS
2016-10-16,home,2.35,0.5354542200337057,0.4149913000894106,False,False,MLS
2016-10-23,home,2.77,0.4524723557132665,0.3521766730146002,False,True,MLS
2016-10-30,home,2.1,0.6885100307681161,0.4641884816753926,True,True,MLS
2016-10-31,home,2.3,0.5241461047159393,0.4235588972431078,False,True,MLS
2016-11-06,home,2.42,0.5334078796002859,0.4029390170728344,False,False,MLS
2016-11-23,home,1.92,0.6376050282129476,0.5085158150851582,False,True,MLS
2017-03-04,home,2.39,0.5537189672435353,0.4081787088339196,False,False,MLS
2017-03-04,home,2.71,0.4793808865041388,0.3599418387718441,False,False,MLS
2017-03-11,home,2.96,0.4396843166184158,0.3293542383526701,False,False,MLS
2017-03-12,home,2.6,0.5253827893892853,0.3752111291957129,False,False,MLS
2017-03-12,home,2.18,0.6003933721814342,0.4480696886040823,True,False,MLS
2017-03-18,home,2.52,0.4764899480774716,0.3870810332733538,False,False,MLS
2017-04-02,home,2.22,0.5415522032059397,0.4393207054212932,False,True,MLS
2017-04-02,home,2.76,0.4406455533382967,0.3532387085273737,False,True,MLS
2017-04-08,home,2.37,0.5455801481250261,0.4111248733250759,False,True,MLS
2017-04-15,home,2.35,0.5073996406764902,0.4149913000894106,False,False,MLS
2017-04-15,home,2.88,0.4140637669076921,0.3386175115207372,False,True,MLS
2017-04-15,home,2.14,0.5716677638831336,0.4590713027558564,False,True,MLS
2017-04-30,home,2.6,0.4629552374018766,0.3754157369995476,False,False,MLS
2017-05-07,home,2.09,0.7045627244660277,0.4665874799580287,True,False,MLS
2017-05-18,home,2.4,0.5498009339692516,0.4043020110104239,False,True,MLS
2017-05-20,home,2.19,0.5712974941366169,0.4456272700870208,False,False,MLS
2017-05-20,home,2.41,0.5838097846934186,0.4049693895465021,False,False,MLS
2017-05-21,away,2.95,0.4201201500454722,0.3307743156756106,False,True,MLS
2017-05-27,home,2.14,0.5568115796943559,0.4556426721538298,False,True,MLS
2017-05-28,home,2.4,0.5142123730618251,0.4064429228869682,False,True,MLS
2017-05-28,home,2.24,0.5449029048659804,0.4359545588133914,False,True,MLS
2017-06-05,home,2.34,0.5687058152000408,0.4172114743162108,False,False,MLS
2017-06-18,home,2.07,0.5843630622531499,0.4708893597982874,False,False,MLS
2017-06-18,home,2.72,0.4373442343416089,0.3585846500605938,False,True,MLS
2017-06-18,home,2.86,0.643373447076866,0.3411557483597542,True,False,MLS
2017-06-22,home,2.82,0.569287408930554,0.3460066118114136,False,True,MLS
2017-06-24,home,1.96,0.6474276489437248,0.4976376294697499,True,False,MLS
2017-07-02,home,2.67,0.4800630341745993,0.3656391743034343,False,True,MLS
2017-07-05,home,2.2,0.6042615392985653,0.4425716087779204,True,False,MLS
2017-07-06,home,2.8,0.4506379504044888,0.3483692118142305,False,False,MLS
2017-07-06,home,2.59,0.5465990307601134,0.3764590440765377,False,True,MLS
2017-07-06,home,1.98,0.6173461874046251,0.4926223608445298,True,False,MLS
2017-07-20,home,2.01,0.6040047643219013,0.4855521347230981,True,False,MLS
2017-07-22,home,2.71,0.5502459720506315,0.3598602337989691,False,False,MLS
2017-07-23,home,2.56,0.5241195699045785,0.3814689505545356,False,False,MLS
2017-07-23,home,3.0,0.4320456993476823,0.3255109765329295,False,False,MLS
2017-07-23,home,2.74,0.4520713140618551,0.3563554693169752,False,False,MLS
2017-07-27,home,2.49,0.4834893492205572,0.3918514557473291,False,True,MLS
2017-07-30,home,2.71,0.4503133580959179,0.359873871226591,False,True,MLS
2017-07-30,home,2.05,0.6041482946796836,0.4763711317614995,True,True,MLS
2017-07-30,home,2.57,0.5292911543934894,0.3797577527443845,False,False,MLS
2017-08-07,home,2.08,0.5920004513235907,0.4689165186500887,False,False,MLS
2017-08-13,home,2.29,0.5952141539369591,0.4264854494061131,False,True,MLS
2017-08-13,home,2.56,0.6761125294271273,0.3808948004836759,True,False,MLS
2017-08-17,home,2.4,0.5873165577488304,0.4060116644235083,False,True,MLS
2017-08-26,home,2.02,0.6474276489437248,0.4830344734076811,True,False,MLS
2017-08-27,home,2.65,0.5343520286734411,0.3680831549984714,False,False,MLS
2017-08-28,home,2.06,0.6158684006539248,0.4733184738429264,True,False,MLS
2017-09-03,home,2.13,0.5873165577488304,0.4581678212927356,False,False,MLS
2017-09-10,home,2.76,0.4985587673809121,0.3536275191897534,False,False,MLS
2017-09-17,home,2.72,0.5018445038104915,0.3586847921523509,False,False,MLS
2017-09-17,home,2.88,0.599401992513331,0.3383821459687688,False,False,MLS
2017-09-24,home,2.5,0.551150778862459,0.3902623193439751,False,True,MLS
2017-10-01,home,2.38,0.5696055672400893,0.41008108570112,False,False,MLS
2017-10-01,home,3.0,0.4278913650302204,0.325461850995533,False,True,MLS
2017-10-15,home,2.92,0.545551977964271,0.3340797403104852,False,True,MLS
2017-10-15,home,2.09,0.6669759368467599,0.4664736674849924,True,False,MLS
2017-10-15,home,2.74,0.4964802835817767,0.3578092941757896,False,False,MLS
2017-10-30,home,2.9,0.4140637669076921,0.3375783526931172,False,False,MLS
2017-10-30,home,2.46,0.5712974941366169,0.396471645816166,False,False,MLS
2017-11-01,home,2.19,0.5523174306673921,0.4451340159370304,False,True,MLS
2018-03-04,home,2.38,0.5197664820695251,0.4098511481786222,False,False,MLS
2018-03-11,home,2.43,0.601792386854709,0.4016575581046183,True,True,MLS
2018-04-08,home,2.55,0.4844202317650087,0.3825782290091306,False,True,MLS
2018-04-14,home,2.43,0.5515541063863679,0.4016575581046183,False,False,MLS
2018-04-14,home,2.45,0.5232173435690943,0.3983859134262655,False,False,MLS
2018-04-15,home,2.89,0.4315128050493406,0.3378636645148543,False,True,MLS
2018-04-15,home,2.04,0.6969114693721291,0.4754096091148844,True,False,MLS
2018-04-21,home,2.38,0.523024487875303,0.4092311820743325,False,False,MLS
2018-04-22,home,2.25,0.5489262547003422,0.4334423877482256,False,True,MLS
2018-05-05,home,2.28,0.554803013448607,0.425498753117207,False,True,MLS
2018-05-12,home,2.28,0.5398344317116277,0.424315433788592,False,False,MLS
2018-05-19,home,1.68,0.7201056616214702,0.574108818011257,False,True,MLS
2018-05-19,home,2.14,0.5775415759297897,0.4521134451198565,False,True,MLS
2018-05-21,home,2.58,0.5338402248739313,0.3748106274731486,False,False,MLS
2018-05-31,home,2.46,0.5010072492621775,0.3931587458449376,False,True,MLS
2018-06-24,home,2.37,0.5299960512973294,0.4081635741744105,False,True,MLS
2018-06-30,home,2.3,0.5866394323068996,0.4207312482117848,False,False,MLS
2018-07-01,home,2.89,0.4304608819860931,0.3345765052085944,False,True,MLS
2018-07-01,home,2.59,0.4842239432864981,0.374015748031496,False,True,MLS
2018-07-01,home,2.37,0.5511962638024466,0.4085851445964242,False,False,MLS
2018-07-15,home,2.92,0.4108437832073823,0.3317125232622206,False,False,MLS
2018-07-27,home,2.8,0.4383989820449492,0.3465906969450315,False,False,MLS
2018-07-29,home,2.21,0.5943486990165157,0.4396910971878187,False,True,MLS
2018-08-05,home,2.22,0.5735625030123639,0.4375563719559143,False,False,MLS
2018-08-05,away,2.87,0.4440397630882535,0.338587658486438,False,True,MLS
2018-08-12,home,2.07,0.635508869532851,0.4693976253234349,True,False,MLS
2018-08-13,home,2.07,0.5924282625118301,0.4695480717799197,False,True,MLS
2018-08-19,home,2.66,0.4958579138796504,0.3649180773060559,False,True,MLS
2018-08-19,away,2.88,0.4309479821968752,0.3375053884916683,False,False,MLS
2018-08-25,home,2.63,0.5422149206701394,0.3695927299891574,False,False,MLS
2018-08-30,home,3.0,0.405081169170925,0.3238810119544065,False,True,MLS
2018-09-29,home,2.96,0.512370368294131,0.327297267719695,False,True,MLS
2018-09-30,home,2.28,0.5521792508534206,0.4247416465404639,False,False,MLS
2018-10-06,home,2.42,0.4944965711863868,0.4009355162044771,False,True,MLS
2018-10-28,home,2.94,0.5632801961079685,0.3295039048304198,False,False,MLS
2018-10-28,home,2.58,0.5351057770721048,0.3759769913058751,False,True,MLS
2019-03-02,home,2.2,0.6371072795057855,0.4403741117049392,True,False,MLS
2019-03-03,away,2.88,0.4200735427775364,0.336925746643529,False,False,MLS
2019-03-09,home,2.31,0.5397601325298396,0.4202235374408431,False,True,MLS
2019-03-10,home,2.45,0.5353743178419887,0.3961107556235399,False,False,MLS
2019-03-17,home,2.62,0.6871143182354169,0.3699942473633749,True,True,MLS
2019-03-30,home,2.13,0.6334790590117626,0.4547415652774182,True,True,MLS
2019-03-30,home,2.4,0.5822983511643445,0.404421444459576,False,False,MLS
2019-04-06,home,2.75,0.516679477244095,0.3525179856115108,False,False,MLS
2019-04-06,home,2.09,0.6129704267107329,0.4636062189353715,True,False,MLS
2019-04-14,away,2.81,0.4545317118805904,0.3450661841656348,False,True,MLS
2019-04-14,home,1.92,0.6381996517390772,0.5038496706908204,False,True,MLS
2019-04-27,home,1.71,0.7103652441207868,0.5636251783623982,False,False,MLS
2019-04-27,home,2.5,0.5092965220189787,0.3879035890407795,False,False,MLS
2019-04-28,home,2.8,0.5587555000159434,0.3463861887093312,False,False,MLS
2019-05-04,home,1.96,0.6720453114625174,0.4938098449089683,True,True,MLS
2019-05-05,home,2.49,0.5052724646331263,0.3897129269446977,False,True,MLS
2019-05-09,home,1.89,0.6723217254990408,0.5111156434835816,False,False,MLS
2019-05-11,home,2.3,0.6030063292469416,0.4212445682995257,True,True,MLS
2019-05-11,home,2.04,0.6025168825936595,0.4740039306771484,True,False,MLS
2019-05-12,home,2.03,0.6174720601657974,0.4770152404010305,True,True,MLS
2019-05-12,home,1.93,0.6260859730974252,0.5016287938979819,False,True,MLS
2019-05-19,home,2.77,0.462798120401259,0.3501509799344031,False,True,MLS
2019-05-25,away,2.85,0.4525611547792422,0.3407112801890598,False,False,MLS
2019-05-27,home,1.89,0.7123479091261128,0.5119332558298572,False,False,MLS
2019-05-30,home,1.52,0.8370417253893796,0.632249247475419,False,True,MLS
2019-05-30,home,2.69,0.5632692928330081,0.3609462418844359,False,False,MLS
2019-06-01,home,2.8,0.4557499819281473,0.3464192116382307,False,False,MLS
2019-06-01,home,1.98,0.6288721988687558,0.4893513595625094,True,False,MLS
2019-06-01,home,1.7,0.7576543700309698,0.5672636354379971,False,True,MLS
2019-06-02,home,2.66,0.4600132187863346,0.3648124995146497,False,False,MLS
2019-06-02,home,1.94,0.637017036483194,0.4983835484130604,True,False,MLS
2019-06-02,home,2.84,0.5203968586531982,0.3414282712454597,False,False,MLS
2019-06-23,home,2.88,0.5936771812133267,0.3355629877369008,False,False,MLS
2019-06-23,home,2.02,0.6158223759126243,0.4792930570328768,True,False,MLS
2019-06-27,home,2.04,0.646607338655086,0.4745538803497662,True,True,MLS
2019-06-29,home,2.14,0.6869990392616971,0.4508320119561849,True,True,MLS
2019-06-30,home,2.1,0.5924710240871393,0.4601503759398496,False,True,MLS
2019-06-30,home,2.29,0.6310796804800304,0.4220683931569119,True,False,MLS
2019-06-30,home,1.93,0.6260802404108191,0.5020150859583274,False,True,MLS
2019-07-07,home,2.0,0.6357442223879746,0.4836607148995854,True,False,MLS
2019-07-07,home,2.33,0.6423948178787595,0.4146720851490145,True,True,MLS
2019-07-13,home,2.36,0.5503119504382415,0.4094522067981612,False,False,MLS
2019-07-13,home,2.14,0.6702764748857216,0.4510578579930009,True,False,MLS
2019-07-14,home,2.81,0.4556879007847024,0.3440127489301934,False,False,MLS
2019-07-14,home,2.43,0.5164354026016373,0.3974386852375338,False,True,MLS
2019-07-14,home,2.39,0.6012892519507752,0.4043201329271669,True,True,MLS
2019-07-18,home,1.68,0.731184913021026,0.5743136802740556,False,True,MLS
2019-07-19,home,2.58,0.5664152658674302,0.3746108452209469,False,False,MLS
2019-07-21,home,2.01,0.6450054187931427,0.4811754569895264,True,False,MLS
2019-08-03,home,2.23,0.6137186351923638,0.4330264396022067,True,True,MLS
2019-08-04,home,2.85,0.4445474339967414,0.3388527262364179,False,False,MLS
2019-08-04,home,2.27,0.5549389630228325,0.4251619120184657,False,False,MLS
2019-08-05,home,2.63,0.5286094493869223,0.3672773967966644,False,False,MLS
2019-08-18,home,1.88,0.6742062256514071,0.5148661305429061,False,False,MLS
2019-08-18,home,2.12,0.7068789640402805,0.4551680387548839,True,True,MLS
2019-08-18,home,2.58,0.4941007514761371,0.3743246561886051,False,True,MLS
2019-08-23,home,1.8,0.7304808844711776,0.5357023131076099,False,True,MLS
2019-09-01,home,2.51,0.5496901860454647,0.3847778005087448,False,False,MLS
2019-09-01,away,2.87,0.4344836482692517,0.3366981779142933,False,False,MLS
2019-09-12,home,2.22,0.5439879075989887,0.4356116163097683,False,False,MLS
2019-09-12,home,2.47,0.6476126583524313,0.3911791822680491,True,True,MLS
2019-09-12,home,2.74,0.6289055879757848,0.3526402450698832,True,True,MLS
2019-09-14,home,1.94,0.7004696979614188,0.4981057056413827,True,True,MLS
2019-09-15,home,2.83,0.4583614537774446,0.3413813753509737,False,False,MLS
2019-09-15,home,2.58,0.5148788090116458,0.3745419392549628,False,True,MLS
2019-09-21,home,1.79,0.8151129576486005,0.5386242342211793,False,True,MLS
2019-09-22,home,1.89,0.6400787316265326,0.511510118409345,False,True,MLS
2019-09-22,home,2.05,0.7013729846950767,0.4716606155942107,True,False,MLS
2019-09-22,home,2.02,0.6520867506257833,0.4788597108706131,True,True,MLS
2019-09-29,home,2.37,0.5157729103622406,0.4078188324810061,False,True,MLS
2019-09-29,home,2.66,0.7040653839400044,0.3632645938604877,True,False,MLS
2019-09-29,away,2.84,0.4523826807683622,0.3403484817002583,False,False,MLS
2019-10-06,home,2.4,0.5289220263365695,0.4023054563941601,False,True,MLS
2019-10-06,home,2.37,0.6812444057048705,0.4079350846313086,True,True,MLS
2019-10-06,home,1.85,0.7239076509830187,0.5226489140278683,False,True,MLS
2019-10-25,home,1.69,0.723738695634091,0.5706858864535949,False,True,MLS
2019-10-31,home,1.83,0.6877187077647895,0.5284791378678025,False,False,MLS
2020-02-29,home,2.92,0.4843311650367142,0.3293993086911843,False,True,MLS
2020-03-01,home,1.59,0.8238608715756273,0.604461197057768,False,True,MLS
2020-03-01,home,2.07,0.5824647021778013,0.4648839037911237,False,True,MLS
2020-03-07,home,2.36,0.5951393235450468,0.4076104532084943,False,True,MLS
2020-03-08,home,1.6,0.864749303125892,0.600335396928206,False,True,MLS
2020-07-09,home,2.75,0.5132028838732939,0.3438194848114078,False,True,MLS
2020-07-09,home,2.09,0.5954881844089682,0.4576740810784065,False,False,MLS
2020-07-10,home,2.92,0.4843311650367142,0.3276433746776372,False,False,MLS
2020-07-11,home,1.98,0.6469940426806366,0.4829759604725556,True,False,MLS
2020-07-12,home,2.53,0.5573191010245553,0.373459711853778,False,False,MLS
2020-07-13,home,2.99,0.5767989259911043,0.3164594446265067,False,True,MLS
2020-07-14,home,2.67,0.5040065002158626,0.3535820402773192,False,False,MLS
2020-07-15,home,2.36,0.6946331459508214,0.400540663208227,True,False,MLS
2020-07-15,home,2.19,0.6197027559646805,0.4311775994820689,True,True,MLS
2020-07-16,home,1.61,0.864749303125892,0.5919355823254802,False,False,MLS
2020-07-18,home,2.67,0.5332134996142621,0.3536617684868381,False,False,MLS
2020-07-19,home,2.31,0.5687876275241197,0.4090472136010327,False,True,MLS
2020-07-20,home,2.73,0.5776173824682274,0.3502624142107388,False,False,MLS
2020-07-21,home,2.9,0.6135148663443196,0.3293907609908503,True,False,MLS
2020-07-21,home,2.04,0.6108247213806954,0.4695358474482176,True,False,MLS
2020-07-24,home,2.75,0.5789490157643893,0.3476689283320657,False,False,MLS
2020-07-26,home,2.85,0.5551114686056728,0.3354700604756167,False,True,MLS
2020-07-27,home,2.59,0.488949761505549,0.3694920862515855,False,False,MLS
2020-07-29,home,1.8,0.7816082837540201,0.5340634176069734,False,False,MLS
2020-08-02,home,2.24,0.5743552836443906,0.4291453036629842,False,False,MLS
2020-08-06,home,2.65,0.4915651162351288,0.3629313687475766,False,False,MLS
2020-08-12,home,2.87,0.6182947837309353,0.3349642395851406,True,True,MLS
2020-08-21,home,2.69,0.5070534028444953,0.3579209581577212,False,True,MLS
2020-08-22,away,2.77,0.5228670281238839,0.3473174492657848,False,False,MLS
2020-08-22,home,2.64,0.4808881811363343,0.3648068669527897,False,False,MLS
2020-08-23,home,2.11,0.7414836341404889,0.4559875311357446,True,True,MLS
2020-08-23,home,2.77,0.5236487682442675,0.3472553838723373,False,True,MLS
2020-08-25,home,2.44,0.6032665158632254,0.3922348529423302,True,True,MLS
2020-08-26,home,1.79,0.7638018271139971,0.5350388384936089,False,True,MLS
2020-08-29,home,2.19,0.7327452801345801,0.4370987405028176,True,False,MLS
2020-08-30,home,2.05,0.6134892791775566,0.4667164238588152,True,True,MLS
2020-08-30,home,2.39,0.5706864628658683,0.4000714968486986,False,True,MLS
2020-08-30,home,2.14,0.6175790975918398,0.4470958727905791,True,True,MLS
2020-08-31,home,2.33,0.5268728841862288,0.4108516878933815,False,True,MLS
2020-09-03,home,2.29,0.7414836341404889,0.4201054740820447,True,False,MLS
2020-09-03,away,2.34,0.5242670087783641,0.4109944923620493,False,False,MLS
2020-09-03,home,2.63,0.5236487682442675,0.3662824128583555,False,False,MLS
2020-09-03,home,2.79,0.5433989396678947,0.3444553816910492,False,False,MLS
2020-09-06,home,2.41,0.5077370658666039,0.3988733432082089,False,False,MLS
2020-09-07,home,2.3,0.5789245502679934,0.4178864859760128,False,False,MLS
2020-09-07,home,2.45,0.5337345285438384,0.3920501100915293,False,False,MLS
2020-09-12,home,2.77,0.5030465621595626,0.3513030729759447,False,False,MLS
2020-09-13,home,1.43,0.842773576936564,0.6787995035541015,False,True,MLS
2020-09-13,home,2.31,0.5551114686056728,0.4208504964138602,False,True,MLS
2020-09-13,home,2.39,0.5806870085550884,0.4071948920282768,False,True,MLS
2020-09-13,home,2.26,0.5767989259911043,0.4306113080044806,False,False,MLS
2020-09-14,home,2.87,0.4385228988333434,0.3387968023928641,False,False,MLS
2020-09-17,home,2.19,0.612967653101582,0.4443770774011239,True,True,MLS
2020-09-20,home,1.74,0.8238608715756273,0.5573407656365276,False,False,MLS
2020-09-20,home,2.07,0.6159427175939164,0.4644022177961996,True,False,MLS
2020-09-24,home,2.76,0.6062553736501564,0.3525637145105637,True,True,MLS
2020-09-24,home,2.43,0.5611580492555674,0.4006527522149611,False,False,MLS
2020-09-24,away,2.38,0.5450268947990622,0.4090366107450621,False,False,MLS
2020-09-24,home,2.82,0.4357780262101503,0.3448352281541564,False,True,MLS
2020-09-27,home,1.55,0.842773576936564,0.6258950914982421,False,True,MLS
2020-09-28,home,2.91,0.6197027559646805,0.3340834953001216,True,True,MLS
2020-09-28,home,2.49,0.5767534850974241,0.3905670155741084,False,True,MLS
2020-09-28,home,2.32,0.6296879678493834,0.4195084547399008,True,False,MLS
2020-10-04,home,2.72,0.4627709892127084,0.3579737533598862,False,False,MLS
2020-10-04,away,2.99,0.4299188787845427,0.3255312733810539,False,True,MLS
2020-10-04,home,1.89,0.7627842986545661,0.514114022161407,False,True,MLS
2020-10-04,home,2.67,0.539975357827426,0.3648301455894948,False,False,MLS
2020-10-08,home,2.41,0.7327452801345801,0.4034765155458361,True,False,MLS
2020-10-08,home,2.33,0.6834321414109618,0.4174719107375355,True,False,MLS
2020-10-08,home,1.76,0.7812028820143827,0.5522024046954244,False,True,MLS
2020-10-10,home,2.72,0.5573191010245553,0.3577454456535028,False,False,MLS
2020-10-12,home,2.16,0.6077307254334481,0.4499460203938897,True,True,MLS
2020-10-12,away,2.19,0.5995784951237713,0.4436958299264105,False,True,MLS
2020-10-19,home,2.39,0.6754582551049575,0.4074771030985957,True,False,MLS
2020-10-24,home,2.84,0.4629887350980207,0.3425516683266932,False,False,MLS
2020-10-28,home,2.58,0.6206103555778064,0.3773693147918673,True,True,MLS
2020-10-29,home,2.87,0.5017485746956327,0.3394189699331636,False,True,MLS
2020-10-29,home,2.19,0.5697171388355706,0.4436469531140052,False,True,MLS
2020-10-29,home,2.71,0.6366501200366592,0.3588207103963292,True,True,MLS
2020-11-02,home,1.88,0.864749303125892,0.5153555707467912,False,True,MLS
2020-11-02,home,2.88,0.5435312281152175,0.3379855641079397,False,False,MLS
2020-11-02,home,2.64,0.6761012172092189,0.3682054667601925,True,True,MLS
2020-11-05,home,2.96,0.5001166885844519,0.3285254041911742,False,False,MLS
2020-11-05,home,2.69,0.6016608252317595,0.3615863692846187,True,False,MLS
2020-11-05,home,2.82,0.436935831945445,0.3448570939585829,False,False,MLS
2020-11-08,home,2.18,0.5593615869292385,0.4459048454475514,False,False,MLS
2020-11-08,home,2.28,0.5463009548350528,0.426781348236116,False,True,MLS
2020-11-23,home,2.48,0.5697171388355706,0.3922242675597152,False,True,MLS
2020-11-24,home,2.27,0.6761012172092189,0.4284187757667634,True,False,MLS
2020-11-30,home,2.26,0.5645422485952701,0.4299788829018073,False,False,MLS
2020-12-06,home,2.65,0.5031503406767944,0.3667104791492413,False,True,MLS
2021-04-18,home,2.23,0.5543119875235198,0.4365216820596589,False,False,MLS
2021-04-18,home,1.75,0.6922674418593924,0.555047284900198,False,False,MLS
2021-04-25,home,2.04,0.6748029731212083,0.4771570111462777,True,False,MLS
2021-04-25,home,2.08,0.6127641625185891,0.4671233645909372,True,True,MLS
2021-05-01,home,2.13,0.5752338221967981,0.4567173484859219,False,True,MLS
2021-05-02,home,2.55,0.4753581602433112,0.3813429010763711,False,False,MLS
2021-05-13,away,2.73,0.447262321856335,0.3533557321970007,False,True,MLS
2021-05-17,home,2.52,0.503615786503893,0.3829816768461965,False,True,MLS
2021-05-22,home,1.99,0.6690420816254844,0.4888802000822441,True,False,MLS
2021-05-22,home,1.93,0.6310159916441256,0.5027818997200004,False,True,MLS
2021-05-22,home,2.37,0.5906946207669568,0.4109567537869869,False,True,MLS
2021-05-29,home,2.45,0.5604134799396401,0.3972847921704525,False,True,MLS
2021-06-20,away,2.57,0.4754970865902019,0.3785905578085545,False,True,MLS
2021-06-20,home,2.96,0.5556466015121901,0.3289117487818083,False,False,MLS
2021-06-20,home,2.39,0.5415692536249346,0.4073743240388286,False,True,MLS
2021-06-24,home,1.83,0.7118214096229816,0.5312719346854335,False,False,MLS
2021-06-24,home,2.84,0.4663402229074013,0.3428398197963115,False,False,MLS
2021-06-27,home,2.07,0.7545318726213902,0.4695146893781269,True,False,MLS
2021-07-03,home,2.71,0.5011795333573934,0.3588728324804029,False,False,MLS
2021-07-04,home,2.82,0.5409578534641837,0.345205406210497,False,True,MLS
2021-07-04,home,1.97,0.6796153302316139,0.4934036939313984,True,False,MLS
2021-07-08,home,1.9,0.6424255938880905,0.5111534364205701,False,True,MLS
2021-07-18,home,2.0,0.6690420816254844,0.478582880492615,True,True,MLS
2021-07-18,home,2.0,0.6119283427760236,0.4858734039663135,True,True,MLS
2021-07-18,home,2.42,0.5556466015121901,0.3955214204541121,False,False,MLS
2021-07-21,home,2.85,0.4462194214103364,0.3413785894828863,False,False,MLS
2021-07-22,home,2.3,0.5188842211409967,0.4230534435873245,False,False,MLS
2021-07-26,home,2.37,0.5736532752664261,0.410361740574879,False,False,MLS
2021-08-05,home,2.29,0.5596107520098571,0.4249197841126175,False,False,MLS
2021-08-05,home,1.66,0.755383132484297,0.5842977710000209,False,False,MLS
2021-08-05,home,1.85,0.6573952875077835,0.5254379743355005,False,False,MLS
2021-08-08,away,2.91,0.5180769347415252,0.3343072637086363,False,False,MLS
2021-08-08,away,2.99,0.4252065402466943,0.325512410844978,False,False,MLS
2021-08-15,home,2.79,0.5166558953408816,0.3487174273999525,False,False,MLS
2021-08-15,home,2.64,0.4936225247341293,0.3685998989759838,False,False,MLS
2021-08-15,home,2.63,0.493479007406269,0.3701704118189215,False,False,MLS
2021-08-19,home,2.51,0.4753581602433112,0.3874664871795836,False,True,MLS
2021-08-21,home,2.36,0.5284019346422306,0.4124554102259215,False,False,MLS
2021-08-27,home,1.8,0.7260589091020082,0.5396117523609654,False,True,MLS
2021-08-28,home,2.02,0.6048959297418852,0.4812712787572694,True,False,MLS
2021-09-04,home,2.76,0.4518502792179872,0.352430200474656,False,True,MLS
2021-09-04,home,2.63,0.5506105684856415,0.3695934289073116,False,False,MLS
2021-09-04,home,2.37,0.6222499523903654,0.4109567537869869,True,True,MLS
2021-09-11,home,2.53,0.5481245441657334,0.3846211952395881,False,True,MLS
2021-09-12,home,2.29,0.58226206725617,0.4244030845427578,False,False,MLS
2021-09-12,home,1.98,0.6046502907754555,0.4909871562349632,True,False,MLS
2021-09-15,home,2.1,0.6444904893364056,0.4635543482850346,True,False,MLS
2021-09-16,home,2.32,0.6053490981718791,0.4193000491664059,True,False,MLS
2021-09-18,home,2.11,0.5699601415493925,0.4609995825048295,False,True,MLS
2021-09-26,home,2.32,0.607316116100014,0.4193658750641489,True,True,MLS
2021-09-26,away,2.67,0.479276332437467,0.3641912512716175,False,False,MLS
2021-09-27,home,2.84,0.5017690033831883,0.342782759618166,False,True,MLS
2021-09-30,home,1.85,0.7545318726213902,0.5242057488653555,False,True,MLS
2021-09-30,away,2.84,0.447262321856335,0.3424391003190909,False,True,MLS
2021-10-03,away,2.19,0.5604973785363015,0.4439608269858542,False,True,MLS
2021-10-03,home,2.37,0.5338886010704367,0.4106647041113304,False,True,MLS
2021-10-03,home,1.83,0.6555671738862264,0.5310160872013069,False,True,MLS
2021-10-04,away,2.95,0.4473993311222198,0.3300768649425817,False,False,MLS
2021-10-04,home,2.2,0.6351928187600924,0.4417537229691086,True,True,MLS
2021-10-10,away,2.46,0.5880718643487381,0.3952655538694992,False,True,MLS
2021-10-10,home,1.84,0.6720408291358799,0.5276430532541515,False,True,MLS
2021-10-17,away,2.96,0.4100016507530669,0.3284649230017111,False,False,MLS
2021-10-17,home,2.73,0.4909487857187684,0.3562579799164912,False,True,MLS
2021-10-17,home,2.78,0.4446578305428265,0.3498747603438678,False,True,MLS
2021-10-21,away,2.63,0.5043985767536336,0.369905150587613,False,True,MLS
2021-10-21,home,2.51,0.5142170422800694,0.3874602868788981,False,False,MLS
2021-10-23,home,2.64,0.4729581148046416,0.3687631546366225,False,False,MLS
2021-10-24,home,1.87,0.6408384254687108,0.5195790975341099,False,True,MLS
2021-10-24,home,2.8,0.6267297923682769,0.3475366178428762,True,False,MLS
2021-10-24,home,2.46,0.5204733226974492,0.395766676728041,False,False,MLS
2021-10-28,home,2.56,0.5401342305118155,0.3799573167923109,False,True,MLS
2021-10-28,home,2.74,0.4569075065655447,0.3551811853589435,False,False,MLS
2021-10-28,home,2.09,0.5807916499007116,0.4648368020456539,False,True,MLS
2021-10-28,away,2.99,0.398488344366801,0.325398869213946,False,False,MLS
2021-11-03,home,1.71,0.7275651262073403,0.5662934688997214,False,False,MLS
2021-11-04,home,2.95,0.4209591126883638,0.3297136196644879,False,True,MLS
2021-11-07,home,2.7,0.578440563652607,0.3604009460524833,False,False,MLS
2021-11-20,home,2.54,0.5205901462238843,0.3830204948955237,False,False,MLS
2021-12-11,home,2.81,0.4509281234800496,0.3464786435623959,False,False,MLS
2022-03-05,home,1.97,0.6276580139436949,0.4935361140658292,True,True,MLS
2022-03-06,home,2.84,0.4489750703406087,0.3425308263838518,False,False,MLS
2022-03-12,home,2.02,0.6487112647513156,0.4816194309848759,True,True,MLS
2022-03-13,home,2.3,0.5454963960172052,0.4231840980865688,False,False,MLS
2022-03-13,home,2.02,0.6865267665038277,0.4812727478163808,True,True,MLS
2022-03-26,home,2.32,0.6340692873268332,0.4195934559229266,True,True,MLS
2022-04-03,home,2.45,0.4899286283456674,0.3976239094115463,False,False,MLS
2022-04-03,home,2.4,0.5986974693838784,0.4054285007533338,False,False,MLS
2022-04-03,home,2.21,0.6137215334710237,0.4404336817503084,True,False,MLS
2022-04-16,home,1.7,0.7475888243343796,0.5695492087651365,False,False,MLS
2022-04-17,home,2.01,0.6272292655377412,0.4829918011759516,True,False,MLS
2022-04-17,home,2.68,0.4942002120298081,0.3634570076809623,False,False,MLS
2022-04-17,home,1.89,0.6784362206509393,0.5141388174807198,False,False,MLS
2022-04-23,home,2.15,0.5594733284480241,0.4524975514201763,False,True,MLS
2022-04-24,home,2.63,0.4908740234545182,0.3700683840460367,False,False,MLS
2022-04-30,home,2.38,0.5447334795661957,0.408448496564696,False,False,MLS
2022-04-30,home,1.85,0.7010121046724191,0.524412615203567,False,False,MLS
2022-04-30,home,2.52,0.5357737968694449,0.3869660260497313,False,True,MLS
2022-05-01,home,2.38,0.5421962632259955,0.4086723148976477,False,False,MLS
2022-05-01,home,2.54,0.5048579535289413,0.383145084558485,False,False,MLS
2022-05-08,home,1.81,0.7347316719274767,0.535410947745067,False,False,MLS
2022-05-15,home,2.46,0.5036326780116143,0.3955751073286338,False,False,MLS
2022-05-15,home,1.94,0.6823670475826185,0.5008098808765847,False,False,MLS
2022-05-15,home,2.35,0.6156218044427919,0.414389843869671,True,True,MLS
2022-05-19,home,2.44,0.5620534387057632,0.3989138346117239,False,False,MLS
2022-05-19,away,2.73,0.4432068169298798,0.3566511627906976,False,True,MLS
2022-05-19,home,2.1,0.6387621729127633,0.4631098749433714,True,True,MLS
2022-05-19,home,2.67,0.5117214770486391,0.3648061246843689,False,True,MLS
2022-05-21,away,2.66,0.5803821067263422,0.3657362413832071,False,True,MLS
2022-05-29,home,2.77,0.5109841029410983,0.3522377079024514,False,True,MLS
2022-05-29,home,1.82,0.695317157219122,0.5332973755990815,False,True,MLS
2022-05-29,home,2.52,0.4984378066154639,0.3864012251148544,False,False,MLS
2022-05-29,home,2.2,0.5841002380049094,0.4424192748215095,False,False,MLS
2022-06-12,home,1.91,0.6653588767490147,0.5094574294529067,False,False,MLS
2022-06-18,home,2.47,0.5390658665731584,0.3939978499537402,False,False,MLS
2022-06-19,home,2.18,0.5914263282948238,0.4464620490019322,False,False,MLS
2022-06-19,home,2.19,0.589757232690733,0.4438720724381113,False,False,MLS
2022-06-19,home,1.55,0.7878235140602211,0.6253444471123613,False,False,MLS
2022-06-25,away,2.99,0.5047303804381514,0.3256250908697775,False,False,MLS
2022-06-30,away,2.35,0.6291180625939237,0.4137596718560641,True,False,MLS
2022-07-04,home,1.61,0.7947072921840068,0.6015144861129798,False,False,MLS
2022-07-09,home,1.83,0.6551763580621776,0.5307677776779935,False,True,MLS
2022-07-10,away,2.96,0.4516916030190724,0.3291388368020579,False,False,MLS
2022-07-10,away,2.55,0.5379776130323798,0.3814298810507374,False,False,MLS
2022-07-17,home,2.27,0.625853753455137,0.4288500600553169,True,False,MLS
2022-07-17,home,2.31,0.5414448044084414,0.4211936365951134,False,False,MLS
2022-07-18,home,1.83,0.7418015264834334,0.5301303690993528,False,True,MLS
2022-07-18,home,2.47,0.5546784281878734,0.3939133803833385,False,False,MLS
2022-07-18,home,2.26,0.544433208996095,0.4301098949501178,False,False,MLS
2022-07-24,away,2.89,0.6024203483736221,0.3368905725461209,True,False,MLS
2022-07-24,home,2.68,0.4944053837993727,0.3632133947565772,False,False,MLS
2022-07-31,away,2.94,0.4288966096129215,0.3312180053601291,False,False,MLS
2022-07-31,home,2.35,0.5918868882087907,0.4140783210650891,False,False,MLS
2022-07-31,home,2.22,0.5488181593592292,0.4378993581291566,False,True,MLS
2022-07-31,home,2.9,0.5013935887827524,0.3353814217420621,False,True,MLS
2022-08-07,away,2.74,0.5785957426673081,0.3552334337349397,False,False,MLS
2022-08-07,home,2.81,0.6011240410613117,0.3465091767035886,True,True,MLS
2022-08-07,home,2.15,0.5539736721790736,0.4525427365710607,False,False,MLS
2022-08-14,home,1.93,0.6269837421279572,0.5032395491257655,False,True,MLS
2022-08-14,away,2.77,0.4944589522075079,0.3511998307543521,False,False,MLS
2022-08-20,home,2.1,0.7487529981079146,0.4632545284043235,True,False,MLS
2022-08-21,home,2.09,0.6351977105027808,0.4656165199549937,True,True,MLS
2022-08-28,away,2.84,0.4218748856207611,0.3426432301696117,False,True,MLS
2022-08-29,home,2.12,0.634906686639816,0.4585570564630079,True,False,MLS
2022-09-04,home,1.77,0.7064754642210707,0.5481678267709523,False,True,MLS
2022-09-08,home,1.69,0.828996596111806,0.5716012607517051,False,False,MLS
2022-09-10,home,1.91,0.6572380706877291,0.5089958355918945,False,False,MLS
2022-09-11,home,1.82,0.7055824065819571,0.5337399596237274,False,True,MLS
2022-09-17,home,2.46,0.5374802535293467,0.3954643801586666,False,True,MLS
2022-09-18,home,2.38,0.6189643842805073,0.40877307843394,True,False,MLS
2022-09-18,away,2.81,0.5047502390462397,0.3465091767035886,False,False,MLS
2022-09-18,home,2.15,0.718108048903785,0.4521065930718087,True,False,MLS
2022-09-18,home,2.71,0.4541769697309315,0.3592601321301231,False,False,MLS
2022-09-18,home,2.37,0.596605587814223,0.41098434893734,False,False,MLS
2022-09-28,home,2.69,0.7959819681771259,0.3619676188511911,True,False,MLS
2022-10-01,home,2.6,0.5115903832237944,0.3710559528817838,False,True,MLS
2022-10-02,home,2.27,0.5746888519420934,0.4253738800253139,False,True,MLS
2022-10-02,home,1.87,0.6415314184185861,0.5188193743693239,False,True,MLS
2022-10-15,home,2.22,0.7487529981079146,0.4380218345230582,True,False,MLS
2022-10-18,home,1.83,0.714868183067186,0.5303889789303079,False,True,MLS
2022-10-21,home,1.81,0.7878235140602211,0.5356015144257904,False,True,MLS
2023-02-26,home,2.65,0.4647164666348303,0.3628232393749976,False,True,MLS
2023-03-05,home,1.92,0.6216414451314025,0.5057156205180813,False,True,MLS
2023-03-05,home,2.67,0.566375073348971,0.3641903354992095,False,False,MLS
2023-03-18,home,1.76,0.7107042099689944,0.5510047356969153,False,True,MLS
2023-03-19,home,2.69,0.5203238355572024,0.3617969091676117,False,False,MLS
2023-03-25,home,2.44,0.5571227666640374,0.3984266194903452,False,False,MLS
2023-03-25,home,2.95,0.498321148472356,0.3295763401563196,False,True,MLS
2023-03-26,away,2.75,0.442057665863721,0.3538428784330423,False,False,MLS
2023-03-26,home,2.5,0.5624388150982202,0.3896521396293937,False,False,MLS
2023-03-26,home,1.97,0.6602374429450544,0.4937351033940959,True,False,MLS
2023-04-09,home,2.09,0.5857796920254668,0.464741531970735,False,False,MLS
2023-04-16,home,2.66,0.6315796654231227,0.3658177728477229,True,False,MLS
2023-04-16,home,2.17,0.5724129938495967,0.4482984623140912,False,False,MLS
2023-04-16,away,2.9,0.4718015104990322,0.3359000895918935,False,False,MLS
2023-04-16,home,2.44,0.5019749208153222,0.3984702391289575,False,True,MLS
2023-04-23,home,2.07,0.5864780786154805,0.4698937261442059,False,False,MLS
2023-04-23,home,1.66,0.724173343572455,0.5847571551328754,False,True,MLS
2023-04-23,home,2.58,0.4641153603518546,0.3771565642586955,False,False,MLS
2023-04-30,home,2.23,0.6199178324693844,0.4357871776322796,True,False,MLS
2023-04-30,home,2.16,0.5921111947858596,0.4500476490155533,False,False,MLS
2023-05-07,home,2.38,0.5474848049833976,0.4085272954912283,False,True,MLS
2023-05-07,home,1.93,0.6231334839445339,0.5026346189922953,False,True,MLS
2023-05-14,home,2.16,0.5900852350604779,0.4502573822395485,False,True,MLS
2023-05-14,home,2.36,0.6110234771944953,0.4124546922796389,True,True,MLS
2023-05-18,home,1.81,0.7550346801404979,0.5373474990903323,False,False,MLS
2023-05-18,home,2.22,0.5769491271793534,0.4383173543822243,False,True,MLS
2023-05-21,home,2.08,0.6230973937262745,0.4671981584931084,True,True,MLS
2023-05-21,home,2.09,0.5764185248986182,0.4649611775269821,False,True,MLS
2023-05-21,home,1.63,0.7340190508080878,0.5958146106747795,False,True,MLS
2023-05-28,home,2.69,0.5676067973706456,0.36169597073837,False,True,MLS
2023-05-28,home,2.3,0.5688102452234427,0.4231969564118949,False,False,MLS
2023-06-01,home,2.32,0.6959494007148792,0.4198448321988051,True,False,MLS
2023-06-03,home,2.24,0.5712430937107064,0.4341360396562344,False,False,MLS
2023-06-04,home,2.9,0.5182065528607616,0.3356179526862702,False,False,MLS
2023-06-11,home,1.97,0.6083573819144589,0.4929818968843849,True,True,MLS
2023-06-11,home,2.42,0.510970790261031,0.402084884586746,False,True,MLS
2023-06-12,home,2.43,0.5044607323546706,0.4001360929968812,False,True,MLS
2023-06-22,away,2.88,0.4415984097663741,0.3374367059822322,False,False,MLS
2023-06-25,home,2.56,0.5921905832351337,0.380265986490666,False,True,MLS
2023-07-02,home,2.91,0.4164809262839457,0.3341507933841726,False,False,MLS
2023-07-02,home,2.2,0.6743967060301783,0.4422024213849042,True,True,MLS
2023-07-05,home,2.37,0.6223897703856592,0.4107692944216469,True,False,MLS
2023-07-06,home,2.04,0.6493175304353709,0.4765709261027567,True,False,MLS
2023-07-09,home,2.53,0.5012854857334508,0.3845602798027896,False,False,MLS
2023-07-09,home,2.68,0.5356697525575072,0.3634761558576012,False,False,MLS
2023-07-16,home,2.31,0.5275454396961214,0.4212374401936075,False,False,MLS
2023-07-16,home,2.19,0.5669621169519071,0.444154374972806,False,True,MLS
2023-07-16,home,2.26,0.6376661653811115,0.4306113080044806,True,True,MLS
2023-07-16,home,2.49,0.5624231632224856,0.390916491807414,False,False,MLS
2023-08-21,home,2.23,0.6049899995283188,0.4357857695928925,True,True,MLS
2023-08-27,away,2.83,0.5215203122818046,0.3437302575082941,False,True,MLS
2023-08-27,home,2.47,0.6110234771944953,0.3939654562581212,True,False,MLS
2023-09-02,home,1.93,0.6648295994362972,0.5035267835142994,False,False,MLS
2023-09-03,home,2.4,0.497757146858367,0.4054248248607868,False,False,MLS
2023-09-03,home,2.19,0.6026263169584357,0.4442870052412795,True,False,MLS
2023-09-04,home,2.05,0.7209295821466157,0.4747191011235955,True,False,MLS
2023-09-10,home,2.99,0.4211385091449806,0.3252922593137183,False,True,MLS
2023-09-11,home,2.08,0.5858444566904825,0.4668664890208587,False,False,MLS
2023-09-17,home,1.9,0.7428946330169728,0.511363489874054,False,False,MLS
2023-09-21,home,2.94,0.6124041059940746,0.3312737642585551,True,False,MLS
2023-09-21,away,2.95,0.4609652074351915,0.3298500681508405,False,False,MLS
2023-09-21,home,2.1,0.6329521677769454,0.4635543482850346,True,True,MLS
2023-09-21,away,2.69,0.460416833039488,0.3618256643265488,False,False,MLS
2023-09-24,home,2.18,0.5486483929576589,0.4460534484501104,False,False,MLS
2023-09-24,home,2.23,0.5882892794738568,0.4361546974283055,False,True,MLS
2023-09-28,home,2.68,0.54318393812879,0.3632653061224489,False,False,MLS
2023-10-01,away,2.8,0.4381908305003199,0.3474064862637991,False,False,MLS
2023-10-05,home,2.4,0.6051041364234059,0.4052753438961275,True,False,MLS
2023-10-05,home,2.59,0.4779923117797054,0.3752254489374494,False,False,MLS
2023-10-05,home,1.99,0.6357576127144617,0.4881690702555454,True,True,MLS
2023-10-05,home,2.23,0.6185535433122387,0.4359265616891247,True,True,MLS
2023-10-05,home,2.16,0.5984922329946374,0.4500075631523218,False,False,MLS
2023-10-08,home,1.97,0.6117921257454615,0.4928246025121433,True,False,MLS
2023-10-15,home,2.4,0.5228516496083189,0.405600221790962,False,False,MLS
2023-10-21,home,2.56,0.4815176150707531,0.380204939880353,False,False,MLS
2023-10-22,home,2.83,0.4864386957190871,0.3439458418217379,False,False,MLS
2023-10-22,home,2.12,0.6310213089388504,0.4584910546723948,True,False,MLS
2023-11-04,home,2.06,0.6174060522597724,0.4714836982476443,True,False,MLS
2023-11-06,away,2.69,0.4566103761643644,0.3617424170408873,False,True,MLS
2023-11-07,home,2.47,0.5613496964869502,0.3940261663786719,False,False,MLS
2023-11-08,home,2.08,0.5984922329946374,0.4668606236930629,False,False,MLS
2023-12-03,home,1.75,0.7266430544209537,0.5543922768906356,False,True,MLS
2024-02-25,home,1.82,0.7015847457259569,0.5335169090439721,False,False,MLS
2024-02-25,home,2.32,0.5815780757624308,0.419480906921241,False,True,MLS
2024-02-25,home,2.13,0.5989204911583028,0.4570917378431915,False,False,MLS
2024-02-25,home,2.88,0.5014013640183921,0.3371444703225351,False,False,MLS
2024-03-03,home,2.75,0.4370539593516345,0.3540049163020993,False,False,MLS
2024-03-03,home,2.23,0.588102128002405,0.4365878254158369,False,False,MLS
2024-03-03,home,2.41,0.5060245311133156,0.4040505007179755,False,False,MLS
2024-03-03,home,1.96,0.6860201503510492,0.4953267902823989,True,False,MLS
2024-03-10,home,2.5,0.4840584342601265,0.38919529083774,False,False,MLS
2024-03-17,home,2.47,0.5573581302979115,0.3942378144848087,False,False,MLS
2024-03-17,home,2.11,0.601581819113161,0.4603580562659846,True,True,MLS
2024-03-17,home,2.2,0.5557440572815839,0.4422328122275818,False,False,MLS
2024-03-23,home,2.06,0.6147638446821329,0.4695883115419297,True,False,MLS
2024-03-24,home,2.31,0.5816056143618061,0.4192706095934674,False,False,MLS
2024-03-24,home,1.92,0.6531755701139235,0.5031746718064531,False,False,MLS
2024-03-30,home,2.67,0.4593987069035286,0.362531556390536,False,False,MLS
2024-04-07,home,2.34,0.5110789430919644,0.4138823281633144,False,False,MLS
2024-04-07,home,2.35,0.6140199217021388,0.4119297500606648,True,True,MLS
2024-04-07,home,1.78,0.7145681581696348,0.543540056368013,False,True,MLS
2024-04-07,home,2.34,0.513796808999622,0.4138714839018409,False,False,MLS
2024-04-14,home,2.77,0.4751324626691814,0.3491374797892264,False,True,MLS
2024-04-14,home,2.7,0.5973324628051433,0.3585949853173706,False,False,MLS
2024-04-14,home,2.22,0.5430843309213937,0.435932616815306,False,False,MLS
2024-04-14,home,1.9,0.633551779120407,0.5083329228445232,False,True,MLS
2024-04-21,home,2.89,0.437480869053756,0.335111633462769,False,False,MLS
2024-04-27,home,2.6,0.5527466270904564,0.3722627737226277,False,True,MLS
2024-04-28,home,2.76,0.6386682226182523,0.3505271084337349,True,False,MLS
2024-04-28,home,1.84,0.6745347002842692,0.5253399258343634,False,False,MLS
2024-04-28,home,2.82,0.5315860439707993,0.3429143513856142,False,True,MLS
2024-05-01,home,2.22,0.5471458044988873,0.4379459790745523,False,False,MLS
2024-05-05,away,2.93,0.4570704774879364,0.3299679026092675,False,False,MLS
2024-05-05,home,2.26,0.5459090502558823,0.4280555638625558,False,False,MLS
2024-05-12,home,2.15,0.6113737310038554,0.4494629217493926,True,False,MLS
2024-05-12,away,2.94,0.4195952097601214,0.3294486880668313,False,True,MLS
2024-05-12,home,2.35,0.53019510303034,0.4117836971425749,False,False,MLS
2024-05-16,home,1.99,0.6270019884071956,0.4854371928573142,True,False,MLS
2024-05-16,home,2.53,0.504868151879743,0.3827734095782702,False,True,MLS
2024-05-16,home,2.17,0.5545503580309132,0.4458994990460596,False,False,MLS
2024-05-16,home,2.23,0.5773335512491289,0.4338674975617417,False,True,MLS
2024-05-19,home,2.65,0.5090277233626783,0.3654665692734964,False,True,MLS
2024-05-26,home,2.95,0.4316335423067612,0.3280207325862332,False,False,MLS
2024-05-26,home,2.54,0.4773917910526683,0.3809229133843321,False,False,MLS
2024-05-26,home,2.92,0.5413029021408347,0.3315059263115984,False,False,MLS
2024-05-30,home,2.94,0.5565324856762125,0.3288636845452618,False,True,MLS
2024-05-30,home,1.68,0.7662363238019281,0.576291410843295,False,False,MLS
2024-05-30,home,2.78,0.5553768218174834,0.3483498401068025,False,False,MLS
2024-06-09,home,2.56,0.5101113761413423,0.3752342871423216,False,True,MLS
2024-06-16,home,2.22,0.5832486778769443,0.4361180443400381,False,False,MLS
2024-06-16,home,2.24,0.5984558786509236,0.4319331200330271,False,True,MLS
2024-06-16,home,1.93,0.724934382846135,0.5006050961802051,False,False,MLS
2024-06-20,home,1.95,0.658433693318353,0.4954449894884373,True,False,MLS
2024-06-23,home,2.33,0.7056259954857336,0.415116248482776,True,False,MLS
2024-06-23,home,2.53,0.4742295383476826,0.3832087503695257,False,True,MLS
2024-06-30,home,1.75,0.6995394134512236,0.5521270443795316,False,True,MLS
2024-06-30,home,2.77,0.5176849585174397,0.3494598403006106,False,False,MLS
2024-06-30,home,2.14,0.6217607078484494,0.4517950055799528,True,False,MLS
2024-06-30,home,2.79,0.5060245311133156,0.3467151834012061,False,False,MLS
2024-07-04,home,2.83,0.4335937594766268,0.341898223403645,False,False,MLS
2024-07-04,home,2.37,0.529624128386824,0.4079566291955672,False,True,MLS
2024-07-04,home,2.31,0.5295179207742585,0.4191114836546522,False,False,MLS
2024-07-05,home,2.61,0.5455239014238558,0.3710747152375634,False,True,MLS
2024-07-07,home,2.63,0.5190941567961607,0.3681129227856619,False,False,MLS
2024-07-07,home,2.96,0.6005389403458679,0.3274139844617092,True,False,MLS
2024-07-08,home,2.37,0.5049321287083736,0.4084975042088785,False,True,MLS
2024-07-14,home,2.81,0.585305246350591,0.3442460391425909,False,True,MLS
2024-07-14,home,2.06,0.6158795293335213,0.4687543172921943,True,False,MLS
2024-07-18,home,2.93,0.510474052855804,0.3302514414383678,False,False,MLS
2024-07-21,home,2.86,0.4839263127292824,0.3381265167918852,False,True,MLS
2024-07-21,home,2.24,0.6105033783891762,0.4318507890961263,True,False,MLS
2024-07-21,home,2.47,0.5452514978788209,0.392321286253855,False,False,MLS
2024-08-25,home,2.24,0.6065477543773649,0.4316796566472437,True,False,MLS
2024-08-25,home,2.89,0.4717113746386048,0.3348446243967023,False,True,MLS
2024-08-29,home,2.33,0.5774720378351816,0.4155313556139692,False,False,MLS
2024-09-01,home,2.27,0.5288622389126578,0.4265462002555948,False,False,MLS
2024-09-01,home,2.63,0.514159920469623,0.368018641229156,False,False,MLS
2024-09-01,home,2.22,0.5953187312053636,0.4358715233533987,False,False,MLS
2024-09-01,home,2.37,0.6444837501077483,0.4085048397011012,True,True,MLS
2024-09-15,home,2.13,0.594215816654033,0.453521886975765,False,False,MLS
2024-09-19,home,2.0,0.6514075691455388,0.4826050012556461,True,False,MLS
2024-09-19,home,2.29,0.6000658146780005,0.4229640431526247,True,True,MLS
2024-09-19,home,2.12,0.5748880517179633,0.4564179463420499,False,True,MLS
2024-09-21,home,2.09,0.633016247260048,0.4628764616919492,True,False,MLS
2024-09-22,home,2.79,0.504868151879743,0.3471649752346645,False,False,MLS
2024-09-22,home,2.29,0.5345119213588552,0.4221636858691355,False,False,MLS
2024-09-22,home,1.89,0.7235560320131594,0.5105857826989075,False,True,MLS
2024-09-29,home,2.13,0.5623335312174259,0.4538145046793962,False,False,MLS
2024-09-29,home,2.57,0.4783018117269776,0.3764594678371749,False,False,MLS
2024-10-03,home,2.05,0.6754002710996578,0.4715007904383024,True,False,MLS
2024-10-03,home,2.18,0.619964660429201,0.4440484727852825,True,False,MLS
2024-10-06,home,2.41,0.5202356806664459,0.4017425593840953,False,True,MLS
2024-10-06,home,2.45,0.635038605805043,0.3947026746299661,True,False,MLS
2024-10-06,home,2.62,0.5889952681532622,0.3692082331730769,False,True,MLS
2024-10-06,home,2.98,0.4691991750340843,0.3251232256250092,False,False,MLS
2024-10-19,home,1.97,0.6550618197190357,0.4906166764250975,True,False,MLS
2024-11-02,home,2.79,0.4528962504491278,0.3468091541486037,False,False,MLS
2024-11-02,home,2.38,0.5570436694518659,0.4067701941234806,False,True,MLS
2025-02-23,home,2.79,0.5026264505871861,0.3469359282899096,False,False,MLS
2025-03-02,home,2.72,0.5687394866094573,0.3558947949236711,False,True,MLS
2025-03-02,home,2.91,0.5553050521403637,0.3322216442799009,False,True,MLS
2025-03-09,away,2.8,0.4419215604305053,0.3456337206625017,False,True,MLS
2025-03-09,home,2.2,0.612899838189138,0.4395358426105908,True,False,MLS
2025-03-16,home,2.72,0.4961045935262987,0.3554906787824655,False,False,MLS
2025-03-22,home,2.33,0.5583100371445844,0.4156673603583528,False,False,MLS
2025-03-22,home,2.23,0.627795246723624,0.4338096362777516,True,True,MLS
2025-03-29,away,2.89,0.4879560551789772,0.3347612006280583,False,True,MLS
2025-03-30,home,2.68,0.514185698998486,0.36085459144799,False,False,MLS
2025-03-30,away,2.99,0.4121565887982904,0.3237732756036383,False,False,MLS
2025-03-30,home,2.47,0.511760528764788,0.3924463182815701,False,False,MLS
2025-04-13,home,2.75,0.4378936891898378,0.3518090515611212,False,True,MLS
2025-04-13,home,1.7,0.7367744279311529,0.5678227710187035,False,True,MLS
2025-04-19,home,2.4,0.6061054022282883,0.4033337826301837,True,False,MLS
2025-04-20,home,2.1,0.6118535107925007,0.4604888815633889,True,False,MLS
2025-04-20,home,2.85,0.4594360264198369,0.3397817782136955,False,False,MLS
2025-04-20,home,1.83,0.6591853282690116,0.5281970555698442,False,False,MLS
2025-05-04,home,2.42,0.4958659616616532,0.3997739019309078,False,True,MLS
2025-05-11,home,2.79,0.4683552643610083,0.3469652436169967,False,False,MLS
2025-05-25,home,2.55,0.5780198656451145,0.3798614930465918,False,False,MLS
2025-05-25,home,2.28,0.5493936525295492,0.4238279492486277,False,False,MLS
2025-05-25,home,2.45,0.506837774796572,0.395306756710717,False,False,MLS
2025-05-25,home,2.08,0.606719171635653,0.4650220965427081,True,True,MLS
2025-05-26,home,2.88,0.4894161365481419,0.3359770272118146,False,True,MLS
2025-05-29,home,2.91,0.4556810647379026,0.3323169351064953,False,True,MLS
2025-05-29,home,2.63,0.4895834112469426,0.3698002141938069,False,False,MLS
2025-05-29,home,2.23,0.7014043494924911,0.4339913872178651,True,False,MLS
2025-06-08,home,2.74,0.5106468913842612,0.3529011289112833,False,False,MLS
2025-06-14,home,2.38,0.647673844845849,0.4069767441860465,True,False,MLS
2025-06-15,home,2.14,0.5992369463151972,0.4517857855605911,False,True,MLS
2025-06-15,home,2.24,0.5648314038855213,0.4319786739535609,False,True,MLS
2025-06-26,home,2.94,0.4110785497159686,0.3294646199925121,False,False,MLS
2025-06-26,home,2.57,0.619073590377633,0.3763314861994149,True,False,MLS
2025-07-05,home,2.83,0.4838453565065724,0.3420404814004377,False,False,MLS
2025-07-05,home,2.28,0.5562940313092202,0.4230525553611295,False,True,MLS
2025-07-06,home,2.08,0.605742291247121,0.4643890812099199,True,True,MLS
2025-07-13,away,2.79,0.4286389100442093,0.3471261855685641,False,False,MLS
2025-07-13,home,2.41,0.52863855718234,0.4015359381945828,False,False,MLS
2025-07-17,home,2.38,0.607379825429353,0.4068808351099022,True,False,MLS
2025-07-17,home,2.75,0.5015610134993783,0.3520568763559104,False,True,MLS
2025-07-20,home,2.96,0.5286532882959488,0.3270517261975869,False,False,MLS
2025-07-20,home,2.51,0.4996339259555581,0.3854834485350217,False,False,MLS
2025-07-20,home,2.31,0.5349047101157318,0.4188020529439529,False,True,MLS
2025-07-26,home,2.29,0.559199284637281,0.4229942640323704,False,False,MLS
2025-07-26,home,2.71,0.4471175467673089,0.3572729807247965,False,False,MLS
2025-07-27,home,2.42,0.5064309015746352,0.3995763993948563,False,False,MLS
2025-07-27,home,2.74,0.4426208938113575,0.3534862678720467,False,False,MLS
2025-07-27,home,1.87,0.645044239351145,0.5170786928794022,False,True,MLS
2025-08-10,away,2.97,0.4988360670861468,0.3258406425788465,False,False,MLS
2025-08-17,home,3.0,0.4219651741565933,0.322827168309668,False,True,MLS
2025-08-17,home,2.73,0.496931838370913,0.3542880299883491,False,False,MLS
2025-08-17,home,2.44,0.498270023074813,0.3961639656816015,False,True,MLS
2025-08-24,home,2.89,0.462829972340483,0.3353830494725201,False,True,MLS
2025-08-24,home,1.79,0.6807828200646385,0.5395494862966449,False,True,MLS
2025-08-24,home,2.1,0.6038297180448705,0.4607329842931937,True,False,MLS
2025-08-24,home,2.36,0.5073373406872732,0.4101439213405137,False,False,MLS
2025-08-24,home,2.59,0.6455550288250811,0.3740282209566593,True,True,MLS
2025-08-31,home,2.15,0.569557055734816,0.4500962282137525,False,True,MLS
2025-09-14,home,2.67,0.4604365016044687,0.3625934217707532,False,False,MLS
2025-09-14,home,2.75,0.4609499949990552,0.3519165954487101,False,True,MLS
2025-09-14,home,2.65,0.5018494765325356,0.3655186749144491,False,True,MLS
2025-09-14,home,2.72,0.5318174019684861,0.3558757378735425,False,True,MLS
2025-09-20,home,2.6,0.5220491306850443,0.3724992060971737,False,False,MLS
2025-09-21,home,2.18,0.5654753071891708,0.4435221496005809,False,True,MLS
2025-09-21,home,2.25,0.5984761247927293,0.4297397358678234,False,False,MLS
2025-09-21,home,2.77,0.5511367932841367,0.3496183658429097,False,False,MLS
2025-09-25,home,2.4,0.5035876781025721,0.4032850821270531,False,False,MLS
2025-09-28,away,2.93,0.4896935028201817,0.3305043251183287,False,False,MLS
2025-10-05,home,2.78,0.4984106554649251,0.347778084460392,False,False,MLS
2025-10-12,home,2.5,0.5167140898856626,0.3869972062843582,False,False,MLS
2025-10-12,home,2.49,0.5451568616830809,0.3888070692194403,False,True,MLS
2025-10-18,home,3.0,0.5174346407268922,0.3224631242224987,False,False,MLS
2025-10-19,home,2.56,0.5568173908946725,0.3783159186828008,False,True,MLS
2025-10-19,home,2.91,0.5316987460017275,0.3323674556323209,False,False,MLS
2025-11-30,home,2.69,0.4581653214777939,0.3598484701912696,False,False,MLS
2019-01-14,Player2,1.37,0.3470037669577001,0.7133891213389122,False,True,TENNIS_ATP
2019-02-08,Player2,1.44,0.3877553228688243,0.6814159292035398,False,True,TENNIS_ATP
2019-07-15,Player2,1.29,0.5450479323577699,0.7744755244755245,False,False,TENNIS_ATP
2019-07-15,Player2,1.65,0.45270933977908623,0.6004842615012107,False,True,TENNIS_ATP
2019-07-16,Player2,1.42,0.6345283873073368,0.7053941908713692,False,False,TENNIS_ATP
2019-07-18,Player2,2.5,0.3438741621673874,0.4075829383886256,False,False,TENNIS_ATP
2019-07-19,Player2,1.91,0.5064628847942244,0.528395061728395,False,False,TENNIS_ATP
2019-07-20,Player2,1.57,0.42980214236517555,0.6399082568807339,False,False,TENNIS_ATP
2019-07-28,Player2,1.83,0.28251028234400544,0.5367088607594936,False,False,TENNIS_ATP
2019-08-01,Player2,1.98,0.1882641400268561,0.49360613810741694,False,False,TENNIS_ATP
2019-09-03,Player2,1.87,0.20333299762022072,0.5241730279898219,False,False,TENNIS_ATP
2020-01-16,Player1,1.56,0.4222285613160583,0.6294536817102138,False,True,TENNIS_ATP
2020-01-21,Player2,1.52,0.3922633066592808,0.6431924882629108,False,True,TENNIS_ATP
2020-02-13,Player2,1.72,0.3029159270429327,0.5678391959798995,False,True,TENNIS_ATP
2020-02-14,Player2,2.09,0.28816404431861364,0.46954314720812196,False,False,TENNIS_ATP
2020-02-19,Player2,1.5,0.3966415696780301,0.6519721577726219,False,False,TENNIS_ATP
2020-02-22,Player2,1.72,0.3886152772775663,0.5710723192019951,False,False,TENNIS_ATP
2020-08-22,Player1,1.62,0.607220463416426,0.6223776223776224,False,True,TENNIS_ATP
2020-08-23,Player1,1.56,0.3259845618607277,0.625,False,True,TENNIS_ATP
2020-08-23,Player1,2.25,0.4078218594442005,0.4604316546762589,False,False,TENNIS_ATP
2020-08-24,Player1,1.66,0.5717343249705471,0.6057007125890737,False,False,TENNIS_ATP
2020-08-24,Player2,1.31,0.7868570683037757,0.7783417935702199,False,True,TENNIS_ATP
2020-08-25,Player2,2.0,0.3389924370599524,0.49367088607594933,False,True,TENNIS_ATP
2020-08-31,Player2,1.64,0.2824489990542818,0.5950617283950617,False,True,TENNIS_ATP
2020-09-08,Player2,1.49,0.3254590592309743,0.6534883720930234,False,True,TENNIS_ATP
2020-09-09,Player2,1.29,0.26300936245775886,0.7523992322456814,False,True,TENNIS_ATP
2020-09-09,Player1,1.83,0.2297509934585122,0.5307692307692307,False,True,TENNIS_ATP
2020-09-10,Player2,1.42,0.34025512984560624,0.687912087912088,False,True,TENNIS_ATP
2020-09-14,Player2,1.38,0.39668793785594236,0.7057569296375267,False,True,TENNIS_ATP
2020-09-14,Player2,1.29,0.3826385105346495,0.7584269662921349,False,True,TENNIS_ATP
2020-09-15,Player1,1.36,0.3744169799401634,0.7172557172557172,False,True,TENNIS_ATP
2020-09-17,Player1,2.08,0.2099887826884117,0.4693877551020408,False,True,TENNIS_ATP
2020-09-18,Player2,1.44,0.42290606559545874,0.6799999999999999,False,False,TENNIS_ATP
2020-09-22,Player1,1.85,0.2456697902869365,0.5244215938303342,False,True,TENNIS_ATP
2020-09-22,Player2,1.69,0.3026877907654182,0.5743073047858942,False,False,TENNIS_ATP
2020-09-27,Player1,1.71,0.2645528166047219,0.5703517587939698,False,True,TENNIS_ATP
2020-09-27,Player2,2.0,0.23943479465882933,0.48849104859335035,False,True,TENNIS_ATP
2020-09-27,Player1,1.45,0.415785303639485,0.6741573033707866,False,True,TENNIS_ATP
2020-09-28,Player2,1.53,0.21424253413687844,0.6365795724465559,False,True,TENNIS_ATP
2020-09-28,Player1,1.47,0.2315318573916085,0.6636155606407321,False,True,TENNIS_ATP
2020-09-29,Player2,1.44,0.35752826457126907,0.6771300448430494,False,True,TENNIS_ATP
2020-09-30,Player1,1.34,0.3139427665305828,0.7287449392712552,False,True,TENNIS_ATP
2020-09-30,Player2,1.73,0.31808012866321156,0.5642317380352646,False,True,TENNIS_ATP
2020-10-12,Player1,2.34,0.0837546562560471,0.415,False,True,TENNIS_ATP
2020-10-14,Player1,1.65,0.3147869049865687,0.5925925925925927,False,True,TENNIS_ATP
2020-10-14,Player2,1.57,0.23463669385027297,0.6189320388349514,False,True,TENNIS_ATP
2020-10-24,Player1,2.04,0.2416053351202712,0.4795918367346938,False,False,TENNIS_ATP
2020-11-03,Player2,2.19,0.24346412443997578,0.4455696202531646,False,True,TENNIS_ATP
2020-11-21,Player1,1.88,0.2644565915329834,0.5204081632653061,False,True,TENNIS_ATP
2021-01-07,Player1,1.68,0.2528473516832599,0.5778894472361809,False,False,TENNIS_ATP
2021-01-11,Player1,1.68,0.356726933378618,0.582089552238806,False,True,TENNIS_ATP
2021-02-02,Player2,1.74,0.26880222082688254,0.5583756345177665,False,False,TENNIS_ATP
2021-02-02,Player2,2.27,0.17376094858290758,0.4282115869017632,False,False,TENNIS_ATP
2021-02-08,Player1,1.48,0.4227799866706392,0.6589861751152073,False,True,TENNIS_ATP
2021-02-08,Player2,1.56,0.21927522580679726,0.6240963855421686,False,True,TENNIS_ATP
2021-02-08,Player1,1.26,0.4372045485420419,0.774597495527728,False,True,TENNIS_ATP
2021-02-09,Player1,1.68,0.3339304599010948,0.5810473815461347,False,True,TENNIS_ATP
2021-02-09,Player1,1.34,0.442065612257081,0.7303822937625754,False,True,TENNIS_ATP
2021-02-25,Player1,1.52,0.1715610104825913,0.6415094339622641,False,False,TENNIS_ATP
2021-03-04,Player1,1.3,0.3851466250078693,0.7523809523809524,False,True,TENNIS_ATP
2021-03-08,Player2,2.39,0.2084028927702144,0.4069478908188586,False,False,TENNIS_ATP
2021-03-10,Player2,1.56,0.26393337376554493,0.6240963855421686,False,True,TENNIS_ATP
2021-03-25,Player1,1.45,0.3120793166695876,0.6734234234234234,False,True,TENNIS_ATP
2021-03-27,Player2,2.1,0.21843413298343017,0.46564885496183206,False,False,TENNIS_ATP
2021-04-05,Player2,1.49,0.34756114120187387,0.6526806526806527,False,False,TENNIS_ATP
2021-04-07,Player2,1.34,0.44518831531509295,0.7292929292929293,False,True,TENNIS_ATP
2021-04-07,Player1,1.39,0.4263823490867783,0.7036247334754797,False,False,TENNIS_ATP
2021-04-08,Player2,1.8,0.31362501596013304,0.5419847328244275,False,True,TENNIS_ATP
2021-04-08,Player1,1.33,0.4630503490589242,0.7350597609561753,False,True,TENNIS_ATP
2021-04-08,Player1,1.31,0.4138161352467161,0.7471042471042472,False,True,TENNIS_ATP
2021-04-08,Player2,1.28,0.3726888424229099,0.7638376383763839,False,True,TENNIS_ATP
2021-04-11,Player2,2.36,0.2140352705215257,0.4143920595533498,False,False,TENNIS_ATP
2021-04-13,Player2,1.95,0.2604757006930114,0.5,False,True,TENNIS_ATP
2021-04-13,Player1,1.29,0.4752032183598232,0.7588785046728972,False,True,TENNIS_ATP
2021-04-19,Player1,1.39,0.4138746963308107,0.6997840172786178,False,True,TENNIS_ATP
2021-04-21,Player2,2.49,0.19522835809672734,0.3926829268292683,False,False,TENNIS_ATP
2021-04-26,Player1,1.53,0.3194906577866274,0.6357142857142858,False,True,TENNIS_ATP
2021-04-27,Player1,1.52,0.3743369131997845,0.6398104265402844,False,True,TENNIS_ATP
2021-04-28,Player1,1.58,0.3492522072414654,0.6174334140435834,False,False,TENNIS_ATP
2021-05-03,Player1,1.26,0.4874881457414848,0.7769911504424778,False,True,TENNIS_ATP
2021-05-05,Player1,1.72,0.3706970426625114,0.5678391959798995,False,True,TENNIS_ATP
2021-05-05,Player1,2.19,0.2444829552053797,0.4455696202531645,False,False,TENNIS_ATP
2021-05-10,Player1,1.36,0.4049984013807261,0.7166666666666667,False,True,TENNIS_ATP
2021-05-12,Player1,1.85,0.3210633959741747,0.526854219948849,False,True,TENNIS_ATP
2021-05-27,Player1,1.41,0.4348641794212426,0.6914660831509847,False,True,TENNIS_ATP
2021-05-30,Player1,1.71,0.2866538431171373,0.5703517587939698,False,True,TENNIS_ATP
2021-05-31,Player1,1.26,0.4665348562696675,0.7758007117437722,False,True,TENNIS_ATP
2021-06-01,Player1,1.47,0.4616505409861665,0.6659090909090909,False,True,TENNIS_ATP
2021-06-01,Player1,1.24,0.5072808893616085,0.7898305084745763,False,False,TENNIS_ATP
2021-06-03,Player1,1.65,0.3922335844358273,0.5925925925925927,False,True,TENNIS_ATP
2021-06-08,Player2,2.23,0.18918702422547518,0.43544303797468353,False,False,TENNIS_ATP
2021-06-14,Player2,2.41,0.17101591832744423,0.4034653465346534,False,True,TENNIS_ATP
2021-06-15,Player1,1.89,0.2210365202450815,0.5128865979381443,False,True,TENNIS_ATP
2021-06-28,Player2,2.02,0.26860102388957463,0.482051282051282,False,True,TENNIS_ATP
2021-06-29,Player1,1.8,0.3404661088486154,0.5431472081218274,False,True,TENNIS_ATP
2021-06-30,Player2,1.43,0.38074171018483394,0.6808035714285715,False,False,TENNIS_ATP
2021-07-12,Player2,1.75,0.29793197116920944,0.5558375634517766,False,True,TENNIS_ATP
2021-07-13,Player2,1.65,0.3243260835951255,0.5895522388059703,False,False,TENNIS_ATP
2021-07-14,Player2,2.25,0.22213223519157865,0.433249370277078,False,False,TENNIS_ATP
2021-07-14,Player2,1.85,0.30367355576133637,0.528061224489796,False,True,TENNIS_ATP
2021-07-19,Player1,2.0,0.2474824911714389,0.4858611825192801,False,False,TENNIS_ATP
2021-07-28,Player2,1.66,0.35280986986624185,0.5860349127182045,False,True,TENNIS_ATP
2021-07-30,Player1,2.39,0.2191644482701061,0.4084158415841584,False,False,TENNIS_ATP
2021-08-04,Player2,1.65,0.34422684235496936,0.5905707196029777,False,True,TENNIS_ATP
2021-08-05,Player2,2.38,0.240460379244539,0.4108910891089108,False,True,TENNIS_ATP
2021-08-06,Player1,1.43,0.4592818618107854,0.6836283185840709,False,True,TENNIS_ATP
2021-08-12,Player1,1.68,0.2967819473890562,0.58,False,False,TENNIS_ATP
2021-08-12,Player2,1.41,0.3965900152206576,0.6928104575163399,False,False,TENNIS_ATP
2021-08-31,Player1,1.4,0.4530736580077748,0.6982758620689655,False,True,TENNIS_ATP
2021-09-02,Player2,2.23,0.2488558778930604,0.4382871536523929,False,True,TENNIS_ATP
2021-09-04,Player1,1.78,0.2940168640732779,0.549367088607595,False,True,TENNIS_ATP
2021-10-09,Player1,1.83,0.2696294741882484,0.5343511450381679,False,True,TENNIS_ATP
2021-10-10,Player1,2.16,0.2688441085014048,0.4517766497461929,False,False,TENNIS_ATP
2021-10-21,Player1,1.23,0.4514154439992315,0.7960199004975125,False,True,TENNIS_ATP
2021-10-21,Player1,1.81,0.2920902408061739,0.538265306122449,False,False,TENNIS_ATP
2021-10-27,Player2,1.6,0.39728687241988214,0.610705596107056,False,False,TENNIS_ATP
2022-01-31,Player1,1.53,0.2353313792969764,0.6357142857142858,False,True,TENNIS_ATP
2022-02-19,Player1,1.61,0.2888154686313623,0.6053921568627452,False,True,TENNIS_ATP
2022-03-15,Player1,2.06,0.1966661009779318,0.4731457800511509,False,True,TENNIS_ATP
2022-03-19,Player1,2.37,0.204975424528182,0.411910669975186,False,False,TENNIS_ATP
2022-03-25,Player1,2.23,0.2107628273808984,0.438287153652393,False,True,TENNIS_ATP
2022-03-25,Player1,1.6,0.3567182245481933,0.6107055961070559,False,False,TENNIS_ATP
2022-03-29,Player1,1.56,0.2379642492105672,0.6267942583732058,False,False,TENNIS_ATP
2022-04-21,Player2,2.5,0.09623294634744817,0.3902439024390243,False,False,TENNIS_ATP
2022-04-22,Player1,1.57,0.2824483251258867,0.6189320388349514,False,True,TENNIS_ATP
2022-04-26,Player2,1.32,0.5600307344355272,0.7551020408163266,False,False,TENNIS_ATP
2022-05-02,Player1,1.53,0.4848109948324386,0.6466512702078522,False,True,TENNIS_ATP
2022-05-06,Player1,1.84,0.3032185597408594,0.5306122448979592,False,True,TENNIS_ATP
2022-05-23,Player1,1.53,0.2751921031425854,0.6365795724465559,False,True,TENNIS_ATP
2022-05-24,Player1,1.81,0.269198984771334,0.538265306122449,False,True,TENNIS_ATP
2022-06-14,Player1,2.44,0.1161583660887144,0.3990147783251232,False,False,TENNIS_ATP
2022-06-20,Player1,1.62,0.1551575169138209,0.6,False,True,TENNIS_ATP
2022-06-29,Player1,1.25,0.5931983904974628,0.7950819672131149,False,True,TENNIS_ATP
2022-08-21,Player1,2.39,0.1864504465331663,0.4084158415841584,False,True,TENNIS_ATP
2022-08-21,Player1,2.35,0.1865659812108243,0.4154228855721393,False,True,TENNIS_ATP
2022-08-29,Player2,1.29,0.127815929920977,0.7570621468926554,False,True,TENNIS_ATP
2022-08-30,Player1,1.86,0.2791620517138938,0.5242966751918159,False,False,TENNIS_ATP
2022-09-27,Player1,1.74,0.1657399861615306,0.5583756345177665,False,True,TENNIS_ATP
2022-11-13,Player1,2.46,0.2010986635979515,0.3970588235294118,False,True,TENNIS_ATP
2022-11-15,Player1,1.6,0.2944638268714472,0.6116504854368933,False,True,TENNIS_ATP
2023-01-10,Player1,1.44,0.3530185356330961,0.6749435665914221,False,True,TENNIS_ATP
2023-02-17,Player1,2.38,0.1809410615716116,0.4108910891089109,False,False,TENNIS_ATP
2023-02-22,Player1,1.78,0.2919924172200666,0.549367088607595,False,True,TENNIS_ATP
2023-03-22,Player1,1.84,0.2273710704336259,0.5282051282051282,False,True,TENNIS_ATP
2023-05-23,Player1,1.65,0.322046073913039,0.5895522388059701,False,True,TENNIS_ATP
2023-05-25,Player1,1.56,0.359036089643755,0.625,False,True,TENNIS_ATP
2023-05-26,Player1,2.41,0.1262474481104916,0.4049382716049383,False,True,TENNIS_ATP
2023-05-26,Player1,2.25,0.1760374205959672,0.4332493702770781,False,True,TENNIS_ATP
2023-05-26,Player1,1.76,0.2856698782436388,0.5544303797468354,False,True,TENNIS_ATP
2023-05-28,Player1,1.93,0.2872079350073091,0.5063938618925831,False,False,TENNIS_ATP
2023-05-28,Player1,1.75,0.1955867730562394,0.5580808080808081,False,True,TENNIS_ATP
2023-05-28,Player1,1.63,0.374614923520372,0.5995085995085995,False,False,TENNIS_ATP
2023-06-27,Player1,2.42,0.1770443085133133,0.4024691358024692,False,True,TENNIS_ATP
2023-06-29,Player1,1.43,0.3980035006078539,0.6843267108167771,False,True,TENNIS_ATP
2023-07-01,Player2,1.53,0.4627805268339261,0.653061224489796,False,False,TENNIS_ATP
2023-07-05,Player2,1.66,0.22204676666282586,0.5901234567901235,False,True,TENNIS_ATP
2023-07-09,Player1,2.0,0.1620935540858544,0.4884910485933504,False,True,TENNIS_ATP
2023-07-10,Player1,1.56,0.3064518383905744,0.6267942583732058,False,False,TENNIS_ATP
2023-07-25,Player2,2.07,0.14974902450747052,0.46923076923076934,False,True,TENNIS_ATP
2023-09-28,Player1,1.94,0.2077005872893006,0.5,False,True,TENNIS_ATP
2023-10-01,Player1,1.82,0.2845767850183838,0.5368956743002545,False,True,TENNIS_ATP
2023-10-18,Player1,2.26,0.2127445379136713,0.4321608040201005,False,True,TENNIS_ATP
2024-01-04,Player1,1.47,0.3704795737714204,0.6636155606407321,False,True,TENNIS_ATP
2024-01-05,Player1,1.48,0.4275315565184427,0.6581986143187067,False,False,TENNIS_ATP
2024-01-05,Player1,1.18,0.583718822689572,0.8487179487179488,False,False,TENNIS_ATP
2024-01-15,Player1,1.74,0.3877234685579825,0.5606060606060607,False,True,TENNIS_ATP
2024-01-16,Player1,2.0,0.3240145521000738,0.4884910485933504,False,True,TENNIS_ATP
2024-01-18,Player1,1.55,0.4313603212525109,0.630071599045346,False,True,TENNIS_ATP
2024-01-20,Player1,2.22,0.252390103054219,0.4393939393939394,False,True,TENNIS_ATP
2024-02-07,Player1,1.64,0.3963409912994583,0.5950617283950618,False,True,TENNIS_ATP
2024-02-08,Player1,1.27,0.6036923445475115,0.7748226950354611,False,False,TENNIS_ATP
2024-02-10,Player1,1.91,0.3581616444802339,0.5115089514066496,False,True,TENNIS_ATP
2024-02-13,Player1,1.68,0.3929526555158061,0.5789473684210525,False,True,TENNIS_ATP
2024-02-23,Player1,2.07,0.2606922903196151,0.4719387755102041,False,True,TENNIS_ATP
2024-02-24,Player1,1.89,0.3477182046396949,0.5166240409207161,False,False,TENNIS_ATP
2024-02-27,Player1,1.5,0.409773962440714,0.6495327102803737,False,True,TENNIS_ATP
2024-02-28,Player1,1.61,0.4201055186127866,0.6073170731707317,False,True,TENNIS_ATP
2024-03-09,Player1,1.53,0.3972323830199764,0.6348448687350835,False,False,TENNIS_ATP
2024-03-21,Player1,1.6,0.4049886228105633,0.6078431372549019,False,False,TENNIS_ATP
2024-04-08,Player1,1.62,0.4039187564284131,0.6,False,False,TENNIS_ATP
2024-04-08,Player1,1.81,0.3207505123620783,0.5358974358974359,False,False,TENNIS_ATP
2024-04-15,Player1,1.76,0.3292510689414647,0.5521628498727736,False,True,TENNIS_ATP
2024-04-16,Player1,1.6,0.3887800272619074,0.6088019559902201,False,True,TENNIS_ATP
2024-04-25,Player1,1.57,0.3719891369959126,0.6198547215496368,False,True,TENNIS_ATP
2024-05-08,Player1,1.55,0.4019151263864127,0.6265060240963857,False,True,TENNIS_ATP
2024-05-09,Player1,1.48,0.4206284528984678,0.6566125290023201,False,True,TENNIS_ATP
2024-05-09,Player1,1.81,0.3376957818683771,0.5370843989769821,False,True,TENNIS_ATP
2024-05-10,Player1,1.41,0.4778451069643717,0.6934782608695652,False,True,TENNIS_ATP
2024-05-10,Player1,1.71,0.3973320888364647,0.5714285714285714,False,True,TENNIS_ATP
2024-05-11,Player1,2.21,0.2298205520917182,0.4419191919191919,False,False,TENNIS_ATP
2024-05-26,Player1,1.58,0.4061962208194508,0.616504854368932,False,False,TENNIS_ATP
2024-05-26,Player1,1.61,0.4102832708461613,0.6073170731707317,False,True,TENNIS_ATP
2024-05-28,Player1,1.84,0.3250093979892393,0.5306122448979592,False,False,TENNIS_ATP
2024-05-30,Player1,1.5,0.402159005866292,0.6519721577726217,False,True,TENNIS_ATP
2024-05-30,Player1,1.55,0.3784420633282845,0.6291866028708134,False,True,TENNIS_ATP
2024-05-31,Player1,1.38,0.4200589793712672,0.7082452431289641,False,True,TENNIS_ATP
2024-06-25,Player1,1.93,0.3208769305877065,0.502577319587629,False,True,TENNIS_ATP
2024-07-01,Player1,1.82,0.3550873530627627,0.5368956743002545,False,True,TENNIS_ATP
2024-07-01,Player2,1.58,0.307673795330648,0.6183574879227053,False,True,TENNIS_ATP
2024-07-02,Player1,1.49,0.4766551484248893,0.6558891454965358,False,True,TENNIS_ATP
2024-07-02,Player1,1.7,0.3940882181765749,0.575,False,False,TENNIS_ATP
2024-07-06,Player1,1.95,0.3168335518921664,0.5,False,False,TENNIS_ATP
2024-07-06,Player1,1.19,0.4510538364356108,0.8199697428139182,False,True,TENNIS_ATP
2024-07-15,Player2,2.01,0.19388802597110422,0.4832904884318766,False,True,TENNIS_ATP
2024-07-24,Player1,1.76,0.3718099612763823,0.5555555555555556,False,True,TENNIS_ATP
2024-07-25,Player1,1.69,0.4081967565094793,0.5775000000000001,False,False,TENNIS_ATP
2024-07-29,Player1,1.24,0.3960688770915621,0.7824561403508772,False,True,TENNIS_ATP
2024-07-30,Player1,1.52,0.3781744619342103,0.640661938534279,False,True,TENNIS_ATP
2024-08-01,Player1,2.08,0.2684831817515332,0.4693877551020408,False,False,TENNIS_ATP
2024-08-10,Player2,2.46,0.15761376978897235,0.3955773955773957,False,False,TENNIS_ATP
2024-08-10,Player2,2.22,0.18747516383448015,0.43939393939393934,False,False,TENNIS_ATP
2024-08-11,Player2,2.34,0.17811836783035395,0.417910447761194,False,True,TENNIS_ATP
2024-08-16,Player1,2.43,0.257061330204282,0.4073170731707317,False,False,TENNIS_ATP
2024-08-16,Player1,1.65,0.3408586187754566,0.5915841584158417,False,True,TENNIS_ATP
2024-08-20,Player1,1.4,0.41682414282385,0.6956521739130435,False,True,TENNIS_ATP
2024-08-22,Player1,1.44,0.3854111893444636,0.6778523489932886,False,True,TENNIS_ATP
2024-08-23,Player1,1.68,0.4070741911428224,0.582089552238806,False,False,TENNIS_ATP
2024-08-27,Player1,1.32,0.5035732957879733,0.7411764705882352,False,False,TENNIS_ATP
2024-08-27,Player1,2.35,0.2408255317901816,0.4154228855721393,False,True,TENNIS_ATP
2024-08-27,Player1,1.75,0.3999339461591693,0.5580808080808081,False,True,TENNIS_ATP
2024-08-27,Player1,1.33,0.4661350290007875,0.7334669338677354,False,False,TENNIS_ATP
2024-08-27,Player1,1.68,0.3582580996101812,0.582089552238806,False,False,TENNIS_ATP
2024-08-29,Player1,1.93,0.3081934111426286,0.5051282051282052,False,True,TENNIS_ATP
2024-08-29,Player1,1.38,0.4725751976624953,0.7082452431289641,False,True,TENNIS_ATP
2024-08-29,Player1,1.42,0.4362826054427384,0.6858407079646017,False,False,TENNIS_ATP
2024-09-01,Player1,1.35,0.4304293013248607,0.7227926078028747,False,True,TENNIS_ATP
2024-09-19,Player1,2.05,0.2741799299468753,0.4743589743589744,False,False,TENNIS_ATP
2024-09-20,Player1,2.24,0.2946561211811738,0.4357682619647354,False,True,TENNIS_ATP
2024-09-21,Player1,1.8,0.375624727322836,0.5419847328244275,False,False,TENNIS_ATP
2024-09-24,Player1,2.19,0.2494426757238362,0.4455696202531645,False,True,TENNIS_ATP
2024-09-27,Player1,1.65,0.4238881684140855,0.5915841584158417,False,True,TENNIS_ATP
2024-09-29,Player1,2.4,0.2430325083745438,0.4074074074074074,False,False,TENNIS_ATP
2024-10-02,Player1,1.85,0.3085752404315754,0.5280612244897959,False,True,TENNIS_ATP
2024-10-04,Player1,2.26,0.2139889484359073,0.4307304785894207,False,False,TENNIS_ATP
2024-10-16,Player1,1.83,0.3641176980438961,0.5331632653061223,False,False,TENNIS_ATP
2024-10-18,Player1,2.08,0.2876496468494267,0.4693877551020408,False,True,TENNIS_ATP
2024-11-06,Player1,1.98,0.2003591578332263,0.4936061381074168,False,True,TENNIS_ATP
2024-11-06,Player2,1.37,0.4106884744850616,0.7139874739039667,False,True,TENNIS_ATP
2024-11-06,Player1,1.28,0.4950491329204687,0.7620817843866171,False,True,TENNIS_ATP
2024-11-07,Player1,1.88,0.3204862324157705,0.5191815856777493,False,True,TENNIS_ATP
2024-11-08,Player2,1.74,0.28986134471545577,0.561712846347607,False,True,TENNIS_ATP
2024-11-08,Player1,2.0,0.3078354755462784,0.4858611825192801,False,True,TENNIS_ATP
2024-12-31,Player1,1.62,0.3625193993221999,0.6,False,False,TENNIS_ATP
2025-01-07,Player1,1.82,0.3091131780406381,0.5368956743002545,False,True,TENNIS_ATP
2025-01-07,Player1,1.28,0.4863530325820459,0.7589453860640302,False,True,TENNIS_ATP
2025-01-08,Player1,1.71,0.2820086079397647,0.5692695214105793,False,False,TENNIS_ATP
2025-01-10,Player1,2.27,0.2811114107344566,0.4296482412060301,False,False,TENNIS_ATP
2025-01-10,Player1,2.13,0.3009731845931667,0.4580152671755725,False,False,TENNIS_ATP
2025-01-13,Player1,2.09,0.2165597639962856,0.4668367346938776,False,True,TENNIS_ATP
2025-01-13,Player1,1.3,0.5362267891332124,0.7509578544061303,False,False,TENNIS_ATP
2025-01-14,Player1,2.48,0.1981963530017795,0.3936430317848411,False,True,TENNIS_ATP
2025-01-14,Player1,1.93,0.4043791049166013,0.5089058524173028,False,True,TENNIS_ATP
2025-01-14,Player1,1.19,0.5324705291521389,0.8218562874251497,False,True,TENNIS_ATP
2025-01-14,Player1,1.25,0.5486768234708421,0.7818499127399651,False,True,TENNIS_ATP
2025-01-16,Player1,1.72,0.318724974012286,0.566750629722922,False,False,TENNIS_ATP
2025-01-16,Player1,1.22,0.4584391008904321,0.7980132450331127,False,False,TENNIS_ATP
2025-01-30,Player1,2.3,0.2893161832757536,0.4235588972431078,False,True,TENNIS_ATP
2025-02-09,Player2,1.7,0.31163508101264337,0.5728643216080402,False,True,TENNIS_ATP
2025-02-10,Player1,1.6,0.4173488229946096,0.6068796068796068,False,True,TENNIS_ATP
2025-02-12,Player1,1.56,0.339963202021233,0.625,False,True,TENNIS_ATP
2025-02-14,Player1,1.65,0.3853655089099602,0.5935960591133005,False,True,TENNIS_ATP
2025-02-20,Player1,2.3,0.2537248756359393,0.4235588972431078,False,False,TENNIS_ATP
2025-02-26,Player1,1.54,0.4699875100286786,0.6333333333333333,False,True,TENNIS_ATP
2025-02-26,Player1,2.21,0.2938860192747486,0.440506329113924,False,False,TENNIS_ATP
2025-02-28,Player1,1.32,0.5312598647776278,0.7391304347826088,False,True,TENNIS_ATP
2025-03-06,Player1,1.88,0.2602824405717386,0.5167095115681234,False,True,TENNIS_ATP
2025-03-08,Player2,2.48,0.15473336993224718,0.3921568627450981,False,False,TENNIS_ATP
2025-03-09,Player1,1.88,0.3857915658101705,0.5191815856777493,False,False,TENNIS_ATP
2025-03-09,Player1,1.7,0.344510008303077,0.5707070707070707,False,False,TENNIS_ATP
2025-03-19,Player1,1.66,0.4012035214707455,0.585,False,False,TENNIS_ATP
2025-03-20,Player1,1.55,0.4280388439565877,0.6274038461538461,False,False,TENNIS_ATP
2025-03-20,Player1,1.36,0.481296495622364,0.7154811715481172,False,True,TENNIS_ATP
2025-03-21,Player1,1.72,0.3790999294492935,0.5645569620253165,False,False,TENNIS_ATP
2025-03-22,Player1,2.27,0.2505273512424799,0.4267676767676767,False,True,TENNIS_ATP
2025-03-24,Player2,2.18,0.24420493263245935,0.44810126582278487,False,False,TENNIS_ATP
2025-03-25,Player1,1.77,0.3983173188332824,0.5518987341772151,False,True,TENNIS_ATP
2025-03-26,Player1,2.03,0.3367273561054911,0.4808184143222507,False,False,TENNIS_ATP
2025-03-31,Player1,1.61,0.3341514705410112,0.6024691358024691,False,True,TENNIS_ATP
2025-04-01,Player1,1.66,0.363015302707962,0.585,False,False,TENNIS_ATP
2025-04-02,Player1,2.14,0.2969365296403294,0.4568527918781725,False,True,TENNIS_ATP
2025-04-07,Player1,1.63,0.417287468427249,0.5965346534653466,False,True,TENNIS_ATP
2025-04-08,Player1,1.53,0.4147095328310273,0.6348448687350835,False,False,TENNIS_ATP
2025-04-09,Player1,1.74,0.4135246202617478,0.5617128463476071,False,True,TENNIS_ATP
2025-04-14,Player1,1.46,0.4278357108373149,0.665903890160183,False,True,TENNIS_ATP
2025-04-15,Player1,1.71,0.3824248247607006,0.5681818181818182,False,True,TENNIS_ATP
2025-04-23,Player1,2.33,0.2463941195227784,0.4175,False,False,TENNIS_ATP
2025-04-23,Player1,1.64,0.4114785366930252,0.5930521091811414,False,True,TENNIS_ATP
2025-04-23,Player1,1.57,0.4339887902972628,0.6189320388349514,False,True,TENNIS_ATP
2025-04-25,Player1,2.11,0.2924932690118924,0.4631043256997456,False,False,TENNIS_ATP
2025-04-26,Player1,1.56,0.3612457546295242,0.6258992805755395,False,False,TENNIS_ATP
2025-05-07,Player1,1.24,0.3965705915402769,0.7816901408450704,False,True,TENNIS_ATP
2025-05-10,Player1,2.22,0.265749233239679,0.4408060453400503,False,True,TENNIS_ATP
2025-05-10,Player1,2.24,0.2909339838101572,0.4357682619647354,False,True,TENNIS_ATP
2025-05-21,Player1,1.46,0.5172562768742599,0.669683257918552,False,True,TENNIS_ATP
2025-05-22,Player1,1.45,0.4760295933043035,0.6719457013574661,False,True,TENNIS_ATP
2025-05-25,Player1,1.88,0.3619353423919401,0.5191815856777493,False,True,TENNIS_ATP
2025-05-26,Player1,1.41,0.5228763992109363,0.6928104575163399,False,True,TENNIS_ATP
2025-05-27,Player1,1.85,0.3183059223494718,0.5280612244897959,False,True,TENNIS_ATP
2025-05-27,Player1,1.48,0.4671375320658402,0.6613272311212814,False,False,TENNIS_ATP
2025-05-27,Player1,1.3,0.3278370482278493,0.75,False,False,TENNIS_ATP
2025-05-28,Player1,1.25,0.5357332500406102,0.7822299651567944,False,True,TENNIS_ATP
2025-05-30,Player1,1.8,0.356096607004146,0.5419847328244275,False,False,TENNIS_ATP
2025-06-11,Player2,1.65,0.3516709088050054,0.5915841584158417,False,True,TENNIS_ATP
2025-06-23,Player1,1.41,0.4719796262719816,0.6894273127753304,False,True,TENNIS_ATP
2025-06-24,Player1,2.43,0.2363980184572802,0.3999999999999999,False,False,TENNIS_ATP
2025-06-25,Player1,1.49,0.4994665123529183,0.6558891454965358,False,False,TENNIS_ATP
2025-06-30,Player1,1.43,0.4576244719682609,0.6793721973094171,False,True,TENNIS_ATP
2025-07-01,Player1,1.31,0.4207439328873921,0.7405940594059406,False,False,TENNIS_ATP
2025-07-02,Player1,1.62,0.3962884624632608,0.6029411764705883,False,False,TENNIS_ATP
2025-07-02,Player1,1.44,0.4504780155855836,0.6778523489932886,False,True,TENNIS_ATP
2025-07-02,Player1,1.76,0.3987955233909221,0.5555555555555556,False,True,TENNIS_ATP
2025-07-03,Player2,1.81,0.3292787222501774,0.5406091370558376,False,False,TENNIS_ATP
2025-07-28,Player1,1.55,0.3249414386344645,0.6246973365617434,False,True,TENNIS_ATP
2025-07-29,Player1,2.46,0.2489898770817294,0.3955773955773956,False,False,TENNIS_ATP
2025-07-29,Player1,1.53,0.4461174735306769,0.6348448687350835,False,False,TENNIS_ATP
2025-08-07,Player1,1.73,0.2300737276327908,0.5597964376590331,False,True,TENNIS_ATP
2025-08-08,Player1,1.66,0.3995614665497792,0.585,False,False,TENNIS_ATP
2025-08-09,Player2,2.49,0.16363633598354954,0.3926829268292683,False,True,TENNIS_ATP
2025-08-25,Player2,1.55,0.36102630161043936,0.6282973621103118,False,True,TENNIS_ATP
2025-08-27,Player1,1.57,0.335384987111941,0.6216867469879519,False,True,TENNIS_ATP
2025-08-27,Player1,2.09,0.2889833200187375,0.4668367346938776,False,False,TENNIS_ATP
2025-08-31,Player1,1.92,0.3244350986090877,0.5089514066496164,False,True,TENNIS_ATP
2025-09-07,Player1,2.12,0.3275095596362297,0.460559796437659,False,True,TENNIS_ATP
2025-09-19,Player1,1.49,0.4105821505179064,0.6526806526806527,False,True,TENNIS_ATP
2025-09-29,Player1,1.86,0.3072596056066607,0.5218508997429305,False,True,TENNIS_ATP
2025-10-01,Player1,1.95,0.3204078535511784,0.4974226804123712,False,True,TENNIS_ATP
2025-10-02,Player1,1.55,0.4365877256959488,0.6274038461538461,False,True,TENNIS_ATP
2025-10-04,Player1,1.78,0.366882645690149,0.5459183673469388,False,False,TENNIS_ATP
2025-10-13,Player1,1.56,0.4315281534089169,0.6222760290556901,False,True,TENNIS_ATP
2025-10-21,Player1,1.42,0.448173498347746,0.6830357142857143,False,True,TENNIS_ATP
2025-10-30,Player1,2.18,0.2217484512594739,0.4481012658227847,False,False,TENNIS_ATP
2025-10-31,Player1,2.14,0.3275395148537806,0.4568527918781725,False,True,TENNIS_ATP
2025-10-31,Player1,1.81,0.3692627929538697,0.539440203562341,False,False,TENNIS_ATP
2025-11-07,Player1,2.11,0.3331404698505933,0.4631043256997456,False,False,TENNIS_ATP
2025-11-10,Player1,1.46,0.4597933710958487,0.6681818181818181,False,True,TENNIS_ATP
2025-11-11,Player1,1.4,0.4914255493711787,0.6989247311827957,False,False,TENNIS_ATP
2025-11-14,Player1,1.21,0.3863039450430195,0.8070175438596491,False,True,TENNIS_ATP
2026-01-05,Player1,1.54,0.4638877118032232,0.631578947368421,False,True,TENNIS_ATP
2026-01-06,Player1,2.03,0.3356656344632566,0.4781491002570694,False,True,TENNIS_ATP
2026-01-08,Player1,1.69,0.3674627827774081,0.5753768844221105,False,True,TENNIS_ATP
2026-01-12,Player1,2.15,0.3058243077514432,0.4529262086513995,False,False,TENNIS_ATP
2018-01-15,Player1,2.06,0.1271401049199123,0.4731457800511509,False,True,TENNIS_WTA
2018-01-22,Player2,2.6,0.16604832909934608,0.3764988009592325,False,False,TENNIS_WTA
2018-01-30,Player2,2.37,0.14307007438062513,0.4104477611940299,False,True,TENNIS_WTA
2018-01-31,Player2,4.77,0.058396131350741176,0.20500000000000007,False,True,TENNIS_WTA
2018-02-01,Player1,4.74,0.062057859705856,0.2060301507537688,False,False,TENNIS_WTA
2018-03-01,Player2,3.41,0.1475924433734419,0.28810020876826714,False,True,TENNIS_WTA
2018-04-11,Player2,3.6,0.10013420820697339,0.2697768762677486,False,False,TENNIS_WTA
2018-06-25,Player1,4.19,0.0678168498475911,0.2326007326007325,False,False,TENNIS_WTA
2018-07-02,Player2,4.86,0.06896870168582481,0.199341021416804,False,False,TENNIS_WTA
2018-07-31,Player1,5.28,0.0551617340459183,0.1839258114374034,False,False,TENNIS_WTA
2018-08-22,Player2,2.78,0.1624535005433474,0.35198135198135194,False,False,TENNIS_WTA
2018-09-11,Player2,2.51,0.1607235961784439,0.3863080684596577,False,True,TENNIS_WTA
2018-10-17,Player1,2.05,0.1469109800114668,0.4770408163265307,False,True,TENNIS_WTA
2018-10-18,Player2,2.71,0.14302585164274517,0.36235294117647054,False,False,TENNIS_WTA
2018-10-19,Player1,2.28,0.1358646056686152,0.4299999999999999,False,True,TENNIS_WTA
2019-04-23,Player2,5.31,0.03461214221176323,0.18307692307692314,False,False,TENNIS_WTA
2019-07-31,Player2,3.07,0.06952910225510678,0.3177777777777777,False,False,TENNIS_WTA
2019-08-27,Player2,2.8,0.03014298239758839,0.3473193473193473,False,False,TENNIS_WTA
2020-01-09,Player1,2.26,0.0773668259219705,0.435,False,False,TENNIS_WTA
2023-05-22,Player1,1.44,0.1073721323028728,0.6756756756756758,False,True,TENNIS_WTA
2023-05-23,Player1,1.99,0.1366582672356444,0.4884318766066838,False,True,TENNIS_WTA
2023-05-24,Player1,1.85,0.1288799954086013,0.5244215938303342,False,True,TENNIS_WTA
2023-05-25,Player1,1.68,0.1305251721367754,0.58,False,True,TENNIS_WTA
2023-05-25,Player1,2.81,0.10030245070549,0.3480278422273782,False,True,TENNIS_WTA
2023-05-26,Player1,2.88,0.0971450150534542,0.3394495412844037,False,True,TENNIS_WTA
2023-05-26,Player1,2.11,0.1516461526403024,0.4631043256997456,False,True,TENNIS_WTA
2024-07-22,Player2,1.74,0.08857078519991357,0.5572519083969465,False,False,TENNIS_WTA
2024-07-22,Player1,2.31,0.1203639836067137,0.4195979899497487,False,False,TENNIS_WTA
2025-05-20,Player1,3.99,0.060892151171877,0.2428842504743832,False,True,TENNIS_WTA
2025-06-07,Player1,1.42,0.0822105022324456,0.6885964912280702,False,True,TENNIS_WTA
